2022-07-17T18:45:00,8.04972334064901
2022-07-17T18:45:01,7.680389683569328
2022-07-17T18:45:02,7.044117286193462
2022-07-17T18:45:03,6.261311779921827
2022-07-17T18:45:04,5.0780009131358685
2022-07-17T18:45:05,3.5730146894266044
2022-07-17T18:45:06,2.278690709847246
2022-07-17T18:45:07,1.3404937049890748
2022-07-17T18:45:08,1.2452104505409476
2022-07-17T18:45:09,1.2789065337564993
2022-07-17T18:45:10,0.6932421846079053
2022-07-17T18:45:11,-0.6358116004147318
2022-07-17T18:45:12,-2.687819385222326
2022-07-17T18:45:13,-4.26449143745022
2022-07-17T18:45:14,-4.864438064264788
2022-07-17T18:45:15,-4.24652849046754
2022-07-17T18:45:16,-2.8209423727831724
2022-07-17T18:45:17,-1.3827512863538414
2022-07-17T18:45:18,0.08643424169748334
2022-07-17T18:45:19,1.0278941626246818
2022-07-17T18:45:20,2.0031466852402136
2022-07-17T18:45:21,2.6849221110234693
2022-07-17T18:45:22,3.072784396865914
2022-07-17T18:45:23,3.196297971403192
2022-07-17T18:45:24,3.087301109890413
2022-07-17T18:45:25,2.401752313102683
2022-07-17T18:45:26,1.5660215193260203
2022-07-17T18:45:27,0.4885078934268578
2022-07-17T18:45:28,-0.04250628838065972
2022-07-17T18:45:29,0.29006469133250107
2022-07-17T18:45:30,1.4149878139109318
2022-07-17T18:45:31,2.563537389968294
2022-07-17T18:45:32,3.000745189264745
2022-07-17T18:45:33,2.639170937298374
2022-07-17T18:45:34,1.8096483116493882
2022-07-17T18:45:35,1.064426350722272
2022-07-17T18:45:36,0.4852528187989228
2022-07-17T18:45:37,-0.6178715765763885
2022-07-17T18:45:38,-1.4036511884718963
2022-07-17T18:45:39,-1.9297099586575588
2022-07-17T18:45:40,-1.242076128572049
2022-07-17T18:45:41,0.9904142178265704
2022-07-17T18:45:42,3.9235390480427705
2022-07-17T18:45:43,5.9956785852866625
2022-07-17T18:45:44,6.337535934607324
2022-07-17T18:45:45,5.035135967876127
2022-07-17T18:45:46,2.7834713100595807
2022-07-17T18:45:47,0.23852580934563625
2022-07-17T18:45:48,-1.7494049158219853
2022-07-17T18:45:49,-2.7753250624296686
2022-07-17T18:45:50,-2.166748579152203
2022-07-17T18:45:51,-0.8506015889390616
2022-07-17T18:45:52,0.48680165564713934
2022-07-17T18:45:53,0.7346345102124692
2022-07-17T18:45:54,0.022042604689190084
2022-07-17T18:45:55,-1.770020329339879
2022-07-17T18:45:56,-3.7840930318457433
2022-07-17T18:45:57,-5.434177736656755
2022-07-17T18:45:58,-6.048475933526348
2022-07-17T18:45:59,-5.5621671398149255
2022-07-17T18:46:00,-4.085976185726583
2022-07-17T18:46:01,-2.447741501110928
2022-07-17T18:46:02,-1.1264804677922282
2022-07-17T18:46:03,-0.40370801692466185
2022-07-17T18:46:04,-0.015040139368230055
2022-07-17T18:46:05,-0.03234810042313636
2022-07-17T18:46:06,-0.27546323717556026
2022-07-17T18:46:07,-0.4620039102743637
2022-07-17T18:46:08,-0.47063208156842273
2022-07-17T18:46:09,-0.20773925548807276
2022-07-17T18:46:10,0.1606748694099815
2022-07-17T18:46:11,0.6470989648626178
2022-07-17T18:46:12,1.3599643063341171
2022-07-17T18:46:13,1.7390963593746733
2022-07-17T18:46:14,1.5830399405647277
2022-07-17T18:46:15,1.2557136608766404
2022-07-17T18:46:16,1.0147515867967252
2022-07-17T18:46:17,1.0800390599233525
2022-07-17T18:46:18,0.8559659193999707
2022-07-17T18:46:19,0.5713419725401337
2022-07-17T18:46:20,0.020785299815618215
2022-07-17T18:46:21,-0.09694898953585006
2022-07-17T18:46:22,-0.04941768054933675
2022-07-17T18:46:24,-0.2685590268660212
2022-07-17T18:46:25,-0.8386404695735511
2022-07-17T18:46:26,-1.5385646537564472
2022-07-17T18:46:27,-1.6565864048274745
2022-07-17T18:46:29,-1.1051977125562287
2022-07-17T18:46:30,-0.10742416258180731
2022-07-17T18:46:31,0.8444776442427565
2022-07-17T18:46:32,1.7510319154163967
2022-07-17T18:46:33,2.1104514773521954
2022-07-17T18:46:34,1.2181271911014542
2022-07-17T18:46:35,-0.7301225496890449
2022-07-17T18:46:36,-2.764869662875042
2022-07-17T18:46:37,-3.9909091721628673
2022-07-17T18:46:38,-3.998916720158188
2022-07-17T18:46:39,-2.992236952877074
2022-07-17T18:46:40,-1.465111509402979
2022-07-17T18:46:41,-0.11822356539686854
2022-07-17T18:46:42,0.9322686193718241
2022-07-17T18:46:44,0.9018393180845132
2022-07-17T18:46:45,0.5251385288339645
2022-07-17T18:46:46,-0.33755622459167745
2022-07-17T18:46:47,-1.2559808831018684
2022-07-17T18:46:48,-2.176364100100936
2022-07-17T18:46:49,-2.4745699483918138
2022-07-17T18:46:50,-1.3257557654725523
2022-07-17T18:46:51,1.603131807596466
2022-07-17T18:46:52,6.14086007952555
2022-07-17T18:46:53,10.970679728587383
2022-07-17T18:46:54,15.038086570737061
2022-07-17T18:46:55,18.09861144826536
2022-07-17T18:46:56,19.715931177836055
2022-07-17T18:46:58,20.403465225746178
2022-07-17T18:46:59,20.420904161274308
2022-07-17T18:47:00,20.313168050941222
2022-07-17T18:47:01,20.867598285390923
2022-07-17T18:47:02,22.15273994520235
2022-07-17T18:47:03,23.595458825938962
2022-07-17T18:47:04,24.107891040491882
2022-07-17T18:47:05,23.26573979726111
2022-07-17T18:47:07,21.014217268153917
2022-07-17T18:47:08,17.416158655866802
2022-07-17T18:47:09,12.904047223042667
2022-07-17T18:47:10,8.769156517263118
2022-07-17T18:47:24,6.841956685139572
2022-07-17T18:47:25,8.032639371027146
2022-07-17T18:47:26,11.129627757955413
2022-07-17T18:47:27,14.52137938120917
2022-07-17T18:47:28,17.048745640634937
2022-07-17T18:47:29,18.775925033611365
2022-07-17T18:47:31,20.110094324696018
2022-07-17T18:47:32,20.76526311240065
2022-07-17T18:47:33,20.536119625720932
2022-07-17T18:47:34,19.23593115701525
2022-07-17T18:47:36,17.502304905088927
2022-07-17T18:47:37,15.870145785258392
2022-07-17T18:47:38,14.68169549706656
2022-07-17T18:47:39,13.900958232637642
2022-07-17T18:47:40,13.115705045915396
2022-07-17T18:47:41,12.499553398708956
2022-07-17T18:47:42,11.627951045225087
2022-07-17T18:47:43,10.366741985018201
2022-07-17T18:47:44,8.7193826594305
2022-07-17T18:47:46,6.536295995806562
2022-07-17T18:47:47,4.5570540761365415
2022-07-17T18:47:48,2.688273221086469
2022-07-17T18:47:49,1.407060183280954
2022-07-17T18:47:50,0.11903952241783644
2022-07-17T18:47:51,-0.6724809875027208
2022-07-17T18:47:52,-1.5270546644107879
2022-07-17T18:47:53,-2.8297626803978697
2022-07-17T18:47:54,-4.934899395918009
2022-07-17T18:47:55,-7.698682074365936
2022-07-17T18:47:56,-9.800027680355772
2022-07-17T18:47:57,-9.886549860736622
2022-07-17T18:47:58,-7.929691251968012
2022-07-17T18:47:59,-5.1709081311544995
2022-07-17T18:48:00,-3.1725372584938336
2022-07-17T18:48:01,-2.5801749296757173
2022-07-17T18:48:02,-3.727341672931537
2022-07-17T18:48:03,-5.2452142328980385
2022-07-17T18:48:04,-6.482115623579269
2022-07-17T18:48:05,-6.308320986814289
2022-07-17T18:48:06,-4.737389561499289
2022-07-17T18:48:07,-2.679164439001799
2022-07-17T18:48:08,-0.8828623135427521
2022-07-17T18:48:09,0.1388541527891463
2022-07-17T18:48:10,0.28616803470071933
2022-07-17T18:48:12,-0.5936723865453113
2022-07-17T18:48:13,-1.667881218415431
2022-07-17T18:48:14,-2.3976682013563915
2022-07-17T18:48:15,-2.6165208864175615
2022-07-17T18:48:16,-2.2329522046745307
2022-07-17T18:48:17,-1.5132612735589517
2022-07-17T18:48:18,-0.6420188768262348
2022-07-17T18:48:19,0.23118994505957013
2022-07-17T18:48:20,1.0163990696492313
2022-07-17T18:48:21,1.5006777019941
2022-07-17T18:48:22,1.6217176332407603
2022-07-17T18:48:23,1.517153051792015
2022-07-17T18:48:24,1.2786042733740237
2022-07-17T18:48:25,0.834500319752817
2022-07-17T18:48:26,0.18630139240579854
2022-07-17T18:48:27,-0.9211946560073783
2022-07-17T18:48:28,-1.7603080334006107
2022-07-17T18:48:29,-1.9276223039037492
2022-07-17T18:48:30,-1.3584625099740517
2022-07-17T18:48:31,-0.6046286336666914
2022-07-17T18:48:32,0.07929303837612361
2022-07-17T18:48:33,0.28476179098551124
2022-07-17T18:48:34,0.09950225459290277
2022-07-17T18:48:36,-0.3293725736699709
2022-07-17T18:48:37,-0.9313896293400377
2022-07-17T18:48:38,-1.9980941894484636
2022-07-17T18:48:39,-2.5706073791263737
2022-07-17T18:48:40,-2.7909118236888
2022-07-17T18:48:41,-2.3018103177321723
2022-07-17T18:48:42,-1.3182490278151069
2022-07-17T18:48:43,-0.017801700343864548
2022-07-17T18:48:44,1.2391986893530718
2022-07-17T18:48:45,2.3034114483728336
2022-07-17T18:48:46,2.910198317506277
2022-07-17T18:48:47,3.2387003603778277
2022-07-17T18:48:48,3.2528230278591144
2022-07-17T18:48:49,3.082532363614005
2022-07-17T18:48:50,2.6304567890182997
2022-07-17T18:48:51,2.4919060378986964
2022-07-17T18:48:52,2.6012488322182685
2022-07-17T18:48:53,2.8039177538691735
2022-07-17T18:48:54,3.0942644985874197
2022-07-17T18:48:55,3.4879907103427645
2022-07-17T18:48:56,3.8942709251687515
2022-07-17T18:48:57,3.9788234279663333
2022-07-17T18:48:58,3.836090037752225
2022-07-17T18:48:59,3.828281131663912
2022-07-17T18:49:01,4.516983015228197
2022-07-17T18:49:02,6.484323267874969
2022-07-17T18:49:04,10.11113583271725
2022-07-17T18:49:05,15.056753182483385
2022-07-17T18:49:06,20.475878435627
2022-07-17T18:49:07,24.94625549284606
2022-07-17T18:49:08,27.834451544585455
2022-07-17T18:49:09,29.087859521801196
2022-07-17T18:49:10,29.30287227008784
2022-07-17T18:49:12,28.742025333788938
2022-07-17T18:49:13,27.858379166593313
2022-07-17T18:49:14,26.28844571787626
2022-07-17T18:49:15,23.91443924382077
2022-07-17T18:49:16,20.835179424274237
2022-07-17T18:49:17,17.444537622688866
2022-07-17T18:49:18,13.824838011983946
2022-07-17T18:49:19,10.34797355281093
2022-07-17T18:49:20,7.619569418817112
2022-07-17T18:49:21,5.8342340052134105
2022-07-17T18:49:22,4.697214859054746
2022-07-17T18:49:23,3.970332531288132
2022-07-17T18:49:24,3.2759055825710326
2022-07-17T18:49:25,3.1964156627052813
2022-07-17T18:49:26,3.3677121592177164
2022-07-17T18:49:27,4.3121939247929815
2022-07-17T18:49:28,6.182291852918116
2022-07-17T18:49:29,9.296501244043219
2022-07-17T18:49:30,13.532195256628619
2022-07-17T18:49:31,18.055167662065873
2022-07-17T18:49:32,21.82602616357368
2022-07-17T18:49:33,23.82886938294
2022-07-17T18:49:34,23.72210405244329
2022-07-17T18:49:35,22.4370622913312
2022-07-17T18:49:36,20.623395233281617
2022-07-17T18:49:37,18.884179938942584
2022-07-17T18:49:38,16.849698683005695
2022-07-17T18:49:39,15.167197354625426
2022-07-17T18:49:40,14.261916191180084
2022-07-17T18:49:41,14.045941047432786
2022-07-17T18:49:42,14.112030657641125
2022-07-17T18:49:43,13.718022020326925
2022-07-17T18:49:44,12.672590414310857
2022-07-17T18:49:45,11.098555376565729
2022-07-17T18:49:46,9.585153319811726
2022-07-17T18:49:47,8.28286697149354
2022-07-17T18:49:48,7.357167118875104
2022-07-17T18:49:49,6.864645235010641
2022-07-17T18:49:50,6.44963929952298
2022-07-17T18:49:51,6.018526487922447
2022-07-17T18:49:52,5.301669073676505
2022-07-17T18:49:53,4.0927606549743665
2022-07-17T18:49:55,2.44165294818614
2022-07-17T18:49:56,0.967748059742211
2022-07-17T18:49:57,0.25722325957243575
2022-07-17T18:49:58,0.24289273095454036
2022-07-17T18:49:59,0.8544481658918132
2022-07-17T18:50:00,1.2344178627839715
2022-07-17T18:50:01,1.647705532291058
2022-07-17T18:50:02,2.103843006674385
2022-07-17T18:50:03,2.572836508309404
2022-07-17T18:50:04,2.914953716364336
2022-07-17T18:50:05,2.7496261391901777
2022-07-17T18:50:06,2.4415584311060123
2022-07-17T18:50:07,1.8425287850869547
2022-07-17T18:50:08,1.3998850438191681
2022-07-17T18:50:10,1.2201261526642653
2022-07-17T18:50:11,0.768300167156149
2022-07-17T18:50:12,0.16481909397816583
2022-07-17T18:50:13,-1.1989128451711122
2022-07-17T18:50:14,-3.2288992115412047
2022-07-17T18:50:15,-5.214191160809496
2022-07-17T18:50:16,-6.027123835604326
2022-07-17T18:50:17,-4.627130737117317
2022-07-17T18:50:18,-2.106989499280824
2022-07-17T18:50:19,0.40055186729701064
2022-07-17T18:50:20,1.7749542916960872
2022-07-17T18:50:21,1.9850552248783906
2022-07-17T18:50:22,2.0096246135190405
2022-07-17T18:50:23,1.8278564094703118
2022-07-17T18:50:24,1.7076510986990607
2022-07-17T18:50:25,1.6149588660291816
2022-07-17T18:50:26,1.1995720987231993
2022-07-17T18:50:27,0.6330238143213828
2022-07-17T18:50:28,-0.09870160129461092
2022-07-17T18:50:29,-0.776069349233544
2022-07-17T18:50:30,-1.4653755220508593
2022-07-17T18:50:31,-1.9736352284854306
2022-07-17T18:50:32,-1.9797906222669737
2022-07-17T18:50:33,-1.7698235064975976
2022-07-17T18:50:34,-1.0366186033872349
2022-07-17T18:50:35,0.1704148677067828
2022-07-17T18:50:36,1.4909421278510882
2022-07-17T18:50:37,2.6515657881815815
2022-07-17T18:50:38,3.180054555798009
2022-07-17T18:50:39,2.865330124257118
2022-07-17T18:50:40,2.1020268582977857
2022-07-17T18:50:41,1.0162311453016963
2022-07-17T18:50:42,-0.04616430363073827
2022-07-17T18:50:43,-1.3040632660682179
2022-07-17T18:50:44,-2.166008260459272
2022-07-17T18:50:45,-2.9243500072545077
2022-07-17T18:50:46,-3.1003363474013477
2022-07-17T18:50:47,-2.448132682839303
2022-07-17T18:50:48,-0.7527124792377038
2022-07-17T18:50:49,1.6657366307866281
2022-07-17T18:50:50,4.196014317639275
2022-07-17T18:50:51,6.305700046102484
2022-07-17T18:50:52,7.3108174748117944
2022-07-17T18:50:53,6.596336205383481
2022-07-17T18:50:54,4.205606665057686
2022-07-17T18:50:55,0.4555630705296366
2022-07-17T18:50:56,-2.755316737196071
2022-07-17T18:50:57,-4.544914051904579
2022-07-17T18:50:58,-4.634453247906794
2022-07-17T18:50:59,-3.7827532942173683
2022-07-17T18:51:00,-2.815887514322028
2022-07-17T18:51:01,-2.3448342684475856
2022-07-17T18:51:02,-2.243713216027646
2022-07-17T18:51:03,-2.0377270533166967
2022-07-17T18:51:04,-1.2395499230232763
2022-07-17T18:51:05,0.5096689197874843
2022-07-17T18:51:06,2.7865392471754142
2022-07-17T18:51:07,4.378282342020037
2022-07-17T18:51:08,4.813789901569716
2022-07-17T18:51:23,3.9387363992225644
2022-07-17T18:51:24,2.477869509345366
2022-07-17T18:51:25,0.9537705246128548
2022-07-17T18:51:26,-0.13953922194123683
2022-07-17T18:51:27,-0.9487248978889731
2022-07-17T18:51:28,-1.5419553372609853
2022-07-17T18:51:29,-1.7178461645920668
2022-07-17T18:51:30,-1.5579708839594995
2022-07-17T18:51:31,-0.41576417864147497
2022-07-17T18:51:32,1.09847994137865
2022-07-17T18:51:33,2.3844841326009782
2022-07-17T18:51:34,3.0516264750939417
2022-07-17T18:51:35,2.747630155806452
2022-07-17T18:51:36,2.9498871195560334
2022-07-17T18:51:37,4.59975358653256
2022-07-17T18:51:38,8.936074709150372
2022-07-17T18:51:39,14.884061238084918
2022-07-17T18:51:40,20.458101473644216
2022-07-17T18:51:41,24.60364685135552
2022-07-17T18:51:42,26.33179335054876
2022-07-17T18:51:43,26.43612775109693
2022-07-17T18:51:44,25.130973740685864
2022-07-17T18:51:45,23.545565200154048
2022-07-17T18:51:46,22.47015322289083
2022-07-17T18:51:47,21.935914281203697
2022-07-17T18:51:48,21.76156019790615
2022-07-17T18:51:49,21.03445817907769
2022-07-17T18:51:50,19.5441424113454
2022-07-17T18:51:51,17.187620760713198
2022-07-17T18:51:52,14.2465971818964
2022-07-17T18:51:54,11.364840760367242
2022-07-17T18:51:55,8.726906452477808
2022-07-17T18:51:56,6.554341363975567
2022-07-17T18:51:57,4.57861683500752
2022-07-17T18:51:58,3.146539971960303
2022-07-17T18:52:00,2.1502240245674096
2022-07-17T18:52:01,1.2906010482483388
2022-07-17T18:52:02,0.7530452079949856
2022-07-17T18:52:03,0.7376381788891263
2022-07-17T18:52:04,2.1584794072344797
2022-07-17T18:52:05,5.309384215077978
2022-07-17T18:52:06,9.770931152829444
2022-07-17T18:52:07,14.264126606183735
2022-07-17T18:52:08,17.809517824012232
2022-07-17T18:52:09,20.06684376171684
2022-07-17T18:52:10,21.25159151948948
2022-07-17T18:52:11,21.643352973329492
2022-07-17T18:52:12,21.52920427462549
2022-07-17T18:52:13,20.999723682911387
2022-07-17T18:52:14,20.632411422801283
2022-07-17T18:52:15,20.443813216219237
2022-07-17T18:52:16,20.506348794299157
2022-07-17T18:52:17,20.1419297038925
2022-07-17T18:52:18,19.427849338881494
2022-07-17T18:52:19,18.071827204763377
2022-07-17T18:52:20,17.09116869646434
2022-07-17T18:52:21,16.524670641986262
2022-07-17T18:52:22,16.817230098089315
2022-07-17T18:52:23,17.825661059342313
2022-07-17T18:52:24,19.037449797459026
2022-07-17T18:52:25,19.269299588601466
2022-07-17T18:52:26,17.67878721481444
2022-07-17T18:52:27,14.574682045616433
2022-07-17T18:52:29,10.755536646240003
2022-07-17T18:52:30,7.2779314098968495
2022-07-17T18:52:31,4.784551738638825
2022-07-17T18:52:32,3.0739946556099462
2022-07-17T18:52:33,2.3637234339028876
2022-07-17T18:52:34,2.457134007718622
2022-07-17T18:52:35,2.9839379864260267
2022-07-17T18:52:36,3.870416459979864
2022-07-17T18:52:37,4.489042998295625
2022-07-17T18:52:38,4.904778231102712
2022-07-17T18:52:39,5.279346748006125
2022-07-17T18:52:40,6.026177608257133
2022-07-17T18:52:41,6.446526663719363
2022-07-17T18:52:42,6.213890854308804
2022-07-17T18:52:43,5.510243441368335
2022-07-17T18:52:44,4.789683127298523
2022-07-17T18:52:45,4.116394580095354
2022-07-17T18:52:46,3.599819948342126
2022-07-17T18:52:47,2.714807356272123
2022-07-17T18:52:48,1.914529842489571
2022-07-17T18:52:49,1.331351596014405
2022-07-17T18:52:50,0.99846801725939
2022-07-17T18:52:51,0.455273659026109
2022-07-17T18:52:52,-0.24531230765681297
2022-07-17T18:52:53,-1.3269518801557887
2022-07-17T18:52:54,-2.76687289069477
2022-07-17T18:52:55,-4.329097759288618
2022-07-17T18:52:56,-5.359418330931807
2022-07-17T18:52:57,-5.258314883299495
2022-07-17T18:52:58,-3.919466610672784
2022-07-17T18:52:59,-2.291654813362668
2022-07-17T18:53:00,-1.1395361070669012
2022-07-17T18:53:01,-0.33663941579685114
2022-07-17T18:53:02,0.3484835949666294
2022-07-17T18:53:03,0.7734989263487055
2022-07-17T18:53:04,1.4633580604663712
2022-07-17T18:53:05,1.8900327239179053
2022-07-17T18:53:07,2.591158255945335
2022-07-17T18:53:08,3.2984410201225556
2022-07-17T18:53:09,4.008202222431028
2022-07-17T18:53:10,4.522683819993066
2022-07-17T18:53:11,4.5388834866285785
2022-07-17T18:53:12,4.38839496430479
2022-07-17T18:53:13,3.7903963760745576
2022-07-17T18:53:14,3.209607144914217
2022-07-17T18:53:15,2.586436819309953
2022-07-17T18:53:16,2.415968681553197
2022-07-17T18:53:17,3.032051217924941
2022-07-17T18:53:18,3.2678808001103707
2022-07-17T18:53:19,2.365991960663571
2022-07-17T18:53:20,0.7981246234871531
2022-07-17T18:53:21,-0.29297505842446586
2022-07-17T18:53:22,-0.13489918233840528
2022-07-17T18:53:23,0.3869611177538827
2022-07-17T18:53:24,0.7843801586609389
2022-07-17T18:53:25,0.10957846233457588
2022-07-17T18:53:26,-1.3545545305632618
2022-07-17T18:53:27,-3.040603846340065
2022-07-17T18:53:28,-3.298347019160959
2022-07-17T18:53:29,-2.1131888265880487
2022-07-17T18:53:30,-0.0392720348906645
2022-07-17T18:53:31,0.8007852967425905
2022-07-17T18:53:32,0.11955813491022164
2022-07-17T18:53:33,-1.169508423206862
2022-07-17T18:53:35,-1.7423585774935797
2022-07-17T18:53:36,-1.000784599828361
2022-07-17T18:53:37,0.5368513244945813
2022-07-17T18:53:38,2.4584745927303624
2022-07-17T18:53:39,4.583372568830764
2022-07-17T18:53:40,7.276719179523568
2022-07-17T18:53:41,11.017289675061827
2022-07-17T18:53:42,14.610141689300395
2022-07-17T18:53:43,17.98943830297828
2022-07-17T18:53:44,20.66960081800588
2022-07-17T18:53:45,22.74931402199738
2022-07-17T18:53:46,24.317051237156644
2022-07-17T18:53:47,24.955868192485404
2022-07-17T18:53:48,25.147793070800528
2022-07-17T18:53:49,24.944672753134324
2022-07-17T18:53:50,24.771967153568514
2022-07-17T18:53:51,24.53775526139035
2022-07-17T18:53:52,23.88121949582208
2022-07-17T18:53:53,22.155742962147183
2022-07-17T18:53:54,19.152770479931096
2022-07-17T18:53:55,15.215136791752888
2022-07-17T18:53:56,10.751133139412252
2022-07-17T18:53:57,6.432406252180716
2022-07-17T18:53:58,3.334260095101257
2022-07-17T18:53:59,1.7664849355360939
2022-07-17T18:54:00,1.459721770095044
2022-07-17T18:54:01,1.5670800475196431
2022-07-17T18:54:02,1.713838077508852
2022-07-17T18:54:03,1.9875071436642873
2022-07-17T18:54:04,2.4074471473248327
2022-07-17T18:54:05,2.7407546221056527
2022-07-17T18:54:06,3.0392597520365148
2022-07-17T18:54:07,3.652442615469698
2022-07-17T18:54:08,4.850323718052021
2022-07-17T18:54:09,6.196834839901959
2022-07-17T18:54:10,7.452433906385275
2022-07-17T18:54:11,8.691130469944941
2022-07-17T18:54:12,10.442609684779269
2022-07-17T18:54:13,13.875440767084523
2022-07-17T18:54:14,19.52031142866465
2022-07-17T18:54:15,26.514583823825635
2022-07-17T18:54:16,32.061733293324956
2022-07-17T18:54:17,33.91536867929795
2022-07-17T18:54:18,31.321098151714423
2022-07-17T18:54:19,26.33793474264629
2022-07-17T18:54:20,21.196130214632582
2022-07-17T18:54:21,17.289679987507228
2022-07-17T18:54:22,15.25467906674614
2022-07-17T18:54:23,15.292665669099577
2022-07-17T18:54:24,16.26578852834472
2022-07-17T18:54:25,16.19172562809142
2022-07-17T18:54:26,14.495891934192349
2022-07-17T18:54:27,11.81235938612169
2022-07-17T18:54:28,9.330353841581584
2022-07-17T18:54:29,7.981108938462987
2022-07-17T18:54:30,7.498526093699243
2022-07-17T18:54:31,7.640706339828151
2022-07-17T18:54:32,7.847293127756835
2022-07-17T18:54:33,7.4115360722439805
2022-07-17T18:54:34,6.5219196761868625
2022-07-17T18:54:35,5.528103586193085
2022-07-17T18:54:36,4.370741331018828
2022-07-17T18:54:37,2.6560073982102854
2022-07-17T18:54:38,0.8698044365895711
2022-07-17T18:54:39,-0.3439636099755132
2022-07-17T18:54:40,-0.7844177109882854
2022-07-17T18:54:41,-0.6389346597532076
2022-07-17T18:54:42,-0.5285274438555156
2022-07-17T18:54:43,-0.8352730839702792
2022-07-17T18:54:45,-0.7474814206081669
2022-07-17T18:54:46,-0.5137606024174028
2022-07-17T18:54:47,0.04380538894508484
2022-07-17T18:54:48,0.5695122340033203
2022-07-17T18:54:49,0.5382809667509918
2022-07-17T18:54:50,0.005739779782107182
2022-07-17T18:54:51,-0.309655552881057
2022-07-17T18:54:52,0.017297815582317536
2022-07-17T18:54:53,0.7496512095698604
2022-07-17T18:54:54,1.3764618561180617
2022-07-17T18:54:55,1.6946639895024778
2022-07-17T18:54:56,1.3875755405253447
2022-07-17T18:54:57,1.034508879788074
2022-07-17T18:54:58,0.23254257252770819
2022-07-17T18:54:59,-1.418238648669102
2022-07-17T18:55:00,-3.3679214131420454
2022-07-17T18:55:01,-4.537285307627157
2022-07-17T18:55:02,-4.14085975549025
2022-07-17T18:55:03,-2.620192506500713
2022-07-17T18:55:04,-0.7177123161696771
2022-07-17T18:55:05,0.4855361431489503
2022-07-17T18:55:06,1.63946443130158
2022-07-17T18:55:07,3.2612589497092044
2022-07-17T18:55:08,5.171698728833585
2022-07-17T18:55:09,6.545380540969234
2022-07-17T18:55:10,6.602571746744936
2022-07-17T18:55:11,5.0349095611320855
2022-07-17T18:55:12,2.6842879398260977
2022-07-17T18:55:13,0.6590710141664179
2022-07-17T18:55:14,-0.48265234230119114
2022-07-17T18:55:15,-0.8803398161501981
2022-07-17T18:55:16,-0.31170143389482874
2022-07-17T18:55:17,0.3762566949183391
2022-07-17T18:55:18,1.055326199245102
2022-07-17T18:55:19,1.3680205253934186
2022-07-17T18:55:20,1.3022335705416908
2022-07-17T18:55:21,1.2844656121990803
2022-07-17T18:55:22,1.6150475305439989
2022-07-17T18:55:38,2.576169291080833
2022-07-17T18:55:40,3.996353896372676
2022-07-17T18:55:41,5.387715119526189
2022-07-17T18:55:42,5.758959802764146
2022-07-17T18:55:43,4.668316104345094
2022-07-17T18:55:44,2.659731810200274
2022-07-17T18:55:45,0.8159314249660302
2022-07-17T18:55:46,-0.4204630607114347
2022-07-17T18:55:47,-0.8120334587864373
2022-07-17T18:55:48,-0.8260737498269001
2022-07-17T18:55:49,-0.6158316795264459
2022-07-17T18:55:50,-0.4379342517827817
2022-07-17T18:55:51,-0.1887432992365024
2022-07-17T18:55:52,0.23155345234620262
2022-07-17T18:55:53,0.7960560591832652
2022-07-17T18:55:54,1.0483695434166744
2022-07-17T18:55:55,0.8852169349813186
2022-07-17T18:55:56,0.8345163566497747
2022-07-17T18:55:57,0.9464299341303569
2022-07-17T18:55:58,0.871579205235743
2022-07-17T18:55:59,0.05302778209731734
2022-07-17T18:56:00,-1.0700657240826768
2022-07-17T18:56:01,-2.0605811521154833
2022-07-17T18:56:02,-1.5507544765388408
2022-07-17T18:56:03,0.6167435486546377
2022-07-17T18:56:04,4.420817419029795
2022-07-17T18:56:05,9.58954133980041
2022-07-17T18:56:06,14.588544210186077
2022-07-17T18:56:07,18.230387255821437
2022-07-17T18:56:08,19.037986474814147
2022-07-17T18:56:09,16.98170968449973
2022-07-17T18:56:10,13.562019873275704
2022-07-17T18:56:11,10.89739044382956
2022-07-17T18:56:12,10.56257760862425
2022-07-17T18:56:13,11.803992117157893
2022-07-17T18:56:14,13.67740712883144
2022-07-17T18:56:15,14.816582010756694
2022-07-17T18:56:16,15.557748064986955
2022-07-17T18:56:17,16.471043330677055
2022-07-17T18:56:18,16.985055257233462
2022-07-17T18:56:19,17.083932068393
2022-07-17T18:56:20,16.399433658919445
2022-07-17T18:56:21,15.28452146628704
2022-07-17T18:56:22,13.682667205698062
2022-07-17T18:56:23,11.566981342105569
2022-07-17T18:56:24,9.266284337367667
2022-07-17T18:56:25,7.2166326752385554
2022-07-17T18:56:26,5.915695861572351
2022-07-17T18:56:27,5.401744588019168
2022-07-17T18:56:28,5.321361595383531
2022-07-17T18:56:29,5.420873046839394
2022-07-17T18:56:30,5.304323232308106
2022-07-17T18:56:31,4.749107581511606
2022-07-17T18:56:32,3.8814043814053014
2022-07-17T18:56:33,2.8646330728190255
2022-07-17T18:56:34,2.46441968921723
2022-07-17T18:56:35,2.9730243264488796
2022-07-17T18:56:36,4.280592644408303
2022-07-17T18:56:37,5.575235063365687
2022-07-17T18:56:38,6.616109983726488
2022-07-17T18:56:39,7.606940284761347
2022-07-17T18:56:40,8.978877189940091
2022-07-17T18:56:42,11.306151896439756
2022-07-17T18:56:43,14.461316307031383
2022-07-17T18:56:44,17.847864900293903
2022-07-17T18:56:45,21.090862156684846
2022-07-17T18:56:46,23.46699524923222
2022-07-17T18:56:47,24.8394329528096
2022-07-17T18:56:48,25.31346617829549
2022-07-17T18:56:49,25.155968727386373
2022-07-17T18:56:50,24.334621532750845
2022-07-17T18:56:51,22.916435348626397
2022-07-17T18:56:52,20.869077788825958
2022-07-17T18:56:53,18.007220732753968
2022-07-17T18:56:54,13.969531464220035
2022-07-17T18:56:55,9.546449248445231
2022-07-17T18:56:57,5.724136663856706
2022-07-17T18:56:58,3.8293243640751045
2022-07-17T18:57:00,3.9830619361079327
2022-07-17T18:57:01,5.124580654427425
2022-07-17T18:57:02,6.190165482244662
2022-07-17T18:57:03,6.92025305109511
2022-07-17T18:57:04,7.1909810486065675
2022-07-17T18:57:05,6.842022390653878
2022-07-17T18:57:06,5.92012946090053
2022-07-17T18:57:07,4.857755705555278
2022-07-17T18:57:08,3.4253480308283657
2022-07-17T18:57:09,2.1160076294063916
2022-07-17T18:57:10,0.7388207526657103
2022-07-17T18:57:11,-0.4436113093309524
2022-07-17T18:57:12,-1.535599591042974
2022-07-17T18:57:13,-2.178981013113481
2022-07-17T18:57:14,-2.891339714856599
2022-07-17T18:57:15,-3.390952534384751
2022-07-17T18:57:16,-3.4734803178302314
2022-07-17T18:57:17,-2.6514079941617243
2022-07-17T18:57:18,-1.14783991275418
2022-07-17T18:57:19,0.6173158017741893
2022-07-17T18:57:20,1.6889707385482828
2022-07-17T18:57:21,1.8389874469878353
2022-07-17T18:57:22,1.32453723830255
2022-07-17T18:57:23,0.6720197026651478
2022-07-17T18:57:24,-0.17972442155042737
2022-07-17T18:57:25,-0.8025465293704245
2022-07-17T18:57:26,-1.1420844518715811
2022-07-17T18:57:27,-1.3042224684518933
2022-07-17T18:57:28,-1.5015773500154141
2022-07-17T18:57:29,-1.8569984504920958
2022-07-17T18:57:30,-2.4981458422770024
2022-07-17T18:57:31,-3.164779874132434
2022-07-17T18:57:32,-3.742813165294582
2022-07-17T18:57:33,-3.826259096030241
2022-07-17T18:57:34,-3.023396443489887
2022-07-17T18:57:35,-1.369761121372896
2022-07-17T18:57:36,0.4244064358843627
2022-07-17T18:57:37,1.8637155337571112
2022-07-17T18:57:38,2.6139555210087884
2022-07-17T18:57:39,2.8314816474640154
2022-07-17T18:57:40,2.7843652139727713
2022-07-17T18:57:41,2.7797493077581645
2022-07-17T18:57:42,2.768678321057406
2022-07-17T18:57:43,2.388058303635524
2022-07-17T18:57:44,1.2518828840142797
2022-07-17T18:57:45,-0.03648797018073426
2022-07-17T18:57:46,-1.025365829396856
2022-07-17T18:57:47,-1.2431170250382306
2022-07-17T18:57:48,-1.187865472110775
2022-07-17T18:57:49,-0.7346173992147366
2022-07-17T18:57:50,-0.18817389794245173
2022-07-17T18:57:51,0.6263126082327314
2022-07-17T18:57:52,1.3216320164559128
2022-07-17T18:57:53,1.7889115174165702
2022-07-17T18:57:54,1.8633431894695613
2022-07-17T18:57:55,1.7620242394935146
2022-07-17T18:57:56,1.7094596763187622
2022-07-17T18:57:57,2.472061809489683
2022-07-17T18:57:58,4.1141647643154755
2022-07-17T18:57:59,6.608755291376518
2022-07-17T18:58:00,9.583459721659205
2022-07-17T18:58:01,12.903581353063753
2022-07-17T18:58:02,16.199428264384814
2022-07-17T18:58:03,19.188686380579796
2022-07-17T18:58:04,21.68487352134215
2022-07-17T18:58:05,23.848770954977933
2022-07-17T18:58:06,25.505726724650884
2022-07-17T18:58:07,26.290868949034824
2022-07-17T18:58:08,26.07484357068864
2022-07-17T18:58:09,24.962326422531405
2022-07-17T18:58:10,22.819014721435448
2022-07-17T18:58:11,19.484376288007276
2022-07-17T18:58:12,15.493606691148013
2022-07-17T18:58:13,11.62414229207952
2022-07-17T18:58:14,9.215323521287033
2022-07-17T18:58:15,8.334127964854302
2022-07-17T18:58:16,9.037862804997992
2022-07-17T18:58:17,10.586286806280864
2022-07-17T18:58:18,12.370673209910848
2022-07-17T18:58:19,12.76012135705667
2022-07-17T18:58:20,11.379159334825912
2022-07-17T18:58:21,8.384695913355321
2022-07-17T18:58:22,5.056625215702551
2022-07-17T18:58:23,2.3088126911870193
2022-07-17T18:58:24,0.7598504213835326
2022-07-17T18:58:25,0.08598280675846116
2022-07-17T18:58:26,0.5481068437546743
2022-07-17T18:58:27,1.803729729449848
2022-07-17T18:58:28,3.636121366106718
2022-07-17T18:58:30,5.516446941305119
2022-07-17T18:58:31,7.414704502733382
2022-07-17T18:58:32,8.82904238712401
2022-07-17T18:58:33,10.251855317067372
2022-07-17T18:58:34,11.696652226911013
2022-07-17T18:58:35,13.23272360116231
2022-07-17T18:58:36,14.70931131400772
2022-07-17T18:58:37,16.356949243290327
2022-07-17T18:58:38,18.071143051975955
2022-07-17T18:58:39,19.76820741566244
2022-07-17T18:58:40,21.0448735357936
2022-07-17T18:58:41,21.706392504289767
2022-07-17T18:58:42,21.024797649636437
2022-07-17T18:58:43,18.66162693156077
2022-07-17T18:58:44,14.572651001694629
2022-07-17T18:58:45,10.243136179396158
2022-07-17T18:58:46,6.632171045536916
2022-07-17T18:58:47,4.267358279914291
2022-07-17T18:58:48,3.005846062476156
2022-07-17T18:58:49,2.484997821928137
2022-07-17T18:58:50,2.618312497774073
2022-07-17T18:58:51,2.8422240759613064
2022-07-17T18:58:52,3.352242427085433
2022-07-17T18:58:53,4.516338047336102
2022-07-17T18:58:54,5.640798191560497
2022-07-17T18:58:55,6.006512108934963
2022-07-17T18:58:56,5.050155107007828
2022-07-17T18:58:57,3.5926104168857487
2022-07-17T18:58:58,2.271021276451678
2022-07-17T18:58:59,1.5582702780690758
2022-07-17T18:59:00,1.3527014234901582
2022-07-17T18:59:01,1.1938257350744002
2022-07-17T18:59:02,1.6441712648172446
2022-07-17T18:59:03,2.220170046977101
2022-07-17T18:59:04,2.303273108266774
2022-07-17T18:59:05,1.584914352210796
2022-07-17T18:59:06,0.16862494014385354
2022-07-17T18:59:07,-1.294276210917168
2022-07-17T18:59:08,-1.9337439683495947
2022-07-17T18:59:09,-2.080962506740471
2022-07-17T18:59:10,-2.0506044098250844
2022-07-17T18:59:11,-2.080200287729631
2022-07-17T18:59:12,-2.373488949182386
2022-07-17T18:59:13,-2.689800854009645
2022-07-17T18:59:14,-2.8772588465904754
2022-07-17T18:59:15,-2.394542535199121
2022-07-17T18:59:16,-1.2526555160693496
2022-07-17T18:59:17,0.4184161815621877
2022-07-17T18:59:18,1.7942153559089096
2022-07-17T18:59:19,2.138511889272909
2022-07-17T18:59:20,2.1855565791593525
2022-07-17T18:59:21,1.9490378210806478
2022-07-17T18:59:22,1.5284141758679761
2022-07-17T18:59:23,0.7498421730594116
2022-07-17T18:59:24,-0.2008577614749414
2022-07-17T18:59:25,-0.4938321177497525
2022-07-17T18:59:26,-0.33163284812688837
2022-07-17T18:59:27,0.26260292567201016
2022-07-17T18:59:28,0.4584768139337328
2022-07-17T18:59:29,0.5417907968254569
2022-07-17T18:59:30,-0.05471823132463986
2022-07-17T18:59:31,-1.753297087290175
2022-07-17T18:59:32,-4.031315486216506
2022-07-17T18:59:33,-5.691459305771313
2022-07-17T18:59:34,-5.639303749040786
2022-07-17T18:59:35,-3.830930463526793
2022-07-17T18:59:36,-1.3628184506518564
2022-07-17T18:59:37,0.7426687261627246
2022-07-17T18:59:38,1.8395739245070153
2022-07-17T18:59:39,2.1348987311508703
2022-07-17T18:59:40,1.9451764974459052
2022-07-17T18:59:41,2.0814349281164177
2022-07-17T18:59:42,2.80021546876548
2022-07-17T18:59:43,4.034406303495102
2022-07-17T18:59:44,5.0551855976834075
2022-07-17T18:59:45,5.7226855801997125
2022-07-17T18:59:46,6.15421621402573
2022-07-17T18:59:47,6.368350529707557
2022-07-17T18:59:48,6.171123197216578
2022-07-17T18:59:49,5.533193798421616
2022-07-17T18:59:50,4.787776268767344
2022-07-17T18:59:51,3.8244000162582488
2022-07-17T18:59:52,2.9341033921938284
2022-07-17T18:59:53,1.8448108514662684
2022-07-17T18:59:54,0.873518314797823
2022-07-17T18:59:55,0.9854552767837946
2022-07-17T18:59:56,1.807905543128553
2022-07-17T18:59:57,2.560671466630528
2022-07-17T18:59:58,2.6776672549018747
2022-07-17T18:59:59,2.280892656831667
2022-07-17T19:00:00,1.881502540356633
2022-07-17T19:00:01,1.8766273649055023
2022-07-17T19:00:02,2.0810819752824092
2022-07-17T19:00:03,2.066079006578089
2022-07-17T19:00:04,1.7417185525930423
2022-07-17T19:00:05,1.1265557707294922
2022-07-17T19:00:06,0.5582571701887037
2022-07-17T19:00:07,0.9471726592989179
2022-07-17T19:00:08,2.3987480497572498
2022-07-17T19:00:09,4.597133893709993
2022-07-17T19:00:10,7.030742979053854
2022-07-17T19:00:11,9.277505758922889
2022-07-17T19:00:12,11.713888291013701
2022-07-17T19:00:13,14.37638035565905
2022-07-17T19:00:14,17.32391182948304
2022-07-17T19:00:15,20.547867352352565
2022-07-17T19:00:16,23.586963761668333
2022-07-17T19:00:17,25.792151063703653
2022-07-17T19:00:18,26.690452120878863
2022-07-17T19:00:19,26.34572100954979
2022-07-17T19:00:20,25.442392131293055
2022-07-17T19:00:21,24.579807903821226
2022-07-17T19:00:22,23.718092464597444
2022-07-17T19:00:23,22.093693845115048
2022-07-17T19:00:24,19.611091642035763
2022-07-17T19:00:25,16.21047939365411
2022-07-17T19:00:26,12.063084792678794
2022-07-17T19:00:27,7.913479006239596
2022-07-17T19:00:28,4.694954329817887
2022-07-17T19:00:29,2.927745898949474
2022-07-17T19:00:30,3.0588172429835416
2022-07-17T19:00:31,4.308420923224101
2022-07-17T19:00:32,5.965170028795399
2022-07-17T19:00:33,6.949795995775393
2022-07-17T19:00:34,6.908289009639905
2022-07-17T19:00:35,5.76941008763274
2022-07-17T19:00:36,4.560574365378222
2022-07-17T19:00:37,4.138946194071096
2022-07-17T19:00:38,5.083588430631797
2022-07-17T19:00:39,7.366017909624198
2022-07-17T19:00:40,10.393426831174635
2022-07-17T19:00:41,13.375111671450172
2022-07-17T19:00:42,15.754117279512048
2022-07-17T19:00:43,17.61765057369288
2022-07-17T19:00:44,19.219372598037292
2022-07-17T19:00:45,20.618087096335888
2022-07-17T19:00:46,22.036628509286533
2022-07-17T19:00:47,23.143201342841696
2022-07-17T19:00:48,23.84333593892711
2022-07-17T19:00:49,23.923764523296118
2022-07-17T19:00:51,23.494915592177897
2022-07-17T19:00:52,22.591195446853515
2022-07-17T19:00:53,21.010181916535583
2022-07-17T19:00:54,19.256021445967168
2022-07-17T19:00:55,17.399666541151383
2022-07-17T19:00:56,15.87438612629148
2022-07-17T19:00:57,14.167668353131084
2022-07-17T19:00:58,11.931062600761685
2022-07-17T19:00:59,9.07338980843813
2022-07-17T19:01:00,6.0910083771720265
2022-07-17T19:01:01,3.450682981898379
2022-07-17T19:01:02,1.5798898726545412
2022-07-17T19:01:03,0.5772690419973885
2022-07-17T19:01:04,0.16346116924963222
2022-07-17T19:01:05,0.0
2022-07-17T19:01:06,0.0
2022-07-17T19:01:07,0.0
2022-07-17T19:01:08,0.0
2022-07-17T19:01:09,0.0
2022-07-17T19:01:10,0.0
2022-07-17T19:01:11,0.0
2022-07-17T19:01:12,0.0
2022-07-17T19:01:13,0.0
2022-07-17T19:01:14,0.0
2022-07-17T19:01:15,0.0
2022-07-17T19:01:16,0.0
2022-07-17T19:01:17,0.0
2022-07-17T19:01:18,0.0
2022-07-17T19:01:19,0.0
2022-07-17T19:01:20,0.0
2022-07-17T19:01:21,0.0
2022-07-17T19:01:22,0.0
2022-07-17T19:01:23,0.0
2022-07-17T19:01:24,0.0
2022-07-17T19:01:25,0.0
2022-07-17T19:01:26,0.0
2022-07-17T19:01:27,0.0
2022-07-17T19:01:28,0.0
2022-07-17T19:01:29,0.0
2022-07-17T19:01:30,0.0
2022-07-17T19:01:31,0.0
2022-07-17T19:01:32,0.0
2022-07-17T19:01:33,0.0
2022-07-17T19:01:34,0.0
2022-07-17T19:01:35,0.0
2022-07-17T19:01:36,0.0
2022-07-17T19:01:37,0.0
2022-07-17T19:01:38,0.0
2022-07-17T19:01:39,0.0
2022-07-17T19:01:40,0.0
2022-07-17T19:01:41,0.0
2022-07-17T19:01:42,0.0
2022-07-17T19:01:43,0.0
2022-07-17T19:01:44,0.0
2022-07-17T19:01:45,0.0
2022-07-17T19:01:46,0.0
2022-07-17T19:01:47,0.0
2022-07-17T19:01:48,0.0
2022-07-17T19:01:49,0.0
2022-07-17T19:01:50,0.0
2022-07-17T19:01:51,0.0
2022-07-17T19:01:52,0.0
2022-07-17T19:01:53,0.0
2022-07-17T19:01:54,0.0
2022-07-17T19:01:55,0.0
2022-07-17T19:01:56,0.0
2022-07-17T19:01:57,0.0
2022-07-17T19:01:58,0.0
2022-07-17T19:01:59,0.0
2022-07-17T19:02:00,3.443
2022-07-17T19:02:01,9.0308
2022-07-17T19:02:02,12.702
2022-07-17T19:02:03,18.389
2022-07-17T19:02:04,22.027
2022-07-17T19:02:05,27.993
2022-07-17T19:02:06,26.227
2022-07-17T19:02:07,18.795
2022-07-17T19:02:08,15.229
2022-07-17T19:02:09,14.3
2022-07-17T19:02:10,15.024
2022-07-17T19:02:11,15.764
2022-07-17T19:02:12,15.888
2022-07-17T19:02:13,12.45
2022-07-17T19:02:14,8.8285
2022-07-17T19:02:15,5.0224
2022-07-17T19:02:16,3.7208
2022-07-17T19:02:17,1.2073
2022-07-17T19:02:18,1.3405
2022-07-17T19:02:19,3.5912
2022-07-17T19:02:20,3.7975
2022-07-17T19:02:21,2.4656
2022-07-17T19:02:22,5.4789
2022-07-17T19:02:23,10.673
2022-07-17T19:02:24,12.327
2022-07-17T19:02:25,16.533
2022-07-17T19:02:26,21.835
2022-07-17T19:02:27,22.564
2022-07-17T19:02:28,21.396
2022-07-17T19:02:29,18.968
2022-07-17T19:02:30,16.613
2022-07-17T19:02:31,16.722
2022-07-17T19:02:32,17.717
2022-07-17T19:02:33,15.482
2022-07-17T19:02:34,11.482
2022-07-17T19:02:35,7.2777
2022-07-17T19:02:36,8.042
2022-07-17T19:02:37,9.4805
2022-07-17T19:02:38,9.5805
2022-07-17T19:02:39,9.7583
2022-07-17T19:02:40,11.069
2022-07-17T19:02:41,14.656
2022-07-17T19:02:42,15.782
2022-07-17T19:02:43,12.88
2022-07-17T19:02:44,10.957
2022-07-17T19:02:45,12.685
2022-07-17T19:02:46,14.473
2022-07-17T19:02:47,14.898
2022-07-17T19:02:48,14.394
2022-07-17T19:02:49,13.71
2022-07-17T19:02:50,13.296
2022-07-17T19:02:51,12.991
