Time,Longitude,Latitude,ortho_fit
2022-07-17T18:45:00.797,-115.17309,36.194887,2498.57853022897
2022-07-17T18:45:01.797,-115.173476,36.195037,2488.2101799818
2022-07-17T18:45:02.195,-115.173626,36.195102,2484.02565328098
2022-07-17T18:45:03.398,-115.174055,36.195295,2471.53795116928
2022-07-17T18:45:04.594,-115.174484,36.195509,2459.22672515568
2022-07-17T18:45:05.594,-115.174849,36.195681,2449.03792998443
2022-07-17T18:45:06.195,-115.175042,36.19581,2443.08598696163
2022-07-17T18:45:07.398,-115.17545,36.196046,2431.70905767147
2022-07-17T18:45:08.195,-115.175707,36.196239,2424.78587157418
2022-07-17T18:45:09.398,-115.176094,36.196496,2415.66188070547
2022-07-17T18:45:10.398,-115.176394,36.196711,2409.31772444587
2022-07-17T18:45:11.797,-115.176845,36.197033,2402.59538661255
2022-07-17T18:45:12.594,-115.177081,36.197205,2399.67597251377
2022-07-17T18:45:13.195,-115.177252,36.197355,2397.71739202852
2022-07-17T18:45:14.594,-115.177681,36.197655,2393.17523263917
2022-07-17T18:45:15.195,-115.177853,36.197805,2391.16157928829
2022-07-17T18:45:16.195,-115.178132,36.19802,2387.54673381684
2022-07-17T18:45:17.797,-115.178604,36.198363,2380.64926337865
2022-07-17T18:45:18.594,-115.17884,36.198535,2376.37426732672
2022-07-17T18:45:19.195,-115.179012,36.198664,2372.67944662647
2022-07-17T18:45:20.594,-115.17942,36.198964,2362.29558410344
2022-07-17T18:45:21.797,-115.179763,36.199222,2351.61150619745
2022-07-17T18:45:22.398,-115.179935,36.19935,2345.95973593778
2022-07-17T18:45:23.594,-115.180256,36.199608,2334.61493787589
2022-07-17T18:45:24.398,-115.180492,36.19978,2327.28000363472
2022-07-17T18:45:25.797,-115.180857,36.20008,2315.7644844299
2022-07-17T18:45:26.398,-115.181029,36.200209,2311.41016416622
2022-07-17T18:45:27.594,-115.181351,36.200466,2303.68187791896
2022-07-17T18:45:28.594,-115.181608,36.200681,2297.65607447215
2022-07-17T18:45:29.398,-115.181823,36.200852,2292.82484578449
2022-07-17T18:45:30.594,-115.182123,36.201088,2285.2263898298
2022-07-17T18:45:31.594,-115.182381,36.201303,2278.41170444281
2022-07-17T18:45:32.195,-115.182552,36.20141,2274.12144350785
2022-07-17T18:45:33.195,-115.18281,36.201625,2266.60898217994
2022-07-17T18:45:34.594,-115.183175,36.201904,2255.24282777107
2022-07-17T18:45:35.398,-115.183368,36.202054,2248.11937419123
2022-07-17T18:45:36.398,-115.183625,36.202269,2238.73005058977
2022-07-17T18:45:37.398,-115.183883,36.202462,2228.80579382472
2022-07-17T18:45:38.797,-115.184226,36.202741,2214.4955578579
2022-07-17T18:45:39.797,-115.184462,36.202934,2204.89693813772
2022-07-17T18:45:40.398,-115.184612,36.203063,2199.5907494186
2022-07-17T18:45:41.195,-115.184805,36.203213,2193.08884604261
2022-07-17T18:45:42.594,-115.18517,36.203492,2183.15970095769
2022-07-17T18:45:43.797,-115.185471,36.203728,2176.43783613712
2022-07-17T18:45:44.195,-115.185578,36.203792,2174.62413267502
2022-07-17T18:45:45.594,-115.185921,36.204071,2169.64899209569
2022-07-17T18:45:46.398,-115.186114,36.204221,2167.68303858387
2022-07-17T18:45:47.797,-115.186458,36.204479,2165.57854553253
2022-07-17T18:45:48.797,-115.186694,36.204672,2165.0357988687
2022-07-17T18:45:49.195,-115.186779,36.204758,2165.00325618124
2022-07-17T18:45:50.195,-115.186994,36.204951,2165.31325276593
2022-07-17T18:45:51.797,-115.187337,36.205251,2166.28395930759
2022-07-17T18:45:52.195,-115.187423,36.205316,2166.4828719662
2022-07-17T18:45:53.594,-115.187724,36.205552,2166.91924231672
2022-07-17T18:45:54.594,-115.187938,36.205702,2166.99992529876
2022-07-17T18:45:55.797,-115.188174,36.205895,2167.0
2022-07-17T18:45:56.594,-115.188324,36.206024,2167.0
2022-07-17T18:45:57.398,-115.188475,36.206152,2167.0
2022-07-17T18:45:58.797,-115.188754,36.206346,2167.0
2022-07-17T18:45:59.195,-115.188818,36.20641,2167.0
2022-07-17T18:46:00.797,-115.189118,36.206646,2167.0
2022-07-17T18:46:01.797,-115.18929,36.206796,2167.0
2022-07-17T18:46:02.797,-115.189483,36.206946,2167.0
2022-07-17T18:46:03.398,-115.18959,36.207032,2167.0
2022-07-17T18:46:04.594,-115.189805,36.207204,2166.91828816939
2022-07-17T18:46:05.797,-115.190041,36.207397,2166.48221731875
2022-07-17T18:46:06.594,-115.190213,36.207526,2166.09804229438
2022-07-17T18:46:07.797,-115.19047,36.20774,2165.40498772352
2022-07-17T18:46:08.195,-115.190556,36.207805,2165.18288901883
2022-07-17T18:46:09.594,-115.190899,36.208062,2164.95317598953
2022-07-17T18:46:10.797,-115.1912,36.208298,2166.25169570151
2022-07-17T18:46:11.594,-115.191414,36.208448,2168.03682142917
2022-07-17T18:46:12.398,-115.191629,36.20862,2170.50035017702
2022-07-17T18:46:13.398,-115.191908,36.208813,2174.48902575116
2022-07-17T18:46:14.594,-115.192251,36.209071,2180.66639592182
2022-07-17T18:46:15.594,-115.19253,36.209285,2186.53546425656
2022-07-17T18:46:16.398,-115.192745,36.209478,2191.53411332587
2022-07-17T18:46:17.594,-115.193088,36.209757,2199.29924187451
2022-07-17T18:46:18.195,-115.19326,36.209886,2203.23792671144
2022-07-17T18:46:19.398,-115.193624,36.210186,2210.6351364778
2022-07-17T18:46:20.195,-115.193861,36.21038,2214.60217379729
2022-07-17T18:46:21.195,-115.194161,36.210616,2218.26831485834
2022-07-17T18:46:22.797,-115.194654,36.211023,2219.68955548744
2022-07-17T18:46:24.594,-115.195234,36.211474,2228.17546521725
2022-07-17T18:46:25.398,-115.195491,36.211667,2234.93663376708
2022-07-17T18:46:26.594,-115.195899,36.211967,2247.75522118049
2022-07-17T18:46:27.195,-115.196071,36.212139,2255.28909715798
2022-07-17T18:46:29.398,-115.196757,36.212697,2287.79748652903
2022-07-17T18:46:30.398,-115.197058,36.212955,2304.42220735461
2022-07-17T18:46:31.195,-115.197294,36.213169,2318.19316453836
2022-07-17T18:46:32.594,-115.197701,36.213534,2342.94471713596
2022-07-17T18:46:33.797,-115.198066,36.213856,2364.23463211409
2022-07-17T18:46:34.195,-115.198195,36.213963,2371.1745218728
2022-07-17T18:46:35.398,-115.19856,36.214285,2391.54147471272
2022-07-17T18:46:36.594,-115.198903,36.214585,2410.20550273051
2022-07-17T18:46:37.195,-115.199075,36.214757,2418.74369565487
2022-07-17T18:46:38.594,-115.199504,36.215122,2440.1242650546
2022-07-17T18:46:39.195,-115.199676,36.215293,2449.73577042963
2022-07-17T18:46:40.398,-115.20004,36.215615,2468.97907316144
2022-07-17T18:46:41.797,-115.200448,36.216002,2491.70900386272
2022-07-17T18:46:42.797,-115.200748,36.216259,2508.49495316146
2022-07-17T18:46:44.195,-115.201178,36.216645,2532.67405891999
2022-07-17T18:46:45.398,-115.201521,36.216967,2553.82350265288
2022-07-17T18:46:46.398,-115.2018,36.217225,2571.06873274182
2022-07-17T18:46:47.398,-115.202079,36.217504,2587.74810019682
2022-07-17T18:46:48.398,-115.202358,36.217761,2603.60691790299
2022-07-17T18:46:49.594,-115.202701,36.218061,2620.80438962008
2022-07-17T18:46:50.195,-115.202851,36.218233,2628.68662046228
2022-07-17T18:46:51.398,-115.203173,36.218534,2643.31813439635
2022-07-17T18:46:52.195,-115.203388,36.218748,2652.79959368392
2022-07-17T18:46:53.398,-115.20371,36.219049,2667.04875281494
2022-07-17T18:46:54.398,-115.203989,36.219327,2678.42498101826
2022-07-17T18:46:55.594,-115.204268,36.219649,2691.32496227204
2022-07-17T18:46:56.195,-115.204396,36.219842,2697.6824922985
2022-07-17T18:46:58.594,-115.204825,36.220593,2724.5813676541
2022-07-17T18:46:59.398,-115.204933,36.220851,2735.17742003935
2022-07-17T18:47:00.594,-115.205019,36.221259,2752.06409294437
2022-07-17T18:47:01.797,-115.205061,36.221688,2769.32036533987
2022-07-17T18:47:02.797,-115.205061,36.222031,2783.54031796552
2022-07-17T18:47:03.797,-115.205019,36.222374,2797.4415987167
2022-07-17T18:47:04.398,-115.204976,36.222589,2805.64715344015
2022-07-17T18:47:05.195,-115.20489,36.222868,2816.37869992413
2022-07-17T18:47:07.797,-115.204439,36.223726,2849.10891500706
2022-07-17T18:47:08.594,-115.204246,36.223984,2857.83377258018
2022-07-17T18:47:09.398,-115.204031,36.22422,2865.16631930158
2022-07-17T18:47:10.594,-115.203667,36.224563,2871.45814132475
2022-07-17T18:47:24.797,-115.198731,36.228147,3068.42860941018
2022-07-17T18:47:25.195,-115.198581,36.228232,3067.43449113639
2022-07-17T18:47:26.398,-115.198088,36.228533,3065.37115482636
2022-07-17T18:47:27.797,-115.19753,36.228855,3065.26468244625
2022-07-17T18:47:28.195,-115.197337,36.22894,3065.65287421353
2022-07-17T18:47:29.797,-115.196607,36.229241,3069.20355488269
2022-07-17T18:47:31.594,-115.195749,36.229498,3077.68869425118
2022-07-17T18:47:32.797,-115.195148,36.229627,3085.97875411703
2022-07-17T18:47:33.797,-115.194633,36.229692,3093.76219613692
2022-07-17T18:47:34.398,-115.194333,36.229713,3098.79579498307
2022-07-17T18:47:36.195,-115.193431,36.229713,3115.90488010402
2022-07-17T18:47:37.195,-115.192916,36.229649,3125.41738522806
2022-07-17T18:47:38.398,-115.192316,36.229563,3135.02880097884
2022-07-17T18:47:39.195,-115.191929,36.229477,3139.17017009518
2022-07-17T18:47:40.594,-115.191243,36.229305,3140.31212069429
2022-07-17T18:47:41.594,-115.190771,36.229134,3136.77410786212
2022-07-17T18:47:42.594,-115.190299,36.228962,3129.28981889798
2022-07-17T18:47:43.195,-115.19002,36.228833,3122.84600705108
2022-07-17T18:47:44.797,-115.18929,36.22849,3099.55730854911
2022-07-17T18:47:46.000,-115.188754,36.228189,3079.00297288852
2022-07-17T18:47:47.195,-115.188239,36.227846,3057.94513004202
2022-07-17T18:47:48.594,-115.187616,36.22746,3031.6195900267
2022-07-17T18:47:49.195,-115.187359,36.227267,3020.63965053789
2022-07-17T18:47:50.398,-115.186844,36.226902,3001.01011872812
2022-07-17T18:47:51.797,-115.186243,36.226451,2983.23584947774
2022-07-17T18:47:52.195,-115.186093,36.226323,2979.34916413966
2022-07-17T18:47:53.398,-115.185578,36.225915,2971.10822122981
2022-07-17T18:47:54.398,-115.185192,36.225572,2968.14419092041
2022-07-17T18:47:55.594,-115.184698,36.225164,2967.85827120285
2022-07-17T18:47:56.195,-115.184484,36.224949,2968.62737432494
2022-07-17T18:47:57.797,-115.183861,36.224434,2973.93602842874
2022-07-17T18:47:58.195,-115.183711,36.224284,2975.82834504971
2022-07-17T18:47:59.195,-115.183325,36.223962,2981.05066853546
2022-07-17T18:48:00.195,-115.182939,36.22364,2985.79891836141
2022-07-17T18:48:01.398,-115.182488,36.223254,2989.02685398705
2022-07-17T18:48:02.398,-115.182102,36.222911,2990.56833340516
2022-07-17T18:48:03.195,-115.181801,36.222653,2991.04337167549
2022-07-17T18:48:04.797,-115.181158,36.222117,2989.24328942495
2022-07-17T18:48:05.195,-115.181029,36.221988,2988.19609819286
2022-07-17T18:48:06.594,-115.180492,36.221516,2982.76346099545
2022-07-17T18:48:07.797,-115.180042,36.22113,2976.5003191005
2022-07-17T18:48:08.195,-115.179892,36.221001,2974.16097896637
2022-07-17T18:48:09.594,-115.179334,36.220529,2965.35046875534
2022-07-17T18:48:10.594,-115.178969,36.220207,2959.53677557117
2022-07-17T18:48:12.398,-115.178282,36.219606,2950.53417068565
2022-07-17T18:48:13.594,-115.177832,36.219199,2946.09354788653
2022-07-17T18:48:14.195,-115.177617,36.218984,2944.42248524068
2022-07-17T18:48:15.797,-115.177016,36.218426,2941.66848481103
2022-07-17T18:48:16.797,-115.17663,36.218083,2940.87676012776
2022-07-17T18:48:17.594,-115.17633,36.217804,2940.59997825994
2022-07-17T18:48:18.594,-115.175943,36.217461,2940.6477179373
2022-07-17T18:48:19.594,-115.175536,36.217117,2941.06606733229
2022-07-17T18:48:20.195,-115.175321,36.216924,2941.3886291556
2022-07-17T18:48:21.797,-115.174699,36.216366,2941.95290241215
2022-07-17T18:48:22.398,-115.174463,36.216173,2941.99789209261
2022-07-17T18:48:23.195,-115.174162,36.215916,2942.02513096698
2022-07-17T18:48:24.594,-115.173626,36.215444,2942.35952852329
2022-07-17T18:48:25.594,-115.173261,36.215122,2942.83244627398
2022-07-17T18:48:26.398,-115.172939,36.214864,2943.23898063132
2022-07-17T18:48:27.594,-115.17251,36.214478,2943.46511770459
2022-07-17T18:48:28.195,-115.172296,36.214285,2943.25855539753
2022-07-17T18:48:29.797,-115.171695,36.21377,2941.77786612368
2022-07-17T18:48:30.594,-115.171416,36.213512,2940.49087442187
2022-07-17T18:48:31.195,-115.171201,36.213319,2939.11242846867
2022-07-17T18:48:32.195,-115.170836,36.213019,2936.17071893239
2022-07-17T18:48:33.398,-115.170429,36.212611,2932.2744903247
2022-07-17T18:48:34.594,-115.17,36.212225,2928.69494766901
2022-07-17T18:48:36.195,-115.169442,36.21171,2924.14682073888
2022-07-17T18:48:37.195,-115.169098,36.211388,2921.33981111675
2022-07-17T18:48:38.195,-115.168755,36.211066,2918.74904411296
2022-07-17T18:48:39.797,-115.168197,36.210551,2915.45202276053
2022-07-17T18:48:40.195,-115.168068,36.210423,2914.70854038041
2022-07-17T18:48:41.594,-115.167596,36.209972,2911.89928530967
2022-07-17T18:48:42.398,-115.167317,36.209714,2909.86140656903
2022-07-17T18:48:43.594,-115.16691,36.20935,2905.61686378992
2022-07-17T18:48:44.398,-115.166652,36.209092,2902.12851578022
2022-07-17T18:48:45.195,-115.166373,36.208856,2898.40947431561
2022-07-17T18:48:46.195,-115.166051,36.208534,2893.52700660409
2022-07-17T18:48:47.398,-115.165665,36.208169,2887.38282570389
2022-07-17T18:48:48.398,-115.165343,36.207848,2882.3623650114
2022-07-17T18:48:49.195,-115.165107,36.207612,2878.83112795593
2022-07-17T18:48:50.398,-115.164742,36.207225,2874.02431475688
2022-07-17T18:48:51.398,-115.164464,36.206925,2869.97987551055
2022-07-17T18:48:52.594,-115.16412,36.206539,2864.77524658614
2022-07-17T18:48:53.797,-115.163777,36.206174,2859.11908756441
2022-07-17T18:48:54.398,-115.163605,36.205981,2856.1437572673
2022-07-17T18:48:55.797,-115.163219,36.20553,2849.09210981209
2022-07-17T18:48:56.797,-115.16294,36.205208,2844.04206234612
2022-07-17T18:48:57.797,-115.162661,36.204886,2838.74185498685
2022-07-17T18:48:58.195,-115.162554,36.204758,2836.51205807953
2022-07-17T18:48:59.398,-115.162232,36.20435,2829.18834571674
2022-07-17T18:49:01.195,-115.161738,36.203771,2816.63217263744
2022-07-17T18:49:02.594,-115.161374,36.203299,2806.78121716747
2022-07-17T18:49:04.398,-115.160902,36.202676,2794.80132250359
2022-07-17T18:49:05.195,-115.160708,36.202376,2788.72248450702
2022-07-17T18:49:06.398,-115.160408,36.201947,2777.52010201099
2022-07-17T18:49:07.594,-115.160151,36.201475,2764.26127304271
2022-07-17T18:49:08.797,-115.159979,36.201003,2749.25306957399
2022-07-17T18:49:09.594,-115.159914,36.200681,2738.37726152544
2022-07-17T18:49:10.398,-115.159893,36.200337,2726.47600645567
2022-07-17T18:49:12.797,-115.159979,36.199393,2685.11709465638
2022-07-17T18:49:13.398,-115.160065,36.199157,2674.56583795364
2022-07-17T18:49:14.594,-115.160279,36.198707,2654.66344380025
2022-07-17T18:49:15.398,-115.160472,36.198428,2641.95371348455
2022-07-17T18:49:16.797,-115.16088,36.197956,2621.28427402207
2022-07-17T18:49:17.195,-115.161009,36.197848,2616.09020389877
2022-07-17T18:49:18.797,-115.161588,36.197398,2599.4154208848
2022-07-17T18:49:19.594,-115.161889,36.197183,2592.82965806438
2022-07-17T18:49:20.195,-115.162146,36.197033,2588.19494609825
2022-07-17T18:49:21.195,-115.162554,36.196797,2580.47521746161
2022-07-17T18:49:22.797,-115.163198,36.196432,2566.85201224226
2022-07-17T18:49:23.398,-115.163455,36.196282,2561.53363817301
2022-07-17T18:49:24.195,-115.163777,36.19611,2554.42401690295
2022-07-17T18:49:25.398,-115.16427,36.195853,2542.98042850825
2022-07-17T18:49:26.398,-115.164678,36.195617,2532.93980673653
2022-07-17T18:49:27.594,-115.165172,36.195359,2520.68168805427
2022-07-17T18:49:28.797,-115.165687,36.195102,2508.70566030797
2022-07-17T18:49:29.797,-115.166094,36.194887,2499.75863371272
2022-07-17T18:49:30.594,-115.166416,36.194737,2492.98971864665
2022-07-17T18:49:31.398,-115.166759,36.194565,2486.44767247235
2022-07-17T18:49:32.797,-115.167382,36.194329,2475.91878933516
2022-07-17T18:49:33.398,-115.167639,36.194222,2471.90078736713
2022-07-17T18:49:34.195,-115.168004,36.194115,2467.42223021265
2022-07-17T18:49:35.797,-115.168734,36.193986,2460.76473885116
2022-07-17T18:49:36.398,-115.169013,36.193964,2458.02565797119
2022-07-17T18:49:37.797,-115.169656,36.193943,2450.86953345237
2022-07-17T18:49:38.594,-115.170021,36.193964,2446.46599149402
2022-07-17T18:49:39.398,-115.170407,36.194007,2441.69525749548
2022-07-17T18:49:40.398,-115.170858,36.194093,2435.2306119763
2022-07-17T18:49:41.594,-115.171373,36.194201,2427.00175121829
2022-07-17T18:49:42.594,-115.171824,36.194308,2420.1235704034
2022-07-17T18:49:43.594,-115.172253,36.194437,2413.47667757611
2022-07-17T18:49:44.797,-115.172746,36.19463,2406.01468724893
2022-07-17T18:49:45.594,-115.17309,36.19478,2401.45832801076
2022-07-17T18:49:46.594,-115.173476,36.194973,2395.92956296732
2022-07-17T18:49:47.797,-115.173926,36.19523,2389.62320039293
2022-07-17T18:49:48.195,-115.174077,36.195316,2387.68763104518
2022-07-17T18:49:49.797,-115.174656,36.19566,2381.08330022775
2022-07-17T18:49:50.398,-115.174892,36.19581,2379.25128120327
2022-07-17T18:49:51.594,-115.1753,36.196089,2376.61964969024
2022-07-17T18:49:52.195,-115.175514,36.196218,2375.54986832926
2022-07-17T18:49:53.594,-115.176008,36.196561,2372.93190004777
2022-07-17T18:49:55.195,-115.176544,36.196926,2370.00031492988
2022-07-17T18:49:56.195,-115.176888,36.197162,2368.1932422318
2022-07-17T18:49:57.195,-115.177209,36.197419,2366.36109756453
2022-07-17T18:49:58.195,-115.177531,36.197655,2364.19817051384
2022-07-17T18:49:59.594,-115.178003,36.197977,2360.02045816554
2022-07-17T18:50:00.594,-115.178347,36.198213,2355.84586596793
2022-07-17T18:50:01.797,-115.178733,36.198514,2349.03473980945
2022-07-17T18:50:02.797,-115.179076,36.19875,2341.6313105961
2022-07-17T18:50:03.594,-115.179334,36.198943,2334.92487977741
2022-07-17T18:50:04.594,-115.179656,36.199179,2326.15139176173
2022-07-17T18:50:05.398,-115.179892,36.19935,2319.03909875684
2022-07-17T18:50:06.797,-115.180299,36.199694,2306.60572190169
2022-07-17T18:50:07.594,-115.180557,36.199865,2299.78012710593
2022-07-17T18:50:08.797,-115.1809,36.200144,2290.60615773913
2022-07-17T18:50:10.398,-115.181394,36.200488,2280.04919210903
2022-07-17T18:50:11.797,-115.181823,36.200788,2270.79367236208
2022-07-17T18:50:12.797,-115.182102,36.201024,2264.13278505813
2022-07-17T18:50:13.797,-115.182402,36.201239,2257.7466316856
2022-07-17T18:50:14.398,-115.182552,36.201367,2254.0455583754
2022-07-17T18:50:15.195,-115.182788,36.20156,2249.26872938488
2022-07-17T18:50:16.797,-115.183239,36.201925,2240.16916889953
2022-07-17T18:50:17.195,-115.183346,36.202033,2237.91399843877
2022-07-17T18:50:18.797,-115.183797,36.202397,2228.26309250353
2022-07-17T18:50:19.398,-115.183969,36.202526,2224.24840093957
2022-07-17T18:50:20.797,-115.184355,36.202848,2214.29165060773
2022-07-17T18:50:21.594,-115.184591,36.20302,2208.67031162021
2022-07-17T18:50:22.594,-115.18487,36.203256,2201.90529161257
2022-07-17T18:50:23.195,-115.185041,36.203384,2198.04625911007
2022-07-17T18:50:24.398,-115.185385,36.203663,2190.71779914933
2022-07-17T18:50:25.398,-115.185685,36.203878,2184.87822902781
2022-07-17T18:50:26.398,-115.185964,36.204093,2179.43047488395
2022-07-17T18:50:27.398,-115.186243,36.204329,2174.75697860121
2022-07-17T18:50:28.594,-115.186586,36.204586,2170.25335305069
2022-07-17T18:50:29.797,-115.186908,36.204865,2167.09353015522
2022-07-17T18:50:30.797,-115.187166,36.20508,2165.65449411046
2022-07-17T18:50:31.195,-115.187273,36.205165,2165.35746957824
2022-07-17T18:50:32.797,-115.187702,36.205509,2165.26121023518
2022-07-17T18:50:33.195,-115.187809,36.205595,2165.42676103528
2022-07-17T18:50:34.594,-115.188174,36.205873,2166.19870843965
2022-07-17T18:50:35.594,-115.188432,36.206088,2166.67482654931
2022-07-17T18:50:36.594,-115.188668,36.206281,2166.94929827423
2022-07-17T18:50:37.797,-115.188947,36.206496,2167.0
2022-07-17T18:50:38.398,-115.189097,36.206603,2167.0
2022-07-17T18:50:39.594,-115.189376,36.206839,2167.0
2022-07-17T18:50:40.398,-115.189548,36.206968,2166.99993439314
2022-07-17T18:50:41.195,-115.189741,36.207118,2166.95639786038
2022-07-17T18:50:42.195,-115.189934,36.20729,2166.72623914996
2022-07-17T18:50:43.398,-115.190191,36.207483,2166.10975407724
2022-07-17T18:50:44.594,-115.190449,36.207697,2165.38358390821
2022-07-17T18:50:45.195,-115.190578,36.207805,2165.05596785738
2022-07-17T18:50:46.594,-115.190878,36.208041,2164.82919098797
2022-07-17T18:50:47.594,-115.191114,36.208234,2165.38185346848
2022-07-17T18:50:48.797,-115.191414,36.208448,2167.29573934243
2022-07-17T18:50:49.594,-115.191629,36.20862,2169.38752841366
2022-07-17T18:50:50.195,-115.191801,36.208727,2171.43469217294
2022-07-17T18:50:51.398,-115.192122,36.208963,2176.88716576418
2022-07-17T18:50:52.398,-115.192401,36.209157,2183.24700710827
2022-07-17T18:50:53.594,-115.192723,36.209414,2192.94454478291
2022-07-17T18:50:54.195,-115.192895,36.209543,2198.44953578968
2022-07-17T18:50:55.594,-115.193238,36.209865,2212.66744634996
2022-07-17T18:50:56.195,-115.193388,36.210015,2219.30852194656
2022-07-17T18:50:57.594,-115.193753,36.210358,2236.0234405528
2022-07-17T18:50:58.195,-115.193903,36.210508,2243.64010988383
2022-07-17T18:50:59.398,-115.194225,36.210787,2259.18712573116
2022-07-17T18:51:00.594,-115.194569,36.211066,2274.68848629074
2022-07-17T18:51:01.398,-115.194783,36.211259,2284.95007971318
2022-07-17T18:51:02.594,-115.195127,36.211538,2299.7621274772
2022-07-17T18:51:03.797,-115.19547,36.211839,2313.97540600647
2022-07-17T18:51:04.398,-115.195642,36.211989,2320.70913394275
2022-07-17T18:51:05.594,-115.195985,36.212268,2333.52644342307
2022-07-17T18:51:06.195,-115.196157,36.212418,2339.70449470431
2022-07-17T18:51:07.797,-115.196629,36.212804,2355.17316368768
2022-07-17T18:51:08.195,-115.196736,36.21289,2358.69771814508
2022-07-17T18:51:23.594,-115.201156,36.21686,2546.49346077462
2022-07-17T18:51:24.594,-115.201457,36.217139,2557.1172434476
2022-07-17T18:51:25.594,-115.201735,36.217396,2567.33100998703
2022-07-17T18:51:26.398,-115.20195,36.217611,2574.79416899396
2022-07-17T18:51:27.594,-115.202293,36.217954,2585.28887564976
2022-07-17T18:51:28.797,-115.202658,36.218276,2596.63024342663
2022-07-17T18:51:29.398,-115.20283,36.218448,2602.7126835649
2022-07-17T18:51:30.797,-115.203216,36.218812,2617.97272711867
2022-07-17T18:51:31.594,-115.203431,36.219049,2627.41503407578
2022-07-17T18:51:32.398,-115.203667,36.219263,2637.34104195819
2022-07-17T18:51:33.594,-115.203989,36.219585,2652.59703186965
2022-07-17T18:51:34.797,-115.204332,36.219928,2668.58021897958
2022-07-17T18:51:35.398,-115.204504,36.220078,2676.87243521475
2022-07-17T18:51:36.195,-115.204718,36.220315,2688.25428308695
2022-07-17T18:51:37.398,-115.205061,36.220636,2706.42537185843
2022-07-17T18:51:38.195,-115.205255,36.220872,2719.21265670336
2022-07-17T18:51:39.594,-115.205641,36.221259,2742.80400429439
2022-07-17T18:51:40.195,-115.205812,36.22143,2753.21594955586
2022-07-17T18:51:41.797,-115.206199,36.221902,2781.12197006899
2022-07-17T18:51:42.195,-115.206285,36.222031,2787.98360687854
2022-07-17T18:51:43.594,-115.206521,36.222503,2811.60909687194
2022-07-17T18:51:44.195,-115.206606,36.222696,2821.4514151404
2022-07-17T18:51:45.797,-115.206735,36.223254,2846.16056401375
2022-07-17T18:51:46.594,-115.206735,36.223533,2857.51376703069
2022-07-17T18:51:47.594,-115.206714,36.223876,2870.77483250876
2022-07-17T18:51:48.797,-115.206628,36.224284,2884.61511151643
2022-07-17T18:51:49.594,-115.206542,36.224563,2891.97569971034
2022-07-17T18:51:50.797,-115.206349,36.224949,2900.35994687556
2022-07-17T18:51:51.594,-115.206199,36.225207,2903.95480237056
2022-07-17T18:51:52.594,-115.205963,36.225507,2906.86177022599
2022-07-17T18:51:54.195,-115.205534,36.225979,2910.6836010162
2022-07-17T18:51:55.797,-115.20504,36.22643,2915.08312208709
2022-07-17T18:51:56.195,-115.204911,36.226537,2916.45334205326
2022-07-17T18:51:57.195,-115.204589,36.226795,2920.80260682146
2022-07-17T18:51:58.797,-115.204053,36.227202,2931.51424203117
2022-07-17T18:52:00.195,-115.203559,36.227546,2943.19361314802
2022-07-17T18:52:01.797,-115.203001,36.227953,2957.7175956949
2022-07-17T18:52:02.797,-115.202637,36.228211,2966.74461752795
2022-07-17T18:52:03.797,-115.202293,36.228447,2975.0684091372
2022-07-17T18:52:04.594,-115.201993,36.22864,2981.12424222375
2022-07-17T18:52:05.195,-115.201778,36.22879,2985.43730123575
2022-07-17T18:52:06.594,-115.201285,36.229134,2994.61091778474
2022-07-17T18:52:07.797,-115.200834,36.229434,3001.18580105013
2022-07-17T18:52:08.195,-115.200684,36.229541,3003.0093893289
2022-07-17T18:52:09.594,-115.200148,36.229863,3008.33922653672
2022-07-17T18:52:10.195,-115.199912,36.229992,3010.27465039786
2022-07-17T18:52:11.797,-115.199225,36.230314,3014.47539668885
2022-07-17T18:52:12.398,-115.198946,36.230421,3015.65303748167
2022-07-17T18:52:13.797,-115.198302,36.230614,3017.53629458808
2022-07-17T18:52:14.195,-115.198109,36.230657,3017.89479521626
2022-07-17T18:52:15.594,-115.197423,36.230786,3018.5117400964
2022-07-17T18:52:16.594,-115.196908,36.23085,3018.35909658573
2022-07-17T18:52:17.594,-115.196414,36.230872,3017.90547104716
2022-07-17T18:52:18.594,-115.195899,36.230872,3017.3598441178
2022-07-17T18:52:19.594,-115.195405,36.230829,3017.030397188
2022-07-17T18:52:20.797,-115.194805,36.230721,3017.0
2022-07-17T18:52:21.797,-115.194311,36.230614,3017.0
2022-07-17T18:52:22.594,-115.193903,36.230507,3017.0
2022-07-17T18:52:23.797,-115.193324,36.230314,3017.0
2022-07-17T18:52:24.195,-115.193131,36.230249,3017.0
2022-07-17T18:52:25.797,-115.192358,36.229949,3017.161912025
2022-07-17T18:52:26.195,-115.192165,36.229885,3017.29870055006
2022-07-17T18:52:27.195,-115.191693,36.229649,3017.86021771175
2022-07-17T18:52:29.398,-115.190706,36.229112,3019.32393034621
2022-07-17T18:52:30.398,-115.190277,36.228833,3019.49175571119
2022-07-17T18:52:31.594,-115.189784,36.22849,3018.57185778125
2022-07-17T18:52:32.594,-115.189397,36.228189,3016.71647926718
2022-07-17T18:52:33.398,-115.189075,36.227953,3014.42367709179
2022-07-17T18:52:34.398,-115.188668,36.227653,3010.51417774888
2022-07-17T18:52:35.195,-115.188367,36.227396,3006.48090040529
2022-07-17T18:52:36.398,-115.187874,36.227031,2998.87373356701
2022-07-17T18:52:37.398,-115.187488,36.226709,2991.30644607324
2022-07-17T18:52:38.195,-115.187187,36.226451,2984.85046051787
2022-07-17T18:52:39.594,-115.186672,36.225979,2973.57920829207
2022-07-17T18:52:40.398,-115.186372,36.225722,2967.2920349534
2022-07-17T18:52:41.594,-115.185943,36.225314,2958.66154937676
2022-07-17T18:52:42.195,-115.185707,36.225121,2954.78465033059
2022-07-17T18:52:43.797,-115.185149,36.224585,2946.28137952507
2022-07-17T18:52:44.594,-115.18487,36.224327,2943.34576295098
2022-07-17T18:52:45.797,-115.184462,36.223919,2940.71842568153
2022-07-17T18:52:46.398,-115.184247,36.223726,2940.29581653272
2022-07-17T18:52:47.594,-115.18384,36.22334,2941.29710239656
2022-07-17T18:52:48.398,-115.183582,36.223061,2943.12336240768
2022-07-17T18:52:49.195,-115.183325,36.222804,2945.62602414497
2022-07-17T18:52:50.195,-115.183003,36.22246,2949.23103020174
2022-07-17T18:52:51.398,-115.182617,36.222053,2953.39088469151
2022-07-17T18:52:52.398,-115.182295,36.221731,2955.98371126532
2022-07-17T18:52:53.797,-115.181866,36.221259,2957.75851546925
2022-07-17T18:52:54.594,-115.181608,36.22098,2957.95996260368
2022-07-17T18:52:55.000,-115.181479,36.220851,2957.88079441754
2022-07-17T18:52:56.594,-115.180986,36.220336,2956.24568618862
2022-07-17T18:52:57.398,-115.180707,36.220057,2954.42502957909
2022-07-17T18:52:58.398,-115.180364,36.219757,2951.43941642158
2022-07-17T18:52:59.797,-115.17987,36.219327,2946.80007669056
2022-07-17T18:53:00.398,-115.179634,36.219156,2944.96757004761
2022-07-17T18:53:01.195,-115.179334,36.21892,2942.92623415971
2022-07-17T18:53:02.398,-115.178883,36.218576,2940.8575785774
2022-07-17T18:53:03.195,-115.178561,36.21834,2940.21374630098
2022-07-17T18:53:04.195,-115.178175,36.218061,2940.17245963682
2022-07-17T18:53:05.797,-115.177574,36.217589,2941.04718286252
2022-07-17T18:53:07.797,-115.176823,36.217031,2940.66450714565
2022-07-17T18:53:08.398,-115.176587,36.21686,2940.37641259889
2022-07-17T18:53:09.797,-115.176072,36.216474,2940.31316423275
2022-07-17T18:53:10.797,-115.175707,36.216173,2941.07193407214
2022-07-17T18:53:11.398,-115.175493,36.216023,2941.84117259832
2022-07-17T18:53:12.398,-115.175149,36.215723,2943.66217060601
2022-07-17T18:53:13.594,-115.174699,36.215379,2946.67237464818
2022-07-17T18:53:14.797,-115.17427,36.215014,2950.39426466884
2022-07-17T18:53:15.594,-115.173991,36.214778,2953.07246669044
2022-07-17T18:53:16.797,-115.173562,36.214392,2957.12219483044
2022-07-17T18:53:17.594,-115.173304,36.214135,2959.83671382446
2022-07-17T18:53:18.195,-115.17309,36.213963,2961.88816616883
2022-07-17T18:53:19.797,-115.172532,36.213448,2966.60293140506
2022-07-17T18:53:20.398,-115.172317,36.213276,2967.79837308679
2022-07-17T18:53:21.000,-115.172124,36.213083,2968.63429304963
2022-07-17T18:53:22.398,-115.17163,36.212654,2968.71890561996
2022-07-17T18:53:23.398,-115.171266,36.212354,2966.96409598502
2022-07-17T18:53:24.398,-115.170901,36.212053,2964.16833965418
2022-07-17T18:53:25.797,-115.170407,36.211603,2959.10260298241
2022-07-17T18:53:26.594,-115.170107,36.211367,2956.16812999314
2022-07-17T18:53:27.797,-115.169656,36.21098,2952.14461761128
2022-07-17T18:53:28.797,-115.169291,36.210659,2949.02587418743
2022-07-17T18:53:29.195,-115.169141,36.21053,2947.85371108286
2022-07-17T18:53:30.797,-115.168519,36.210036,2943.57595980648
2022-07-17T18:53:31.398,-115.168283,36.209865,2942.17692877501
2022-07-17T18:53:32.797,-115.167747,36.209435,2940.47826697945
2022-07-17T18:53:33.797,-115.167382,36.209135,2940.88982688681
2022-07-17T18:53:35.594,-115.166717,36.208599,2942.12433664151
2022-07-17T18:53:36.195,-115.166523,36.208405,2942.22375062323
2022-07-17T18:53:37.195,-115.166159,36.208127,2941.95919291153
2022-07-17T18:53:38.398,-115.165772,36.207762,2940.82098730266
2022-07-17T18:53:39.797,-115.165322,36.207354,2938.12610504579
2022-07-17T18:53:40.797,-115.165021,36.207075,2934.87003500698
2022-07-17T18:53:41.594,-115.164785,36.206839,2931.17244316178
2022-07-17T18:53:42.797,-115.164421,36.206496,2923.22151233299
2022-07-17T18:53:43.398,-115.164249,36.206303,2917.97924763234
2022-07-17T18:53:44.594,-115.163949,36.205938,2905.00902041682
2022-07-17T18:53:45.797,-115.163713,36.20553,2889.77241616826
2022-07-17T18:53:46.594,-115.163584,36.205251,2878.79937683391
2022-07-17T18:53:47.195,-115.163498,36.205037,2870.0713147114
2022-07-17T18:53:48.594,-115.163391,36.204522,2848.09609184338
2022-07-17T18:53:49.195,-115.163369,36.204307,2837.90892772352
2022-07-17T18:53:50.594,-115.163369,36.203792,2813.77247867201
2022-07-17T18:53:51.195,-115.163412,36.203556,2803.60893516364
2022-07-17T18:53:52.594,-115.163541,36.203041,2780.87582359785
2022-07-17T18:53:53.797,-115.163755,36.202633,2761.56043357026
2022-07-17T18:53:54.398,-115.163884,36.202419,2751.93262989551
2022-07-17T18:53:55.398,-115.164142,36.202118,2735.96044506329
2022-07-17T18:53:56.797,-115.164549,36.201689,2713.40610377678
2022-07-17T18:53:57.797,-115.16485,36.20141,2696.9170915262
2022-07-17T18:53:58.594,-115.165107,36.201196,2683.750646896
2022-07-17T18:53:59.195,-115.165322,36.201046,2673.95159001225
2022-07-17T18:54:00.398,-115.165708,36.200724,2655.08345993657
2022-07-17T18:54:01.398,-115.166051,36.200445,2640.49766902734
2022-07-17T18:54:02.398,-115.166416,36.200187,2626.74253001787
2022-07-17T18:54:03.398,-115.166781,36.19993,2613.54220617316
2022-07-17T18:54:04.195,-115.16706,36.199715,2603.38821007769
2022-07-17T18:54:05.594,-115.167553,36.19935,2586.89573546467
2022-07-17T18:54:06.594,-115.167918,36.199114,2576.28450477131
2022-07-17T18:54:07.398,-115.168197,36.198921,2568.09271428491
2022-07-17T18:54:08.594,-115.168626,36.198642,2555.8371121281
2022-07-17T18:54:09.594,-115.168991,36.198406,2545.46404990732
2022-07-17T18:54:10.797,-115.169442,36.198127,2532.5727333722
2022-07-17T18:54:11.195,-115.16957,36.198041,2528.11405775705
2022-07-17T18:54:12.797,-115.17015,36.197698,2508.96719251699
2022-07-17T18:54:13.594,-115.17045,36.197526,2499.01844370681
2022-07-17T18:54:14.594,-115.170815,36.197312,2487.09458251254
2022-07-17T18:54:15.398,-115.171137,36.197162,2478.47113700492
2022-07-17T18:54:16.594,-115.171587,36.196947,2467.69131928749
2022-07-17T18:54:17.797,-115.172102,36.196754,2458.62838848351
2022-07-17T18:54:17.797,-115.172102,36.196754,2458.62838848351
2022-07-17T18:54:18.195,-115.172253,36.196711,2455.93528883879
2022-07-17T18:54:18.195,-115.172253,36.196711,2455.93528883879
2022-07-17T18:54:19.195,-115.172682,36.196604,2449.77759684723
2022-07-17T18:54:20.195,-115.173132,36.196539,2444.46452449802
2022-07-17T18:54:21.195,-115.173562,36.196496,2440.26881923699
2022-07-17T18:54:22.195,-115.173991,36.196496,2436.97442835571
2022-07-17T18:54:23.797,-115.174656,36.196539,2431.80566032176
2022-07-17T18:54:24.594,-115.174978,36.196582,2428.5341882332
2022-07-17T18:54:25.195,-115.175235,36.196604,2425.52359308071
2022-07-17T18:54:26.195,-115.175622,36.19669,2419.5253993601
2022-07-17T18:54:27.398,-115.176094,36.19684,2410.48246498091
2022-07-17T18:54:28.195,-115.176394,36.196969,2403.37678841346
2022-07-17T18:54:29.594,-115.176909,36.197183,2388.51823036865
2022-07-17T18:54:30.797,-115.177338,36.197398,2373.60821163534
2022-07-17T18:54:31.398,-115.177553,36.197526,2365.68378862365
2022-07-17T18:54:32.195,-115.177832,36.197677,2354.97633096817
2022-07-17T18:54:33.398,-115.178218,36.197934,2338.93966273549
2022-07-17T18:54:34.797,-115.178647,36.198256,2320.33080359406
2022-07-17T18:54:35.594,-115.178905,36.198449,2309.58410458801
2022-07-17T18:54:36.797,-115.179269,36.19875,2293.47686225394
2022-07-17T18:54:37.797,-115.179548,36.198986,2281.57909344523
2022-07-17T18:54:38.398,-115.179741,36.199136,2275.29530374247
2022-07-17T18:54:39.195,-115.179956,36.19935,2267.99817513912
2022-07-17T18:54:40.398,-115.180321,36.199651,2259.26980248172
2022-07-17T18:54:41.594,-115.180686,36.19993,2253.25009212249
2022-07-17T18:54:42.398,-115.180922,36.200123,2250.40607034666
2022-07-17T18:54:43.195,-115.181158,36.200316,2247.99472243685
2022-07-17T18:54:45.195,-115.181758,36.200809,2240.94454042812
2022-07-17T18:54:46.594,-115.182166,36.201131,2235.57783707098
2022-07-17T18:54:47.398,-115.182402,36.201324,2232.22479971929
2022-07-17T18:54:48.000,-115.182574,36.201453,2229.50764773926
2022-07-17T18:54:49.195,-115.182939,36.201732,2223.62964991865
2022-07-17T18:54:50.594,-115.183325,36.202054,2216.27584113511
2022-07-17T18:54:51.594,-115.183604,36.202269,2210.92564084428
2022-07-17T18:54:52.398,-115.183818,36.202462,2206.65533191184
2022-07-17T18:54:53.797,-115.184205,36.202762,2199.8035364916
2022-07-17T18:54:54.594,-115.184441,36.202934,2196.38328567846
2022-07-17T18:54:55.398,-115.184655,36.203105,2193.17550107756
2022-07-17T18:54:56.797,-115.185041,36.203427,2188.06633738068
2022-07-17T18:54:57.398,-115.185213,36.203556,2186.08899991249
2022-07-17T18:54:58.195,-115.185428,36.203728,2183.62617694626
2022-07-17T18:54:59.195,-115.185707,36.203942,2180.59308349944
2022-07-17T18:55:00.797,-115.186157,36.204286,2175.87142856011
2022-07-17T18:55:01.797,-115.186436,36.204522,2173.11191053811
2022-07-17T18:55:02.195,-115.186522,36.204607,2172.04350387622
2022-07-17T18:55:03.594,-115.186908,36.204908,2168.59357246196
2022-07-17T18:55:04.195,-115.18708,36.205037,2167.39154486117
2022-07-17T18:55:05.195,-115.187337,36.205251,2165.97358430876
2022-07-17T18:55:06.797,-115.187767,36.205573,2165.32270829353
2022-07-17T18:55:07.195,-115.187874,36.205659,2165.42025599348
2022-07-17T18:55:08.594,-115.188217,36.205938,2166.24870854008
2022-07-17T18:55:09.797,-115.188496,36.206174,2166.83095938416
2022-07-17T18:55:10.195,-115.188603,36.206238,2166.92341943293
2022-07-17T18:55:11.594,-115.188925,36.206517,2167.0
2022-07-17T18:55:12.398,-115.189118,36.206646,2167.0
2022-07-17T18:55:13.000,-115.189247,36.206753,2167.0
2022-07-17T18:55:14.594,-115.189612,36.207032,2167.0
2022-07-17T18:55:15.797,-115.189848,36.207247,2167.0
2022-07-17T18:55:16.195,-115.189934,36.207311,2167.0
2022-07-17T18:55:17.797,-115.190277,36.207569,2167.0
2022-07-17T18:55:18.797,-115.190492,36.20774,2167.0
2022-07-17T18:55:19.398,-115.190642,36.207848,2167.0
2022-07-17T18:55:20.195,-115.190835,36.207998,2167.0
2022-07-17T18:55:21.398,-115.191114,36.208212,2167.0
2022-07-17T18:55:22.594,-115.191436,36.20847,2167.0
2022-07-17T18:55:38.797,-115.196092,36.212182,2338.17327882484
2022-07-17T18:55:40.398,-115.196564,36.21259,2349.73295636829
2022-07-17T18:55:41.594,-115.196929,36.21289,2362.13961747163
2022-07-17T18:55:42.797,-115.197272,36.213212,2378.05552508125
2022-07-17T18:55:43.195,-115.197401,36.213319,2383.8179474319
2022-07-17T18:55:44.398,-115.197744,36.213641,2401.94338847355
2022-07-17T18:55:45.195,-115.197959,36.213856,2414.09789878386
2022-07-17T18:55:46.797,-115.19841,36.214285,2438.91406899308
2022-07-17T18:55:47.594,-115.198646,36.214499,2451.29502710218
2022-07-17T18:55:48.594,-115.198925,36.214757,2467.05193606813
2022-07-17T18:55:49.594,-115.199203,36.215014,2482.65712726665
2022-07-17T18:55:50.594,-115.199504,36.215272,2497.41024146928
2022-07-17T18:55:51.797,-115.199847,36.215572,2512.87808062436
2022-07-17T18:55:52.195,-115.199955,36.21568,2517.47062896921
2022-07-17T18:55:53.594,-115.200341,36.216044,2532.55829572847
2022-07-17T18:55:54.398,-115.200577,36.216259,2540.70241035005
2022-07-17T18:55:55.195,-115.200791,36.216474,2548.49113080317
2022-07-17T18:55:56.195,-115.20107,36.216753,2557.93476513519
2022-07-17T18:55:57.195,-115.201349,36.217031,2566.78936934498
2022-07-17T18:55:58.797,-115.2018,36.217482,2581.89206893468
2022-07-17T18:55:59.398,-115.201972,36.217632,2588.66420338847
2022-07-17T18:56:00.797,-115.202379,36.218019,2606.48449051749
2022-07-17T18:56:01.398,-115.202551,36.21819,2615.11643992037
2022-07-17T18:56:02.594,-115.202894,36.218512,2633.94865475418
2022-07-17T18:56:03.195,-115.203066,36.218684,2644.10302092744
2022-07-17T18:56:04.594,-115.203474,36.219049,2669.38515622943
2022-07-17T18:56:05.594,-115.203753,36.219327,2689.22224168713
2022-07-17T18:56:06.594,-115.204053,36.219606,2709.87367189694
2022-07-17T18:56:07.797,-115.204353,36.21995,2734.46344589869
2022-07-17T18:56:08.195,-115.204461,36.220057,2742.28935193105
2022-07-17T18:56:09.797,-115.204782,36.220529,2771.82857326015
2022-07-17T18:56:10.797,-115.204954,36.220851,2788.57850195707
2022-07-17T18:56:11.797,-115.205083,36.221173,2804.00602998356
2022-07-17T18:56:12.195,-115.205104,36.221302,2809.83442016699
2022-07-17T18:56:13.195,-115.20519,36.221623,2823.54226930857
2022-07-17T18:56:14.797,-115.205233,36.222117,2841.0748155695
2022-07-17T18:56:15.594,-115.205255,36.222374,2847.74381799239
2022-07-17T18:56:16.195,-115.205233,36.222568,2851.93090539699
2022-07-17T18:56:17.594,-115.205169,36.223018,2859.23822647957
2022-07-17T18:56:18.797,-115.205083,36.223404,2863.7074524345
2022-07-17T18:56:19.594,-115.204997,36.223662,2866.36452837743
2022-07-17T18:56:20.195,-115.204911,36.223855,2868.37271176255
2022-07-17T18:56:21.594,-115.204654,36.224306,2872.30801838411
2022-07-17T18:56:22.398,-115.204504,36.224563,2873.85794726592
2022-07-17T18:56:23.594,-115.204246,36.224928,2875.96313967473
2022-07-17T18:56:24.195,-115.204096,36.2251,2877.35278771428
2022-07-17T18:56:25.398,-115.203774,36.225443,2880.45986851676
2022-07-17T18:56:26.195,-115.203559,36.225657,2882.43314619192
2022-07-17T18:56:27.594,-115.203152,36.226044,2885.5679662921
2022-07-17T18:56:28.797,-115.202787,36.226387,2888.40847331742
2022-07-17T18:56:29.398,-115.202615,36.226537,2889.89280517791
2022-07-17T18:56:30.398,-115.202293,36.226816,2892.39305518853
2022-07-17T18:56:31.797,-115.2018,36.227202,2896.28742782539
2022-07-17T18:56:32.797,-115.201435,36.227481,2900.0652795355
2022-07-17T18:56:33.797,-115.20107,36.22776,2905.3836893331
2022-07-17T18:56:34.398,-115.200834,36.227911,2909.50053193022
2022-07-17T18:56:35.594,-115.200362,36.228232,2919.85202214483
2022-07-17T18:56:36.797,-115.199869,36.228554,2933.19843569426
2022-07-17T18:56:37.797,-115.199482,36.228812,2945.90271965925
2022-07-17T18:56:38.398,-115.199225,36.228983,2954.06743657429
2022-07-17T18:56:39.195,-115.198903,36.229177,2965.47803387944
2022-07-17T18:56:40.398,-115.19841,36.229477,2983.24492209862
2022-07-17T18:56:42.195,-115.19768,36.229885,3008.6090783186
2022-07-17T18:56:43.398,-115.197186,36.230142,3023.64705562719
2022-07-17T18:56:44.398,-115.196757,36.230335,3034.63821211374
2022-07-17T18:56:45.398,-115.196328,36.230528,3044.00505166952
2022-07-17T18:56:46.594,-115.195749,36.2307,3053.02449486692
2022-07-17T18:56:47.398,-115.195384,36.230786,3057.9099660135
2022-07-17T18:56:48.195,-115.194998,36.23085,3061.86807859159
2022-07-17T18:56:49.398,-115.194397,36.230893,3066.27781350656
2022-07-17T18:56:50.594,-115.193775,36.230872,3068.79040445246
2022-07-17T18:56:51.594,-115.193281,36.230829,3069.13036686937
2022-07-17T18:56:52.195,-115.193002,36.230764,3068.55839491119
2022-07-17T18:56:53.797,-115.192251,36.23055,3065.19820397473
2022-07-17T18:56:54.594,-115.191886,36.230421,3062.89375816626
2022-07-17T18:56:55.594,-115.191436,36.230228,3059.78518049592
2022-07-17T18:56:57.797,-115.190535,36.229734,3053.19123155389
2022-07-17T18:56:58.195,-115.190384,36.229627,3052.16822784101
2022-07-17T18:57:00.594,-115.18944,36.229005,3045.69638910447
2022-07-17T18:57:01.797,-115.18899,36.228683,3041.29181572087
2022-07-17T18:57:02.797,-115.188625,36.228383,3036.93964957357
2022-07-17T18:57:03.398,-115.188389,36.228211,3034.12854674659
2022-07-17T18:57:04.594,-115.18796,36.227846,3028.38395506066
2022-07-17T18:57:05.797,-115.187531,36.227481,3022.29825419604
2022-07-17T18:57:06.398,-115.187294,36.227288,3019.00012619395
2022-07-17T18:57:07.594,-115.186865,36.226902,3011.73183343752
2022-07-17T18:57:08.594,-115.186522,36.226559,3005.15808063311
2022-07-17T18:57:09.195,-115.186307,36.226366,3001.2430376682
2022-07-17T18:57:10.594,-115.185814,36.225893,2992.9957171541
2022-07-17T18:57:11.797,-115.185406,36.225486,2986.99048244006
2022-07-17T18:57:12.398,-115.185192,36.225271,2984.50767353672
2022-07-17T18:57:13.594,-115.184762,36.224864,2980.37668877167
2022-07-17T18:57:14.398,-115.184505,36.224585,2977.88847936013
2022-07-17T18:57:15.398,-115.184162,36.224241,2974.69096491622
2022-07-17T18:57:16.398,-115.183818,36.223898,2971.23029041769
2022-07-17T18:57:17.797,-115.183325,36.223426,2966.15813272372
2022-07-17T18:57:18.398,-115.183132,36.223211,2963.95576043703
2022-07-17T18:57:19.398,-115.182767,36.222889,2960.29771403522
2022-07-17T18:57:20.594,-115.182381,36.222482,2955.95318093629
2022-07-17T18:57:21.797,-115.181973,36.222053,2951.47012343545
2022-07-17T18:57:22.594,-115.181715,36.221774,2948.25430936067
2022-07-17T18:57:23.398,-115.181458,36.221495,2944.76024893016
2022-07-17T18:57:24.398,-115.181136,36.22113,2940.08678254653
2022-07-17T18:57:25.195,-115.180879,36.220851,2936.3524274058
2022-07-17T18:57:26.594,-115.180428,36.220357,2930.69530087819
2022-07-17T18:57:27.594,-115.180106,36.219993,2927.49710050173
2022-07-17T18:57:28.797,-115.179698,36.219563,2924.38581652524
2022-07-17T18:57:29.594,-115.179441,36.219285,2922.44775297253
2022-07-17T18:57:30.594,-115.179098,36.21892,2919.66795654466
2022-07-17T18:57:31.195,-115.178905,36.218705,2917.69277355777
2022-07-17T18:57:32.594,-115.178432,36.218212,2911.89710324907
2022-07-17T18:57:33.195,-115.178239,36.217997,2908.91311370374
2022-07-17T18:57:34.594,-115.177767,36.217482,2901.23809644238
2022-07-17T18:57:35.797,-115.17736,36.217074,2894.27369137695
2022-07-17T18:57:36.797,-115.176995,36.216731,2888.68218015564
2022-07-17T18:57:37.398,-115.17678,36.216538,2885.62490033086
2022-07-17T18:57:38.797,-115.176287,36.216066,2879.81172401204
2022-07-17T18:57:39.398,-115.176051,36.215851,2878.0535333503
2022-07-17T18:57:40.398,-115.175707,36.215529,2876.23410830398
2022-07-17T18:57:41.594,-115.175278,36.215122,2876.0292658755
2022-07-17T18:57:42.594,-115.174956,36.214778,2877.38046149246
2022-07-17T18:57:43.195,-115.174742,36.214585,2878.76111284125
2022-07-17T18:57:44.195,-115.17442,36.214263,2881.89329460889
2022-07-17T18:57:45.195,-115.174098,36.213942,2885.53516637972
2022-07-17T18:57:46.398,-115.173733,36.213555,2889.83386999886
2022-07-17T18:57:47.195,-115.173476,36.213298,2892.16361080565
2022-07-17T18:57:48.398,-115.173111,36.212955,2894.09352012246
2022-07-17T18:57:49.594,-115.172746,36.21259,2893.81934446426
2022-07-17T18:57:50.594,-115.172446,36.212289,2892.4126585336
2022-07-17T18:57:51.594,-115.172145,36.21201,2890.23347402683
2022-07-17T18:57:52.594,-115.171866,36.211731,2887.41356183682
2022-07-17T18:57:53.797,-115.171523,36.21141,2883.15217347579
2022-07-17T18:57:54.797,-115.171244,36.211131,2878.79362885374
2022-07-17T18:57:55.594,-115.17103,36.210916,2874.61141057
2022-07-17T18:57:56.797,-115.170729,36.210594,2867.05915895276
2022-07-17T18:57:57.797,-115.17045,36.210315,2859.86781945386
2022-07-17T18:57:58.594,-115.170257,36.210101,2853.75360759814
2022-07-17T18:57:59.195,-115.170085,36.209929,2848.98232316319
2022-07-17T18:58:00.594,-115.169721,36.209543,2837.35927968215
2022-07-17T18:58:01.594,-115.169463,36.209264,2828.68627662946
2022-07-17T18:58:02.594,-115.169227,36.208963,2819.86968929186
2022-07-17T18:58:03.594,-115.168991,36.208663,2810.70339515885
2022-07-17T18:58:04.594,-115.168798,36.208341,2800.8747337542
2022-07-17T18:58:05.195,-115.168712,36.208148,2794.64158706152
2022-07-17T18:58:06.594,-115.16854,36.207676,2779.52934995563
2022-07-17T18:58:07.398,-115.168476,36.207397,2770.68118381785
2022-07-17T18:58:08.195,-115.168455,36.207118,2761.7856767731
2022-07-17T18:58:09.594,-115.168519,36.206625,2745.37404568421
2022-07-17T18:58:10.594,-115.168605,36.206281,2732.76483628981
2022-07-17T18:58:11.398,-115.168712,36.206024,2722.33538392428
2022-07-17T18:58:12.797,-115.16897,36.205573,2703.97927564226
2022-07-17T18:58:13.195,-115.169077,36.205466,2698.76757641679
2022-07-17T18:58:14.797,-115.169506,36.205037,2678.38945913871
2022-07-17T18:58:15.195,-115.169635,36.204929,2673.57861416305
2022-07-17T18:58:16.398,-115.17,36.204629,2659.98836517084
2022-07-17T18:58:17.594,-115.170386,36.204329,2647.77068579776
2022-07-17T18:58:18.195,-115.170579,36.204178,2641.96328226556
2022-07-17T18:58:19.797,-115.171115,36.203814,2626.88001418599
2022-07-17T18:58:20.398,-115.171309,36.203663,2621.14291196531
2022-07-17T18:58:21.594,-115.171738,36.203406,2609.0713958852
2022-07-17T18:58:22.797,-115.172188,36.20317,2596.0662910348
2022-07-17T18:58:23.398,-115.172424,36.203063,2589.39426709342
2022-07-17T18:58:24.398,-115.172811,36.202869,2578.14922257686
2022-07-17T18:58:25.195,-115.173132,36.202741,2568.83945367916
2022-07-17T18:58:26.594,-115.17369,36.202483,2551.32196566218
2022-07-17T18:58:27.398,-115.174012,36.202354,2540.32057824069
2022-07-17T18:58:28.594,-115.174506,36.20214,2522.61357979068
2022-07-17T18:58:30.398,-115.175235,36.201839,2493.43905255934
2022-07-17T18:58:31.195,-115.175557,36.201711,2480.57820692532
2022-07-17T18:58:32.594,-115.176136,36.201496,2459.33596899557
2022-07-17T18:58:33.398,-115.176458,36.201389,2447.80819270618
2022-07-17T18:58:34.594,-115.176973,36.201239,2431.24956471811
2022-07-17T18:58:35.797,-115.177488,36.20111,2414.73282612723
2022-07-17T18:58:36.398,-115.177767,36.201046,2406.36462030131
2022-07-17T18:58:37.195,-115.178111,36.200981,2395.29590659983
2022-07-17T18:58:38.398,-115.178647,36.200917,2378.88598747498
2022-07-17T18:58:39.195,-115.179012,36.200874,2368.4000013445
2022-07-17T18:58:40.195,-115.179462,36.200852,2355.7191557445
2022-07-17T18:58:41.195,-115.179892,36.200874,2343.40714099415
2022-07-17T18:58:42.797,-115.180578,36.20096,2324.03718827123
2022-07-17T18:58:43.594,-115.180922,36.201024,2314.42250041845
2022-07-17T18:58:44.398,-115.181243,36.201131,2304.7763289437
2022-07-17T18:58:45.594,-115.181694,36.201324,2290.57332740771
2022-07-17T18:58:46.398,-115.181973,36.201475,2281.3674336586
2022-07-17T18:58:47.594,-115.182402,36.201689,2268.69902358503
2022-07-17T18:58:48.398,-115.182681,36.201861,2261.07020074607
2022-07-17T18:58:49.797,-115.183153,36.20214,2249.10391996797
2022-07-17T18:58:50.594,-115.183411,36.202312,2242.7258855854
2022-07-17T18:58:51.594,-115.183733,36.202505,2235.0126198388
2022-07-17T18:58:52.195,-115.183904,36.202633,2230.52107293716
2022-07-17T18:58:53.797,-115.184376,36.202977,2219.69662137874
2022-07-17T18:58:54.797,-115.184677,36.203191,2214.05317737986
2022-07-17T18:58:55.797,-115.184956,36.203406,2209.13991075518
2022-07-17T18:58:56.195,-115.185084,36.203492,2207.33041103345
2022-07-17T18:58:57.398,-115.185406,36.203771,2202.09746016072
2022-07-17T18:58:58.195,-115.185642,36.203942,2198.64463388267
2022-07-17T18:58:59.195,-115.185943,36.204157,2194.21856098107
2022-07-17T18:59:00.195,-115.186222,36.204371,2189.65047469229
2022-07-17T18:59:01.398,-115.186565,36.204629,2184.20658162859
2022-07-17T18:59:02.797,-115.186951,36.204929,2178.48377763832
2022-07-17T18:59:03.594,-115.187166,36.205101,2175.74308928385
2022-07-17T18:59:04.797,-115.187488,36.205359,2172.38449472476
2022-07-17T18:59:05.398,-115.187638,36.205466,2170.98130925224
2022-07-17T18:59:06.195,-115.187852,36.205637,2169.34377773579
2022-07-17T18:59:07.000,-115.188046,36.205809,2167.90560302489
2022-07-17T18:59:08.195,-115.188346,36.206045,2166.27621428153
2022-07-17T18:59:09.797,-115.188754,36.206346,2165.55511739521
2022-07-17T18:59:10.398,-115.188882,36.206453,2165.66164388566
2022-07-17T18:59:11.797,-115.189226,36.20671,2166.26421560566
2022-07-17T18:59:12.398,-115.189354,36.206818,2166.53230655285
2022-07-17T18:59:13.195,-115.189526,36.206968,2166.79309858293
2022-07-17T18:59:14.398,-115.189805,36.207161,2166.73822670678
2022-07-17T18:59:15.195,-115.189955,36.207311,2166.34785258837
2022-07-17T18:59:16.195,-115.19017,36.207483,2165.75522223758
2022-07-17T18:59:17.594,-115.19047,36.207719,2165.01168941074
2022-07-17T18:59:18.594,-115.190685,36.207891,2164.84748205251
2022-07-17T18:59:19.195,-115.190814,36.207976,2165.05865517735
2022-07-17T18:59:20.195,-115.19105,36.208169,2166.10402114269
2022-07-17T18:59:21.594,-115.191371,36.208427,2169.48309767439
2022-07-17T18:59:22.594,-115.191629,36.20862,2173.48429318716
2022-07-17T18:59:23.398,-115.191844,36.20877,2177.67513323766
2022-07-17T18:59:24.797,-115.192208,36.209071,2186.77197633583
2022-07-17T18:59:25.594,-115.192401,36.209242,2192.80795566894
2022-07-17T18:59:26.195,-115.192573,36.209371,2197.74866546141
2022-07-17T18:59:27.594,-115.192959,36.209671,2210.24195702877
2022-07-17T18:59:28.594,-115.193238,36.209886,2219.87127578583
2022-07-17T18:59:29.398,-115.193453,36.210058,2227.83466749921
2022-07-17T18:59:30.797,-115.193839,36.210358,2241.50097904691
2022-07-17T18:59:31.797,-115.194118,36.210573,2250.96953722318
2022-07-17T18:59:32.797,-115.194397,36.210809,2260.28923100662
2022-07-17T18:59:33.797,-115.194676,36.211023,2269.6591421165
2022-07-17T18:59:34.195,-115.194783,36.211131,2273.43039799483
2022-07-17T18:59:35.594,-115.195191,36.211452,2286.8535101543
2022-07-17T18:59:36.797,-115.195534,36.211731,2298.61676096835
2022-07-17T18:59:37.797,-115.195835,36.211967,2308.60577738181
2022-07-17T18:59:38.797,-115.196135,36.212204,2318.76486344994
2022-07-17T18:59:39.195,-115.196242,36.212289,2322.81539975135
2022-07-17T18:59:40.398,-115.196607,36.21259,2334.91023927024
2022-07-17T18:59:41.195,-115.196843,36.212783,2342.38997959879
2022-07-17T18:59:42.195,-115.197144,36.21304,2351.27582854193
2022-07-17T18:59:43.594,-115.197573,36.213384,2363.53761021594
2022-07-17T18:59:44.195,-115.197766,36.213534,2369.01660235385
2022-07-17T18:59:45.797,-115.198238,36.213942,2385.25100798445
2022-07-17T18:59:46.594,-115.198495,36.214135,2394.18934842312
2022-07-17T18:59:47.195,-115.198689,36.214306,2401.05103629573
2022-07-17T18:59:48.797,-115.199161,36.214714,2419.52295225548
2022-07-17T18:59:49.195,-115.199289,36.214821,2424.15840290428
2022-07-17T18:59:50.398,-115.199633,36.215143,2438.35456687539
2022-07-17T18:59:51.797,-115.20004,36.215508,2455.31063013601
2022-07-17T18:59:52.195,-115.200169,36.215615,2460.24991646088
2022-07-17T18:59:53.398,-115.200512,36.215916,2475.72359510042
2022-07-17T18:59:54.195,-115.200748,36.21613,2486.23495444328
2022-07-17T18:59:55.797,-115.201221,36.216559,2507.21471067184
2022-07-17T18:59:56.797,-115.201521,36.216838,2519.82826249608
2022-07-17T18:59:57.398,-115.201693,36.216989,2527.20059025655
2022-07-17T18:59:58.195,-115.20195,36.217203,2536.77358078364
2022-07-17T18:59:59.398,-115.202293,36.217546,2551.04754644649
2022-07-17T19:00:00.398,-115.202551,36.217825,2562.95896569363
2022-07-17T19:00:01.195,-115.202787,36.21804,2572.37545824398
2022-07-17T19:00:02.594,-115.203173,36.218426,2588.62293325133
2022-07-17T19:00:03.594,-115.203452,36.218705,2599.98443059789
2022-07-17T19:00:04.594,-115.203753,36.219006,2611.06047434755
2022-07-17T19:00:05.398,-115.203967,36.21922,2619.65829288713
2022-07-17T19:00:06.195,-115.204182,36.219456,2627.87046596211
2022-07-17T19:00:07.195,-115.204461,36.219757,2637.89816286662
2022-07-17T19:00:08.594,-115.204847,36.220164,2651.78461820528
2022-07-17T19:00:09.195,-115.205019,36.220336,2657.66368947263
2022-07-17T19:00:10.398,-115.205362,36.220679,2668.75956916928
2022-07-17T19:00:11.594,-115.205705,36.221044,2679.08599888333
2022-07-17T19:00:12.398,-115.20592,36.221302,2685.74153083194
2022-07-17T19:00:13.797,-115.206263,36.221731,2696.50156662735
2022-07-17T19:00:14.398,-115.206392,36.221924,2701.05278558277
2022-07-17T19:00:15.594,-115.206649,36.222332,2710.47658261651
2022-07-17T19:00:16.797,-115.206864,36.222761,2720.65071697657
2022-07-17T19:00:17.797,-115.206971,36.223147,2730.09314994596
2022-07-17T19:00:18.195,-115.207014,36.223297,2734.13962829824
2022-07-17T19:00:19.195,-115.207057,36.223662,2745.16498656102
2022-07-17T19:00:20.398,-115.207036,36.224113,2760.52752316836
2022-07-17T19:00:21.195,-115.206993,36.224413,2771.89482439199
2022-07-17T19:00:22.398,-115.206864,36.224864,2790.78460465313
2022-07-17T19:00:23.797,-115.206649,36.225357,2815.04025547335
2022-07-17T19:00:24.398,-115.206521,36.225572,2826.04744623651
2022-07-17T19:00:25.594,-115.206242,36.225936,2847.91417795419
2022-07-17T19:00:26.398,-115.206006,36.226194,2861.93302914286
2022-07-17T19:00:27.398,-115.205727,36.226473,2878.03084035351
2022-07-17T19:00:28.195,-115.205469,36.226687,2889.93500981459
2022-07-17T19:00:29.195,-115.205147,36.226945,2903.79389884157
2022-07-17T19:00:30.195,-115.204804,36.227224,2916.24859702748
2022-07-17T19:00:31.195,-115.204482,36.227503,2926.3645706199
2022-07-17T19:00:32.797,-115.203946,36.227932,2937.76801273286
2022-07-17T19:00:33.797,-115.203602,36.228211,2944.00693940938
2022-07-17T19:00:34.398,-115.203388,36.228383,2947.52848727668
2022-07-17T19:00:35.594,-115.202937,36.228704,2954.40768471297
2022-07-17T19:00:36.398,-115.202637,36.228919,2959.37892985538
2022-07-17T19:00:37.195,-115.202336,36.229112,2964.44493425604
2022-07-17T19:00:38.195,-115.201929,36.229391,2971.343415794
2022-07-17T19:00:39.594,-115.201371,36.229734,2983.36261714045
2022-07-17T19:00:40.195,-115.201135,36.229906,2989.10186985866
2022-07-17T19:00:41.797,-115.200512,36.230314,3005.57065101247
2022-07-17T19:00:42.195,-115.200362,36.230421,3009.91033343599
2022-07-17T19:00:43.195,-115.199955,36.230679,3021.1238329591
2022-07-17T19:00:44.594,-115.199375,36.231022,3037.45344356688
2022-07-17T19:00:45.594,-115.198946,36.231236,3049.66684956222
2022-07-17T19:00:46.594,-115.198495,36.231408,3062.57253039266
2022-07-17T19:00:47.797,-115.197937,36.231601,3078.50204603791
2022-07-17T19:00:48.797,-115.197444,36.231687,3091.4726734245
2022-07-17T19:00:49.594,-115.197036,36.231751,3101.29122203498
2022-07-17T19:00:51.797,-115.19592,36.231773,3124.69936748078
2022-07-17T19:00:52.797,-115.195405,36.23173,3132.79742633665
2022-07-17T19:00:53.594,-115.194998,36.231666,3137.79944126987
2022-07-17T19:00:54.195,-115.194697,36.231601,3140.65968914298
2022-07-17T19:00:55.398,-115.194118,36.23143,3144.2913333632
2022-07-17T19:00:56.195,-115.193732,36.231301,3145.08328792332
2022-07-17T19:00:57.195,-115.19326,36.231129,3144.03051026449
2022-07-17T19:00:58.195,-115.192788,36.230915,3140.6940992634
2022-07-17T19:00:59.398,-115.192251,36.230636,3133.60784640931
2022-07-17T19:01:00.594,-115.191715,36.230335,3124.71664110125
2022-07-17T19:01:01.195,-115.191457,36.230164,3119.84816766361
2022-07-17T19:01:02.195,-115.191028,36.229885,3110.90784382647
2022-07-17T19:01:03.594,-115.190449,36.229477,3095.7769067231
2022-07-17T19:01:04.195,-115.190213,36.229305,3088.10689304504
2022-07-17T19:01:05.797,-115.189569,36.228833,3065.88495986681
2022-07-17T19:01:08.594,-115.188453,36.227975,3029.01725670732
2022-07-17T19:01:09.797,-115.188003,36.22761,3016.84811617027
2022-07-17T19:01:10.195,-115.187852,36.227481,3013.2387483483
2022-07-17T19:01:11.797,-115.187252,36.226988,3000.5651063617
2022-07-17T19:01:12.594,-115.186951,36.226752,2995.36073122763
2022-07-17T19:01:13.594,-115.186586,36.22643,2989.70803471421
2022-07-17T19:01:14.398,-115.186286,36.226194,2985.99975735187
2022-07-17T19:01:15.195,-115.185964,36.225936,2982.77323624446
2022-07-17T19:01:16.398,-115.185513,36.225572,2977.18942958684
2022-07-17T19:01:17.398,-115.185149,36.225271,2971.98067504093
2022-07-17T19:01:18.797,-115.184634,36.224821,2964.01098911217
2022-07-17T19:01:20.797,-115.183926,36.22422,2951.80539707004
2022-07-17T19:01:21.398,-115.183733,36.224027,2947.99230560562
2022-07-17T19:01:22.797,-115.183218,36.223598,2939.33652536497
2022-07-17T19:01:23.195,-115.183089,36.22349,2937.0248906593
2022-07-17T19:01:23.195,-115.183089,36.22349,2937.0248906593
2022-07-17T19:01:24.797,-115.182531,36.222997,2928.76263380332
2022-07-17T19:01:25.797,-115.182166,36.222696,2924.33679616591
2022-07-17T19:01:26.797,-115.181801,36.222396,2920.53808122046
2022-07-17T19:01:27.797,-115.181458,36.222095,2917.62190569941
2022-07-17T19:01:28.195,-115.181329,36.221967,2916.7837863413
2022-07-17T19:01:28.195,-115.181329,36.221967,2916.7837863413
2022-07-17T19:01:29.398,-115.180922,36.221602,2915.24609534627
2022-07-17T19:01:30.797,-115.180471,36.221194,2914.78286950806
2022-07-17T19:01:31.594,-115.180213,36.220958,2915.0229984987
2022-07-17T19:01:32.797,-115.179827,36.220593,2915.80106908179
2022-07-17T19:01:33.594,-115.179548,36.220357,2916.40646984924
2022-07-17T19:01:34.398,-115.179291,36.220121,2916.85002696867
2022-07-17T19:01:35.594,-115.178905,36.219757,2916.54497573649
2022-07-17T19:01:36.594,-115.178583,36.219456,2916.13152566619
2022-07-17T19:01:37.398,-115.178304,36.21922,2915.96614905533
2022-07-17T19:01:38.594,-115.177896,36.218855,2915.8970798888
2022-07-17T19:01:39.195,-115.177703,36.218662,2915.95446398386
2022-07-17T19:01:40.195,-115.177381,36.21834,2916.55595944585
2022-07-17T19:01:41.398,-115.176973,36.217954,2918.48165432953
2022-07-17T19:01:42.398,-115.176651,36.217632,2921.20001804089
2022-07-17T19:01:44.797,-115.175836,36.21686,2932.27937048333
2022-07-17T19:01:45.797,-115.175514,36.216538,2938.51036341292
2022-07-17T19:01:46.195,-115.175364,36.216409,2940.99417446106
2022-07-17T19:01:47.398,-115.174956,36.216023,2948.16638917211
2022-07-17T19:01:48.797,-115.174484,36.215572,2955.60157203839
2022-07-17T19:01:49.797,-115.174162,36.21525,2960.39021081002
2022-07-17T19:01:50.398,-115.173991,36.215057,2963.10781117809
2022-07-17T19:01:51.594,-115.173626,36.21465,2968.02880506823
2022-07-17T19:01:52.594,-115.173347,36.214349,2971.11320645397
2022-07-17T19:01:54.398,-115.172832,36.213791,2972.54124726042
2022-07-17T19:01:55.594,-115.17251,36.213405,2970.81211710788
2022-07-17T19:01:56.195,-115.172338,36.213233,2969.15085050308
2022-07-17T19:01:57.398,-115.172038,36.212869,2964.27933469871
2022-07-17T19:01:58.195,-115.171824,36.212633,2959.88147395172
2022-07-17T19:01:59.398,-115.171523,36.212268,2951.56176940065
2022-07-17T19:02:00.195,-115.17133,36.21201,2987.8
2022-07-17T19:02:01.594,-115.170987,36.211581,2949.9
2022-07-17T19:02:02.398,-115.170794,36.211324,2934.5
2022-07-17T19:02:03.594,-115.170536,36.210938,2916.0
2022-07-17T19:02:04.195,-115.170407,36.210723,2907.3
2022-07-17T19:02:05.594,-115.170236,36.210229,2885.8
2022-07-17T19:02:06.398,-115.170171,36.209929,2871.2
2022-07-17T19:02:07.797,-115.17015,36.209393,2845.5
2022-07-17T19:02:08.594,-115.170171,36.209092,2833.2
2022-07-17T19:02:09.398,-115.170214,36.208792,2822.9
2022-07-17T19:02:10.195,-115.170257,36.208513,2815.0
2022-07-17T19:02:11.398,-115.170407,36.208062,2806.1
2022-07-17T19:02:12.000,-115.170472,36.207848,2800.0
2022-07-17T19:02:13.594,-115.170729,36.20729,2779.7
2022-07-17T19:02:14.398,-115.170879,36.207011,2766.2
2022-07-17T19:02:15.594,-115.171137,36.206603,2745.6
2022-07-17T19:02:16.195,-115.171287,36.206388,2736.8
2022-07-17T19:02:17.797,-115.17163,36.205831,2719.3
2022-07-17T19:02:18.195,-115.171738,36.205702,2717.4
2022-07-17T19:02:19.594,-115.172038,36.205208,2715.5
2022-07-17T19:02:20.195,-115.172188,36.205015,2714.7
2022-07-17T19:02:21.195,-115.172424,36.204672,2714.1
2022-07-17T19:02:22.797,-115.172811,36.204157,2705.8
2022-07-17T19:02:23.797,-115.173047,36.203835,2694.5
2022-07-17T19:02:24.195,-115.173132,36.203706,2688.6
2022-07-17T19:02:25.195,-115.17339,36.203406,2671.3
2022-07-17T19:02:26.797,-115.173862,36.202955,2635.8
2022-07-17T19:02:27.195,-115.173991,36.202848,2625.6
2022-07-17T19:02:28.797,-115.174549,36.20244,2583.2
2022-07-17T19:02:29.594,-115.17487,36.20229,2563.5
2022-07-17T19:02:30.594,-115.1753,36.202097,2542.4
2022-07-17T19:02:31.594,-115.17575,36.201968,2525.7
2022-07-17T19:02:32.398,-115.176094,36.201861,2515.4
2022-07-17T19:02:33.398,-115.176544,36.201775,2504.2
2022-07-17T19:02:34.195,-115.17693,36.201689,2496.7
2022-07-17T19:02:35.797,-115.17766,36.201603,2483.0
2022-07-17T19:02:36.594,-115.178025,36.20156,2475.0
2022-07-17T19:02:37.797,-115.178583,36.201518,2463.7
2022-07-17T19:02:38.398,-115.178862,36.201518,2457.7
2022-07-17T19:02:39.195,-115.179226,36.201496,2448.8
2022-07-17T19:02:40.398,-115.1797839945243,36.20149600653457,2433.1025833438985
2022-07-17T19:02:41.797,-115.1804274959954,36.20153960146726,2411.437781049202
2022-07-17T19:02:42.594,-115.18079148399654,36.20156180916292,2400.215225389573
2022-07-17T19:02:43.797,-115.18132424542101,36.2016516740029,2386.0431318356095
2022-07-17T19:02:44.594,-115.18166457900813,36.20174204941393,2378.7728848740385
2022-07-17T19:02:45.797,-115.1821711085299,36.20188115788371,2371.669116592405
2022-07-17T19:02:46.594,-115.18248647679029,36.201973878669506,2366.22607832465
2022-07-17T19:02:47.195,-115.18271929603395,36.202063674509425,2360.8267066280937
2022-07-17T19:02:48.398,-115.18318819244975,36.202261571630444,2347.162709877798
2022-07-17T19:02:49.398,-115.18355054222204,36.202434540973435,2332.741260056388
2022-07-17T19:02:50.594,-115.18400089252899,36.20267131630187,2313.0477745051116
2022-07-17T19:02:51.398,-115.18430084738931,36.202864370170495,2300.9690706578995
2022-07-17T19:02:52.000,-115.18447284738932,36.202993370170496,2232.1690706578993
