Time,Longitude,Latitude,ortho_fit
2022-07-17T18:45:00.797,-115.17309,36.194887,2475.378530229
2022-07-17T18:45:01.797,-115.173476,36.195037,2465.0101799818
2022-07-17T18:45:02.195,-115.173626,36.195102,2460.825653281
2022-07-17T18:45:03.398,-115.174055,36.195295,2448.3379511693
2022-07-17T18:45:04.594,-115.174484,36.195509,2436.0267251557
2022-07-17T18:45:05.594,-115.174849,36.195681,2425.8379299844
2022-07-17T18:45:06.195,-115.175042,36.19581,2419.8859869616
2022-07-17T18:45:07.398,-115.17545,36.196046,2408.5090576715
2022-07-17T18:45:08.195,-115.175707,36.196239,2401.5858715742
2022-07-17T18:45:09.398,-115.176094,36.196496,2392.4618807055
2022-07-17T18:45:10.398,-115.176394,36.196711,2386.1177244459
2022-07-17T18:45:11.797,-115.176845,36.197033,2379.3953866126
2022-07-17T18:45:12.594,-115.177081,36.197205,2376.4759725138
2022-07-17T18:45:13.195,-115.177252,36.197355,2374.5173920285
2022-07-17T18:45:14.594,-115.177681,36.197655,2369.9752326392
2022-07-17T18:45:15.195,-115.177853,36.197805,2367.9615792883
2022-07-17T18:45:16.195,-115.178132,36.19802,2364.3467338168
2022-07-17T18:45:17.797,-115.178604,36.198363,2357.4492633787
2022-07-17T18:45:18.594,-115.17884,36.198535,2353.1742673267
2022-07-17T18:45:19.195,-115.179012,36.198664,2349.4794466265
2022-07-17T18:45:20.594,-115.17942,36.198964,2339.0955841034
2022-07-17T18:45:21.797,-115.179763,36.199222,2328.4115061975
2022-07-17T18:45:22.398,-115.179935,36.19935,2322.7597359378
2022-07-17T18:45:23.594,-115.180256,36.199608,2311.4149378759
2022-07-17T18:45:24.398,-115.180492,36.19978,2304.0800036347
2022-07-17T18:45:25.797,-115.180857,36.20008,2292.5644844299
2022-07-17T18:45:26.398,-115.181029,36.200209,2288.2101641662
2022-07-17T18:45:27.594,-115.181351,36.200466,2280.481877919
2022-07-17T18:45:28.594,-115.181608,36.200681,2274.4560744722
2022-07-17T18:45:29.398,-115.181823,36.200852,2269.6248457845
2022-07-17T18:45:30.594,-115.182123,36.201088,2262.0263898298
2022-07-17T18:45:31.594,-115.182381,36.201303,2255.2117044428
2022-07-17T18:45:32.195,-115.182552,36.20141,2250.9214435079
2022-07-17T18:45:33.195,-115.18281,36.201625,2243.4089821799
2022-07-17T18:45:34.594,-115.183175,36.201904,2232.0428277711
2022-07-17T18:45:35.398,-115.183368,36.202054,2224.9193741912
2022-07-17T18:45:36.398,-115.183625,36.202269,2215.5300505898
2022-07-17T18:45:37.398,-115.183883,36.202462,2205.6057938247
2022-07-17T18:45:38.797,-115.184226,36.202741,2191.2955578579
2022-07-17T18:45:39.797,-115.184462,36.202934,2181.6969381377
2022-07-17T18:45:40.398,-115.184612,36.203063,2176.3907494186
2022-07-17T18:45:41.195,-115.184805,36.203213,2169.8888460426
2022-07-17T18:45:42.594,-115.18517,36.203492,2159.9597009577
2022-07-17T18:45:43.797,-115.185471,36.203728,2153.2378361371
2022-07-17T18:45:44.195,-115.185578,36.203792,2151.424132675
2022-07-17T18:45:45.594,-115.185921,36.204071,2146.4489920957
2022-07-17T18:45:46.398,-115.186114,36.204221,2144.4830385839
2022-07-17T18:45:47.797,-115.186458,36.204479,2142.3785455325
2022-07-17T18:45:48.797,-115.186694,36.204672,2141.8357988687
2022-07-17T18:45:49.195,-115.186779,36.204758,2141.8032561812
2022-07-17T18:45:50.195,-115.186994,36.204951,2142.1132527659
2022-07-17T18:45:51.797,-115.187337,36.205251,2143.0839593076
2022-07-17T18:45:52.195,-115.187423,36.205316,2143.2828719662
2022-07-17T18:45:53.594,-115.187724,36.205552,2143.7192423167
2022-07-17T18:45:54.594,-115.187938,36.205702,2143.7999252988
2022-07-17T18:45:55.797,-115.188174,36.205895,2143.8
2022-07-17T18:45:56.594,-115.188324,36.206024,2143.8
2022-07-17T18:45:57.398,-115.188475,36.206152,2143.8
2022-07-17T18:45:58.797,-115.188754,36.206346,2143.8
2022-07-17T18:45:59.195,-115.188818,36.20641,2143.8
2022-07-17T18:46:00.797,-115.189118,36.206646,2143.8
2022-07-17T18:46:01.797,-115.18929,36.206796,2143.8
2022-07-17T18:46:02.797,-115.189483,36.206946,2143.8
2022-07-17T18:46:03.398,-115.18959,36.207032,2143.8
2022-07-17T18:46:04.594,-115.189805,36.207204,2143.7182881694
2022-07-17T18:46:05.797,-115.190041,36.207397,2143.2822173188
2022-07-17T18:46:06.594,-115.190213,36.207526,2142.8980422944
2022-07-17T18:46:07.797,-115.19047,36.20774,2142.2049877235
2022-07-17T18:46:08.195,-115.190556,36.207805,2141.9828890188
2022-07-17T18:46:09.594,-115.190899,36.208062,2141.7531759895
2022-07-17T18:46:10.797,-115.1912,36.208298,2143.0516957015
2022-07-17T18:46:11.594,-115.191414,36.208448,2144.8368214292
2022-07-17T18:46:12.398,-115.191629,36.20862,2147.300350177
2022-07-17T18:46:13.398,-115.191908,36.208813,2151.2890257512
2022-07-17T18:46:14.594,-115.192251,36.209071,2157.4663959218
2022-07-17T18:46:15.594,-115.19253,36.209285,2163.3354642566
2022-07-17T18:46:16.398,-115.192745,36.209478,2168.3341133259
2022-07-17T18:46:17.594,-115.193088,36.209757,2176.0992418745
2022-07-17T18:46:18.195,-115.19326,36.209886,2180.0379267114
2022-07-17T18:46:19.398,-115.193624,36.210186,2187.4351364778
2022-07-17T18:46:20.195,-115.193861,36.21038,2191.4021737973
2022-07-17T18:46:21.195,-115.194161,36.210616,2195.0683148583
2022-07-17T18:46:22.797,-115.194654,36.211023,2196.4895554874
2022-07-17T18:46:24.594,-115.195234,36.211474,2204.9754652173
2022-07-17T18:46:25.398,-115.195491,36.211667,2211.7366337671
2022-07-17T18:46:26.594,-115.195899,36.211967,2224.5552211805
2022-07-17T18:46:27.195,-115.196071,36.212139,2232.089097158
2022-07-17T18:46:29.398,-115.196757,36.212697,2264.597486529
2022-07-17T18:46:30.398,-115.197058,36.212955,2281.2222073546
2022-07-17T18:46:31.195,-115.197294,36.213169,2294.9931645384
2022-07-17T18:46:32.594,-115.197701,36.213534,2319.744717136
2022-07-17T18:46:33.797,-115.198066,36.213856,2341.0346321141
2022-07-17T18:46:34.195,-115.198195,36.213963,2347.9745218728
2022-07-17T18:46:35.398,-115.19856,36.214285,2368.3414747127
2022-07-17T18:46:36.594,-115.198903,36.214585,2387.0055027305
2022-07-17T18:46:37.195,-115.199075,36.214757,2395.5436956549
2022-07-17T18:46:38.594,-115.199504,36.215122,2416.9242650546
2022-07-17T18:46:39.195,-115.199676,36.215293,2426.5357704296
2022-07-17T18:46:40.398,-115.20004,36.215615,2445.7790731614
2022-07-17T18:46:41.797,-115.200448,36.216002,2468.5090038627
2022-07-17T18:46:42.797,-115.200748,36.216259,2485.2949531615
2022-07-17T18:46:44.195,-115.201178,36.216645,2509.47405892
2022-07-17T18:46:45.398,-115.201521,36.216967,2530.6235026529
2022-07-17T18:46:46.398,-115.2018,36.217225,2547.8687327418
2022-07-17T18:46:47.398,-115.202079,36.217504,2564.5481001968
2022-07-17T18:46:48.398,-115.202358,36.217761,2580.406917903
2022-07-17T18:46:49.594,-115.202701,36.218061,2597.6043896201
2022-07-17T18:46:50.195,-115.202851,36.218233,2605.4866204623
2022-07-17T18:46:51.398,-115.203173,36.218534,2620.1181343964
2022-07-17T18:46:52.195,-115.203388,36.218748,2629.5995936839
2022-07-17T18:46:53.398,-115.20371,36.219049,2643.8487528149
2022-07-17T18:46:54.398,-115.203989,36.219327,2655.2249810183
2022-07-17T18:46:55.594,-115.204268,36.219649,2668.124962272
2022-07-17T18:46:56.195,-115.204396,36.219842,2674.4824922985
2022-07-17T18:46:58.594,-115.204825,36.220593,2701.3813676541
2022-07-17T18:46:59.398,-115.204933,36.220851,2711.9774200394
2022-07-17T18:47:00.594,-115.205019,36.221259,2728.8640929444
2022-07-17T18:47:01.797,-115.205061,36.221688,2746.1203653399
2022-07-17T18:47:02.797,-115.205061,36.222031,2760.3403179655
2022-07-17T18:47:03.797,-115.205019,36.222374,2774.2415987167
2022-07-17T18:47:04.398,-115.204976,36.222589,2782.4471534402
2022-07-17T18:47:05.195,-115.20489,36.222868,2793.1786999241
2022-07-17T18:47:07.797,-115.204439,36.223726,2825.9089150071
2022-07-17T18:47:08.594,-115.204246,36.223984,2834.6337725802
2022-07-17T18:47:09.398,-115.204031,36.22422,2841.9663193016
2022-07-17T18:47:10.594,-115.203667,36.224563,2848.2581413248
2022-07-17T18:47:24.797,-115.198731,36.228147,3045.2286094102
2022-07-17T18:47:25.195,-115.198581,36.228232,3044.2344911364
2022-07-17T18:47:26.398,-115.198088,36.228533,3042.1711548264
2022-07-17T18:47:27.797,-115.19753,36.228855,3042.0646824463
2022-07-17T18:47:28.195,-115.197337,36.22894,3042.4528742135
2022-07-17T18:47:29.797,-115.196607,36.229241,3046.0035548827
2022-07-17T18:47:31.594,-115.195749,36.229498,3054.4886942512
2022-07-17T18:47:32.797,-115.195148,36.229627,3062.778754117
2022-07-17T18:47:33.797,-115.194633,36.229692,3070.5621961369
2022-07-17T18:47:34.398,-115.194333,36.229713,3075.5957949831
2022-07-17T18:47:36.195,-115.193431,36.229713,3092.704880104
2022-07-17T18:47:37.195,-115.192916,36.229649,3102.2173852281
2022-07-17T18:47:38.398,-115.192316,36.229563,3111.8288009788
2022-07-17T18:47:39.195,-115.191929,36.229477,3115.9701700952
2022-07-17T18:47:40.594,-115.191243,36.229305,3117.1121206943
2022-07-17T18:47:41.594,-115.190771,36.229134,3113.5741078621
2022-07-17T18:47:42.594,-115.190299,36.228962,3106.089818898
2022-07-17T18:47:43.195,-115.19002,36.228833,3099.6460070511
2022-07-17T18:47:44.797,-115.18929,36.22849,3076.3573085491
2022-07-17T18:47:46.000,-115.188754,36.228189,3055.8029728885
2022-07-17T18:47:47.195,-115.188239,36.227846,3034.745130042
2022-07-17T18:47:48.594,-115.187616,36.22746,3008.4195900267
2022-07-17T18:47:49.195,-115.187359,36.227267,2997.4396505379
2022-07-17T18:47:50.398,-115.186844,36.226902,2977.8101187281
2022-07-17T18:47:51.797,-115.186243,36.226451,2960.0358494777
2022-07-17T18:47:52.195,-115.186093,36.226323,2956.1491641397
2022-07-17T18:47:53.398,-115.185578,36.225915,2947.9082212298
2022-07-17T18:47:54.398,-115.185192,36.225572,2944.9441909204
2022-07-17T18:47:55.594,-115.184698,36.225164,2944.6582712029
2022-07-17T18:47:56.195,-115.184484,36.224949,2945.4273743249
2022-07-17T18:47:57.797,-115.183861,36.224434,2950.7360284287
2022-07-17T18:47:58.195,-115.183711,36.224284,2952.6283450497
2022-07-17T18:47:59.195,-115.183325,36.223962,2957.8506685355
2022-07-17T18:48:00.195,-115.182939,36.22364,2962.5989183614
2022-07-17T18:48:01.398,-115.182488,36.223254,2965.8268539871
2022-07-17T18:48:02.398,-115.182102,36.222911,2967.3683334052
2022-07-17T18:48:03.195,-115.181801,36.222653,2967.8433716755
2022-07-17T18:48:04.797,-115.181158,36.222117,2966.043289425
2022-07-17T18:48:05.195,-115.181029,36.221988,2964.9960981929
2022-07-17T18:48:06.594,-115.180492,36.221516,2959.5634609954
2022-07-17T18:48:07.797,-115.180042,36.22113,2953.3003191005
2022-07-17T18:48:08.195,-115.179892,36.221001,2950.9609789664
2022-07-17T18:48:09.594,-115.179334,36.220529,2942.1504687553
2022-07-17T18:48:10.594,-115.178969,36.220207,2936.3367755712
2022-07-17T18:48:12.398,-115.178282,36.219606,2927.3341706857
2022-07-17T18:48:13.594,-115.177832,36.219199,2922.8935478865
2022-07-17T18:48:14.195,-115.177617,36.218984,2921.2224852407
2022-07-17T18:48:15.797,-115.177016,36.218426,2918.468484811
2022-07-17T18:48:16.797,-115.17663,36.218083,2917.6767601278
2022-07-17T18:48:17.594,-115.17633,36.217804,2917.3999782599
2022-07-17T18:48:18.594,-115.175943,36.217461,2917.4477179373
2022-07-17T18:48:19.594,-115.175536,36.217117,2917.8660673323
2022-07-17T18:48:20.195,-115.175321,36.216924,2918.1886291556
2022-07-17T18:48:21.797,-115.174699,36.216366,2918.7529024121
2022-07-17T18:48:22.398,-115.174463,36.216173,2918.7978920926
2022-07-17T18:48:23.195,-115.174162,36.215916,2918.825130967
2022-07-17T18:48:24.594,-115.173626,36.215444,2919.1595285233
2022-07-17T18:48:25.594,-115.173261,36.215122,2919.632446274
2022-07-17T18:48:26.398,-115.172939,36.214864,2920.0389806313
2022-07-17T18:48:27.594,-115.17251,36.214478,2920.2651177046
2022-07-17T18:48:28.195,-115.172296,36.214285,2920.0585553975
2022-07-17T18:48:29.797,-115.171695,36.21377,2918.5778661237
2022-07-17T18:48:30.594,-115.171416,36.213512,2917.2908744219
2022-07-17T18:48:31.195,-115.171201,36.213319,2915.9124284687
2022-07-17T18:48:32.195,-115.170836,36.213019,2912.9707189324
2022-07-17T18:48:33.398,-115.170429,36.212611,2909.0744903247
2022-07-17T18:48:34.594,-115.17,36.212225,2905.494947669
2022-07-17T18:48:36.195,-115.169442,36.21171,2900.9468207389
2022-07-17T18:48:37.195,-115.169098,36.211388,2898.1398111168
2022-07-17T18:48:38.195,-115.168755,36.211066,2895.549044113
2022-07-17T18:48:39.797,-115.168197,36.210551,2892.2520227605
2022-07-17T18:48:40.195,-115.168068,36.210423,2891.5085403804
2022-07-17T18:48:41.594,-115.167596,36.209972,2888.6992853097
2022-07-17T18:48:42.398,-115.167317,36.209714,2886.661406569
2022-07-17T18:48:43.594,-115.16691,36.20935,2882.4168637899
2022-07-17T18:48:44.398,-115.166652,36.209092,2878.9285157802
2022-07-17T18:48:45.195,-115.166373,36.208856,2875.2094743156
2022-07-17T18:48:46.195,-115.166051,36.208534,2870.3270066041
2022-07-17T18:48:47.398,-115.165665,36.208169,2864.1828257039
2022-07-17T18:48:48.398,-115.165343,36.207848,2859.1623650114
2022-07-17T18:48:49.195,-115.165107,36.207612,2855.6311279559
2022-07-17T18:48:50.398,-115.164742,36.207225,2850.8243147569
2022-07-17T18:48:51.398,-115.164464,36.206925,2846.7798755106
2022-07-17T18:48:52.594,-115.16412,36.206539,2841.5752465861
2022-07-17T18:48:53.797,-115.163777,36.206174,2835.9190875644
2022-07-17T18:48:54.398,-115.163605,36.205981,2832.9437572673
2022-07-17T18:48:55.797,-115.163219,36.20553,2825.8921098121
2022-07-17T18:48:56.797,-115.16294,36.205208,2820.8420623461
2022-07-17T18:48:57.797,-115.162661,36.204886,2815.5418549869
2022-07-17T18:48:58.195,-115.162554,36.204758,2813.3120580795
2022-07-17T18:48:59.398,-115.162232,36.20435,2805.9883457167
2022-07-17T18:49:01.195,-115.161738,36.203771,2793.4321726374
2022-07-17T18:49:02.594,-115.161374,36.203299,2783.5812171675
2022-07-17T18:49:04.398,-115.160902,36.202676,2771.6013225036
2022-07-17T18:49:05.195,-115.160708,36.202376,2765.522484507
2022-07-17T18:49:06.398,-115.160408,36.201947,2754.320102011
2022-07-17T18:49:07.594,-115.160151,36.201475,2741.0612730427
2022-07-17T18:49:08.797,-115.159979,36.201003,2726.053069574
2022-07-17T18:49:09.594,-115.159914,36.200681,2715.1772615254
2022-07-17T18:49:10.398,-115.159893,36.200337,2703.2760064557
2022-07-17T18:49:12.797,-115.159979,36.199393,2661.9170946564
2022-07-17T18:49:13.398,-115.160065,36.199157,2651.3658379536
2022-07-17T18:49:14.594,-115.160279,36.198707,2631.4634438003
2022-07-17T18:49:15.398,-115.160472,36.198428,2618.7537134846
2022-07-17T18:49:16.797,-115.16088,36.197956,2598.0842740221
2022-07-17T18:49:17.195,-115.161009,36.197848,2592.8902038988
2022-07-17T18:49:18.797,-115.161588,36.197398,2576.2154208848
2022-07-17T18:49:19.594,-115.161889,36.197183,2569.6296580644
2022-07-17T18:49:20.195,-115.162146,36.197033,2564.9949460983
2022-07-17T18:49:21.195,-115.162554,36.196797,2557.2752174616
2022-07-17T18:49:22.797,-115.163198,36.196432,2543.6520122423
2022-07-17T18:49:23.398,-115.163455,36.196282,2538.333638173
2022-07-17T18:49:24.195,-115.163777,36.19611,2531.224016903
2022-07-17T18:49:25.398,-115.16427,36.195853,2519.7804285083
2022-07-17T18:49:26.398,-115.164678,36.195617,2509.7398067365
2022-07-17T18:49:27.594,-115.165172,36.195359,2497.4816880543
2022-07-17T18:49:28.797,-115.165687,36.195102,2485.505660308
2022-07-17T18:49:29.797,-115.166094,36.194887,2476.5586337127
2022-07-17T18:49:30.594,-115.166416,36.194737,2469.7897186467
2022-07-17T18:49:31.398,-115.166759,36.194565,2463.2476724724
2022-07-17T18:49:32.797,-115.167382,36.194329,2452.7187893352
2022-07-17T18:49:33.398,-115.167639,36.194222,2448.7007873671
2022-07-17T18:49:34.195,-115.168004,36.194115,2444.2222302127
2022-07-17T18:49:35.797,-115.168734,36.193986,2437.5647388512
2022-07-17T18:49:36.398,-115.169013,36.193964,2434.8256579712
2022-07-17T18:49:37.797,-115.169656,36.193943,2427.6695334524
2022-07-17T18:49:38.594,-115.170021,36.193964,2423.265991494
2022-07-17T18:49:39.398,-115.170407,36.194007,2418.4952574955
2022-07-17T18:49:40.398,-115.170858,36.194093,2412.0306119763
2022-07-17T18:49:41.594,-115.171373,36.194201,2403.8017512183
2022-07-17T18:49:42.594,-115.171824,36.194308,2396.9235704034
2022-07-17T18:49:43.594,-115.172253,36.194437,2390.2766775761
2022-07-17T18:49:44.797,-115.172746,36.19463,2382.8146872489
2022-07-17T18:49:45.594,-115.17309,36.19478,2378.2583280108
2022-07-17T18:49:46.594,-115.173476,36.194973,2372.7295629673
2022-07-17T18:49:47.797,-115.173926,36.19523,2366.4232003929
2022-07-17T18:49:48.195,-115.174077,36.195316,2364.4876310452
2022-07-17T18:49:49.797,-115.174656,36.19566,2357.8833002278
2022-07-17T18:49:50.398,-115.174892,36.19581,2356.0512812033
2022-07-17T18:49:51.594,-115.1753,36.196089,2353.4196496902
2022-07-17T18:49:52.195,-115.175514,36.196218,2352.3498683293
2022-07-17T18:49:53.594,-115.176008,36.196561,2349.7319000478
2022-07-17T18:49:55.195,-115.176544,36.196926,2346.8003149299
2022-07-17T18:49:56.195,-115.176888,36.197162,2344.9932422318
2022-07-17T18:49:57.195,-115.177209,36.197419,2343.1610975645
2022-07-17T18:49:58.195,-115.177531,36.197655,2340.9981705138
2022-07-17T18:49:59.594,-115.178003,36.197977,2336.8204581655
2022-07-17T18:50:00.594,-115.178347,36.198213,2332.6458659679
2022-07-17T18:50:01.797,-115.178733,36.198514,2325.8347398095
2022-07-17T18:50:02.797,-115.179076,36.19875,2318.4313105961
2022-07-17T18:50:03.594,-115.179334,36.198943,2311.7248797774
2022-07-17T18:50:04.594,-115.179656,36.199179,2302.9513917617
2022-07-17T18:50:05.398,-115.179892,36.19935,2295.8390987568
2022-07-17T18:50:06.797,-115.180299,36.199694,2283.4057219017
2022-07-17T18:50:07.594,-115.180557,36.199865,2276.5801271059
2022-07-17T18:50:08.797,-115.1809,36.200144,2267.4061577391
2022-07-17T18:50:10.398,-115.181394,36.200488,2256.849192109
2022-07-17T18:50:11.797,-115.181823,36.200788,2247.5936723621
2022-07-17T18:50:12.797,-115.182102,36.201024,2240.9327850581
2022-07-17T18:50:13.797,-115.182402,36.201239,2234.5466316856
2022-07-17T18:50:14.398,-115.182552,36.201367,2230.8455583754
2022-07-17T18:50:15.195,-115.182788,36.20156,2226.0687293849
2022-07-17T18:50:16.797,-115.183239,36.201925,2216.9691688995
2022-07-17T18:50:17.195,-115.183346,36.202033,2214.7139984388
2022-07-17T18:50:18.797,-115.183797,36.202397,2205.0630925035
2022-07-17T18:50:19.398,-115.183969,36.202526,2201.0484009396
2022-07-17T18:50:20.797,-115.184355,36.202848,2191.0916506077
2022-07-17T18:50:21.594,-115.184591,36.20302,2185.4703116202
2022-07-17T18:50:22.594,-115.18487,36.203256,2178.7052916126
2022-07-17T18:50:23.195,-115.185041,36.203384,2174.8462591101
2022-07-17T18:50:24.398,-115.185385,36.203663,2167.5177991493
2022-07-17T18:50:25.398,-115.185685,36.203878,2161.6782290278
2022-07-17T18:50:26.398,-115.185964,36.204093,2156.230474884
2022-07-17T18:50:27.398,-115.186243,36.204329,2151.5569786012
2022-07-17T18:50:28.594,-115.186586,36.204586,2147.0533530507
2022-07-17T18:50:29.797,-115.186908,36.204865,2143.8935301552
2022-07-17T18:50:30.797,-115.187166,36.20508,2142.4544941105
2022-07-17T18:50:31.195,-115.187273,36.205165,2142.1574695782
2022-07-17T18:50:32.797,-115.187702,36.205509,2142.0612102352
2022-07-17T18:50:33.195,-115.187809,36.205595,2142.2267610353
2022-07-17T18:50:34.594,-115.188174,36.205873,2142.9987084397
2022-07-17T18:50:35.594,-115.188432,36.206088,2143.4748265493
2022-07-17T18:50:36.594,-115.188668,36.206281,2143.7492982742
2022-07-17T18:50:37.797,-115.188947,36.206496,2143.8
2022-07-17T18:50:38.398,-115.189097,36.206603,2143.8
2022-07-17T18:50:39.594,-115.189376,36.206839,2143.8
2022-07-17T18:50:40.398,-115.189548,36.206968,2143.7999343931
2022-07-17T18:50:41.195,-115.189741,36.207118,2143.7563978604
2022-07-17T18:50:42.195,-115.189934,36.20729,2143.52623915
2022-07-17T18:50:43.398,-115.190191,36.207483,2142.9097540772
2022-07-17T18:50:44.594,-115.190449,36.207697,2142.1835839082
2022-07-17T18:50:45.195,-115.190578,36.207805,2141.8559678574
2022-07-17T18:50:46.594,-115.190878,36.208041,2141.629190988
2022-07-17T18:50:47.594,-115.191114,36.208234,2142.1818534685
2022-07-17T18:50:48.797,-115.191414,36.208448,2144.0957393424
2022-07-17T18:50:49.594,-115.191629,36.20862,2146.1875284137
2022-07-17T18:50:50.195,-115.191801,36.208727,2148.2346921729
2022-07-17T18:50:51.398,-115.192122,36.208963,2153.6871657642
2022-07-17T18:50:52.398,-115.192401,36.209157,2160.0470071083
2022-07-17T18:50:53.594,-115.192723,36.209414,2169.7445447829
2022-07-17T18:50:54.195,-115.192895,36.209543,2175.2495357897
2022-07-17T18:50:55.594,-115.193238,36.209865,2189.46744635
2022-07-17T18:50:56.195,-115.193388,36.210015,2196.1085219466
2022-07-17T18:50:57.594,-115.193753,36.210358,2212.8234405528
2022-07-17T18:50:58.195,-115.193903,36.210508,2220.4401098838
2022-07-17T18:50:59.398,-115.194225,36.210787,2235.9871257312
2022-07-17T18:51:00.594,-115.194569,36.211066,2251.4884862907
2022-07-17T18:51:01.398,-115.194783,36.211259,2261.7500797132
2022-07-17T18:51:02.594,-115.195127,36.211538,2276.5621274772
2022-07-17T18:51:03.797,-115.19547,36.211839,2290.7754060065
2022-07-17T18:51:04.398,-115.195642,36.211989,2297.5091339428
2022-07-17T18:51:05.594,-115.195985,36.212268,2310.3264434231
2022-07-17T18:51:06.195,-115.196157,36.212418,2316.5044947043
2022-07-17T18:51:07.797,-115.196629,36.212804,2331.9731636877
2022-07-17T18:51:08.195,-115.196736,36.21289,2335.4977181451
2022-07-17T18:51:23.594,-115.201156,36.21686,2523.2934607746
2022-07-17T18:51:24.594,-115.201457,36.217139,2533.9172434476
2022-07-17T18:51:25.594,-115.201735,36.217396,2544.131009987
2022-07-17T18:51:26.398,-115.20195,36.217611,2551.594168994
2022-07-17T18:51:27.594,-115.202293,36.217954,2562.0888756498
2022-07-17T18:51:28.797,-115.202658,36.218276,2573.4302434266
2022-07-17T18:51:29.398,-115.20283,36.218448,2579.5126835649
2022-07-17T18:51:30.797,-115.203216,36.218812,2594.7727271187
2022-07-17T18:51:31.594,-115.203431,36.219049,2604.2150340758
2022-07-17T18:51:32.398,-115.203667,36.219263,2614.1410419582
2022-07-17T18:51:33.594,-115.203989,36.219585,2629.3970318697
2022-07-17T18:51:34.797,-115.204332,36.219928,2645.3802189796
2022-07-17T18:51:35.398,-115.204504,36.220078,2653.6724352148
2022-07-17T18:51:36.195,-115.204718,36.220315,2665.054283087
2022-07-17T18:51:37.398,-115.205061,36.220636,2683.2253718584
2022-07-17T18:51:38.195,-115.205255,36.220872,2696.0126567034
2022-07-17T18:51:39.594,-115.205641,36.221259,2719.6040042944
2022-07-17T18:51:40.195,-115.205812,36.22143,2730.0159495559
2022-07-17T18:51:41.797,-115.206199,36.221902,2757.921970069
2022-07-17T18:51:42.195,-115.206285,36.222031,2764.7836068785
2022-07-17T18:51:43.594,-115.206521,36.222503,2788.4090968719
2022-07-17T18:51:44.195,-115.206606,36.222696,2798.2514151404
2022-07-17T18:51:45.797,-115.206735,36.223254,2822.9605640138
2022-07-17T18:51:46.594,-115.206735,36.223533,2834.3137670307
2022-07-17T18:51:47.594,-115.206714,36.223876,2847.5748325088
2022-07-17T18:51:48.797,-115.206628,36.224284,2861.4151115164
2022-07-17T18:51:49.594,-115.206542,36.224563,2868.7756997103
2022-07-17T18:51:50.797,-115.206349,36.224949,2877.1599468756
2022-07-17T18:51:51.594,-115.206199,36.225207,2880.7548023706
2022-07-17T18:51:52.594,-115.205963,36.225507,2883.661770226
2022-07-17T18:51:54.195,-115.205534,36.225979,2887.4836010162
2022-07-17T18:51:55.797,-115.20504,36.22643,2891.8831220871
2022-07-17T18:51:56.195,-115.204911,36.226537,2893.2533420533
2022-07-17T18:51:57.195,-115.204589,36.226795,2897.6026068215
2022-07-17T18:51:58.797,-115.204053,36.227202,2908.3142420312
2022-07-17T18:52:00.195,-115.203559,36.227546,2919.993613148
2022-07-17T18:52:01.797,-115.203001,36.227953,2934.5175956949
2022-07-17T18:52:02.797,-115.202637,36.228211,2943.544617528
2022-07-17T18:52:03.797,-115.202293,36.228447,2951.8684091372
2022-07-17T18:52:04.594,-115.201993,36.22864,2957.9242422238
2022-07-17T18:52:05.195,-115.201778,36.22879,2962.2373012358
2022-07-17T18:52:06.594,-115.201285,36.229134,2971.4109177847
2022-07-17T18:52:07.797,-115.200834,36.229434,2977.9858010501
2022-07-17T18:52:08.195,-115.200684,36.229541,2979.8093893289
2022-07-17T18:52:09.594,-115.200148,36.229863,2985.1392265367
2022-07-17T18:52:10.195,-115.199912,36.229992,2987.0746503979
2022-07-17T18:52:11.797,-115.199225,36.230314,2991.2753966889
2022-07-17T18:52:12.398,-115.198946,36.230421,2992.4530374817
2022-07-17T18:52:13.797,-115.198302,36.230614,2994.3362945881
2022-07-17T18:52:14.195,-115.198109,36.230657,2994.6947952163
2022-07-17T18:52:15.594,-115.197423,36.230786,2995.3117400964
2022-07-17T18:52:16.594,-115.196908,36.23085,2995.1590965857
2022-07-17T18:52:17.594,-115.196414,36.230872,2994.7054710472
2022-07-17T18:52:18.594,-115.195899,36.230872,2994.1598441178
2022-07-17T18:52:19.594,-115.195405,36.230829,2993.830397188
2022-07-17T18:52:20.797,-115.194805,36.230721,2993.8
2022-07-17T18:52:21.797,-115.194311,36.230614,2993.8
2022-07-17T18:52:22.594,-115.193903,36.230507,2993.8
2022-07-17T18:52:23.797,-115.193324,36.230314,2993.8
2022-07-17T18:52:24.195,-115.193131,36.230249,2993.8
2022-07-17T18:52:25.797,-115.192358,36.229949,2993.961912025
2022-07-17T18:52:26.195,-115.192165,36.229885,2994.0987005501
2022-07-17T18:52:27.195,-115.191693,36.229649,2994.6602177118
2022-07-17T18:52:29.398,-115.190706,36.229112,2996.1239303462
2022-07-17T18:52:30.398,-115.190277,36.228833,2996.2917557112
2022-07-17T18:52:31.594,-115.189784,36.22849,2995.3718577813
2022-07-17T18:52:32.594,-115.189397,36.228189,2993.5164792672
2022-07-17T18:52:33.398,-115.189075,36.227953,2991.2236770918
2022-07-17T18:52:34.398,-115.188668,36.227653,2987.3141777489
2022-07-17T18:52:35.195,-115.188367,36.227396,2983.2809004053
2022-07-17T18:52:36.398,-115.187874,36.227031,2975.673733567
2022-07-17T18:52:37.398,-115.187488,36.226709,2968.1064460732
2022-07-17T18:52:38.195,-115.187187,36.226451,2961.6504605179
2022-07-17T18:52:39.594,-115.186672,36.225979,2950.3792082921
2022-07-17T18:52:40.398,-115.186372,36.225722,2944.0920349534
2022-07-17T18:52:41.594,-115.185943,36.225314,2935.4615493768
2022-07-17T18:52:42.195,-115.185707,36.225121,2931.5846503306
2022-07-17T18:52:43.797,-115.185149,36.224585,2923.0813795251
2022-07-17T18:52:44.594,-115.18487,36.224327,2920.145762951
2022-07-17T18:52:45.797,-115.184462,36.223919,2917.5184256815
2022-07-17T18:52:46.398,-115.184247,36.223726,2917.0958165327
2022-07-17T18:52:47.594,-115.18384,36.22334,2918.0971023966
2022-07-17T18:52:48.398,-115.183582,36.223061,2919.9233624077
2022-07-17T18:52:49.195,-115.183325,36.222804,2922.426024145
2022-07-17T18:52:50.195,-115.183003,36.22246,2926.0310302017
2022-07-17T18:52:51.398,-115.182617,36.222053,2930.1908846915
2022-07-17T18:52:52.398,-115.182295,36.221731,2932.7837112653
2022-07-17T18:52:53.797,-115.181866,36.221259,2934.5585154693
2022-07-17T18:52:54.594,-115.181608,36.22098,2934.7599626037
2022-07-17T18:52:55.000,-115.181479,36.220851,2934.6807944175
2022-07-17T18:52:56.594,-115.180986,36.220336,2933.0456861886
2022-07-17T18:52:57.398,-115.180707,36.220057,2931.2250295791
2022-07-17T18:52:58.398,-115.180364,36.219757,2928.2394164216
2022-07-17T18:52:59.797,-115.17987,36.219327,2923.6000766906
2022-07-17T18:53:00.398,-115.179634,36.219156,2921.7675700476
2022-07-17T18:53:01.195,-115.179334,36.21892,2919.7262341597
2022-07-17T18:53:02.398,-115.178883,36.218576,2917.6575785774
2022-07-17T18:53:03.195,-115.178561,36.21834,2917.013746301
2022-07-17T18:53:04.195,-115.178175,36.218061,2916.9724596368
2022-07-17T18:53:05.797,-115.177574,36.217589,2917.8471828625
2022-07-17T18:53:07.797,-115.176823,36.217031,2917.4645071457
2022-07-17T18:53:08.398,-115.176587,36.21686,2917.1764125989
2022-07-17T18:53:09.797,-115.176072,36.216474,2917.1131642328
2022-07-17T18:53:10.797,-115.175707,36.216173,2917.8719340721
2022-07-17T18:53:11.398,-115.175493,36.216023,2918.6411725983
2022-07-17T18:53:12.398,-115.175149,36.215723,2920.462170606
2022-07-17T18:53:13.594,-115.174699,36.215379,2923.4723746482
2022-07-17T18:53:14.797,-115.17427,36.215014,2927.1942646688
2022-07-17T18:53:15.594,-115.173991,36.214778,2929.8724666904
2022-07-17T18:53:16.797,-115.173562,36.214392,2933.9221948304
2022-07-17T18:53:17.594,-115.173304,36.214135,2936.6367138245
2022-07-17T18:53:18.195,-115.17309,36.213963,2938.6881661688
2022-07-17T18:53:19.797,-115.172532,36.213448,2943.4029314051
2022-07-17T18:53:20.398,-115.172317,36.213276,2944.5983730868
2022-07-17T18:53:21.000,-115.172124,36.213083,2945.4342930496
2022-07-17T18:53:22.398,-115.17163,36.212654,2945.51890562
2022-07-17T18:53:23.398,-115.171266,36.212354,2943.764095985
2022-07-17T18:53:24.398,-115.170901,36.212053,2940.9683396542
2022-07-17T18:53:25.797,-115.170407,36.211603,2935.9026029824
2022-07-17T18:53:26.594,-115.170107,36.211367,2932.9681299931
2022-07-17T18:53:27.797,-115.169656,36.21098,2928.9446176113
2022-07-17T18:53:28.797,-115.169291,36.210659,2925.8258741874
2022-07-17T18:53:29.195,-115.169141,36.21053,2924.6537110829
2022-07-17T18:53:30.797,-115.168519,36.210036,2920.3759598065
2022-07-17T18:53:31.398,-115.168283,36.209865,2918.976928775
2022-07-17T18:53:32.797,-115.167747,36.209435,2917.2782669795
2022-07-17T18:53:33.797,-115.167382,36.209135,2917.6898268868
2022-07-17T18:53:35.594,-115.166717,36.208599,2918.9243366415
2022-07-17T18:53:36.195,-115.166523,36.208405,2919.0237506232
2022-07-17T18:53:37.195,-115.166159,36.208127,2918.7591929115
2022-07-17T18:53:38.398,-115.165772,36.207762,2917.6209873027
2022-07-17T18:53:39.797,-115.165322,36.207354,2914.9261050458
2022-07-17T18:53:40.797,-115.165021,36.207075,2911.670035007
2022-07-17T18:53:41.594,-115.164785,36.206839,2907.9724431618
2022-07-17T18:53:42.797,-115.164421,36.206496,2900.021512333
2022-07-17T18:53:43.398,-115.164249,36.206303,2894.7792476323
2022-07-17T18:53:44.594,-115.163949,36.205938,2881.8090204168
2022-07-17T18:53:45.797,-115.163713,36.20553,2866.5724161683
2022-07-17T18:53:46.594,-115.163584,36.205251,2855.5993768339
2022-07-17T18:53:47.195,-115.163498,36.205037,2846.8713147114
2022-07-17T18:53:48.594,-115.163391,36.204522,2824.8960918434
2022-07-17T18:53:49.195,-115.163369,36.204307,2814.7089277235
2022-07-17T18:53:50.594,-115.163369,36.203792,2790.572478672
2022-07-17T18:53:51.195,-115.163412,36.203556,2780.4089351636
2022-07-17T18:53:52.594,-115.163541,36.203041,2757.6758235979
2022-07-17T18:53:53.797,-115.163755,36.202633,2738.3604335703
2022-07-17T18:53:54.398,-115.163884,36.202419,2728.7326298955
2022-07-17T18:53:55.398,-115.164142,36.202118,2712.7604450633
2022-07-17T18:53:56.797,-115.164549,36.201689,2690.2061037768
2022-07-17T18:53:57.797,-115.16485,36.20141,2673.7170915262
2022-07-17T18:53:58.594,-115.165107,36.201196,2660.550646896
2022-07-17T18:53:59.195,-115.165322,36.201046,2650.7515900123
2022-07-17T18:54:00.398,-115.165708,36.200724,2631.8834599366
2022-07-17T18:54:01.398,-115.166051,36.200445,2617.2976690273
2022-07-17T18:54:02.398,-115.166416,36.200187,2603.5425300179
2022-07-17T18:54:03.398,-115.166781,36.19993,2590.3422061732
2022-07-17T18:54:04.195,-115.16706,36.199715,2580.1882100777
2022-07-17T18:54:05.594,-115.167553,36.19935,2563.6957354647
2022-07-17T18:54:06.594,-115.167918,36.199114,2553.0845047713
2022-07-17T18:54:07.398,-115.168197,36.198921,2544.8927142849
2022-07-17T18:54:08.594,-115.168626,36.198642,2532.6371121281
2022-07-17T18:54:09.594,-115.168991,36.198406,2522.2640499073
2022-07-17T18:54:10.797,-115.169442,36.198127,2509.3727333722
2022-07-17T18:54:11.195,-115.16957,36.198041,2504.9140577571
2022-07-17T18:54:12.797,-115.17015,36.197698,2485.767192517
2022-07-17T18:54:13.594,-115.17045,36.197526,2475.8184437068
2022-07-17T18:54:14.594,-115.170815,36.197312,2463.8945825125
2022-07-17T18:54:15.398,-115.171137,36.197162,2455.2711370049
2022-07-17T18:54:16.594,-115.171587,36.196947,2444.4913192875
2022-07-17T18:54:17.797,-115.172102,36.196754,2435.4283884835
2022-07-17T18:54:17.797,-115.172102,36.196754,2435.4283884835
2022-07-17T18:54:18.195,-115.172253,36.196711,2432.7352888388
2022-07-17T18:54:18.195,-115.172253,36.196711,2432.7352888388
2022-07-17T18:54:19.195,-115.172682,36.196604,2426.5775968472
2022-07-17T18:54:20.195,-115.173132,36.196539,2421.264524498
2022-07-17T18:54:21.195,-115.173562,36.196496,2417.068819237
2022-07-17T18:54:22.195,-115.173991,36.196496,2413.7744283557
2022-07-17T18:54:23.797,-115.174656,36.196539,2408.6056603218
2022-07-17T18:54:24.594,-115.174978,36.196582,2405.3341882332
2022-07-17T18:54:25.195,-115.175235,36.196604,2402.3235930807
2022-07-17T18:54:26.195,-115.175622,36.19669,2396.3253993601
2022-07-17T18:54:27.398,-115.176094,36.19684,2387.2824649809
2022-07-17T18:54:28.195,-115.176394,36.196969,2380.1767884135
2022-07-17T18:54:29.594,-115.176909,36.197183,2365.3182303687
2022-07-17T18:54:30.797,-115.177338,36.197398,2350.4082116353
2022-07-17T18:54:31.398,-115.177553,36.197526,2342.4837886237
2022-07-17T18:54:32.195,-115.177832,36.197677,2331.7763309682
2022-07-17T18:54:33.398,-115.178218,36.197934,2315.7396627355
2022-07-17T18:54:34.797,-115.178647,36.198256,2297.1308035941
2022-07-17T18:54:35.594,-115.178905,36.198449,2286.384104588
2022-07-17T18:54:36.797,-115.179269,36.19875,2270.2768622539
2022-07-17T18:54:37.797,-115.179548,36.198986,2258.3790934452
2022-07-17T18:54:38.398,-115.179741,36.199136,2252.0953037425
2022-07-17T18:54:39.195,-115.179956,36.19935,2244.7981751391
2022-07-17T18:54:40.398,-115.180321,36.199651,2236.0698024817
2022-07-17T18:54:41.594,-115.180686,36.19993,2230.0500921225
2022-07-17T18:54:42.398,-115.180922,36.200123,2227.2060703467
2022-07-17T18:54:43.195,-115.181158,36.200316,2224.7947224369
2022-07-17T18:54:45.195,-115.181758,36.200809,2217.7445404281
2022-07-17T18:54:46.594,-115.182166,36.201131,2212.377837071
2022-07-17T18:54:47.398,-115.182402,36.201324,2209.0247997193
2022-07-17T18:54:48.000,-115.182574,36.201453,2206.3076477393
2022-07-17T18:54:49.195,-115.182939,36.201732,2200.4296499187
2022-07-17T18:54:50.594,-115.183325,36.202054,2193.0758411351
2022-07-17T18:54:51.594,-115.183604,36.202269,2187.7256408443
2022-07-17T18:54:52.398,-115.183818,36.202462,2183.4553319118
2022-07-17T18:54:53.797,-115.184205,36.202762,2176.6035364916
2022-07-17T18:54:54.594,-115.184441,36.202934,2173.1832856785
2022-07-17T18:54:55.398,-115.184655,36.203105,2169.9755010776
2022-07-17T18:54:56.797,-115.185041,36.203427,2164.8663373807
2022-07-17T18:54:57.398,-115.185213,36.203556,2162.8889999125
2022-07-17T18:54:58.195,-115.185428,36.203728,2160.4261769463
2022-07-17T18:54:59.195,-115.185707,36.203942,2157.3930834994
2022-07-17T18:55:00.797,-115.186157,36.204286,2152.6714285601
2022-07-17T18:55:01.797,-115.186436,36.204522,2149.9119105381
2022-07-17T18:55:02.195,-115.186522,36.204607,2148.8435038762
2022-07-17T18:55:03.594,-115.186908,36.204908,2145.393572462
2022-07-17T18:55:04.195,-115.18708,36.205037,2144.1915448612
2022-07-17T18:55:05.195,-115.187337,36.205251,2142.7735843088
2022-07-17T18:55:06.797,-115.187767,36.205573,2142.1227082935
2022-07-17T18:55:07.195,-115.187874,36.205659,2142.2202559935
2022-07-17T18:55:08.594,-115.188217,36.205938,2143.0487085401
2022-07-17T18:55:09.797,-115.188496,36.206174,2143.6309593842
2022-07-17T18:55:10.195,-115.188603,36.206238,2143.7234194329
2022-07-17T18:55:11.594,-115.188925,36.206517,2143.8
2022-07-17T18:55:12.398,-115.189118,36.206646,2143.8
2022-07-17T18:55:13.000,-115.189247,36.206753,2143.8
2022-07-17T18:55:14.594,-115.189612,36.207032,2143.8
2022-07-17T18:55:15.797,-115.189848,36.207247,2143.8
2022-07-17T18:55:16.195,-115.189934,36.207311,2143.8
2022-07-17T18:55:17.797,-115.190277,36.207569,2143.8
2022-07-17T18:55:18.797,-115.190492,36.20774,2143.8
2022-07-17T18:55:19.398,-115.190642,36.207848,2143.8
2022-07-17T18:55:20.195,-115.190835,36.207998,2143.8
2022-07-17T18:55:21.398,-115.191114,36.208212,2143.8
2022-07-17T18:55:22.594,-115.191436,36.20847,2143.8
2022-07-17T18:55:38.797,-115.196092,36.212182,2314.9732788248
2022-07-17T18:55:40.398,-115.196564,36.21259,2326.5329563683
2022-07-17T18:55:41.594,-115.196929,36.21289,2338.9396174716
2022-07-17T18:55:42.797,-115.197272,36.213212,2354.8555250813
2022-07-17T18:55:43.195,-115.197401,36.213319,2360.6179474319
2022-07-17T18:55:44.398,-115.197744,36.213641,2378.7433884736
2022-07-17T18:55:45.195,-115.197959,36.213856,2390.8978987839
2022-07-17T18:55:46.797,-115.19841,36.214285,2415.7140689931
2022-07-17T18:55:47.594,-115.198646,36.214499,2428.0950271022
2022-07-17T18:55:48.594,-115.198925,36.214757,2443.8519360681
2022-07-17T18:55:49.594,-115.199203,36.215014,2459.4571272667
2022-07-17T18:55:50.594,-115.199504,36.215272,2474.2102414693
2022-07-17T18:55:51.797,-115.199847,36.215572,2489.6780806244
2022-07-17T18:55:52.195,-115.199955,36.21568,2494.2706289692
2022-07-17T18:55:53.594,-115.200341,36.216044,2509.3582957285
2022-07-17T18:55:54.398,-115.200577,36.216259,2517.5024103501
2022-07-17T18:55:55.195,-115.200791,36.216474,2525.2911308032
2022-07-17T18:55:56.195,-115.20107,36.216753,2534.7347651352
2022-07-17T18:55:57.195,-115.201349,36.217031,2543.589369345
2022-07-17T18:55:58.797,-115.2018,36.217482,2558.6920689347
2022-07-17T18:55:59.398,-115.201972,36.217632,2565.4642033885
2022-07-17T18:56:00.797,-115.202379,36.218019,2583.2844905175
2022-07-17T18:56:01.398,-115.202551,36.21819,2591.9164399204
2022-07-17T18:56:02.594,-115.202894,36.218512,2610.7486547542
2022-07-17T18:56:03.195,-115.203066,36.218684,2620.9030209274
2022-07-17T18:56:04.594,-115.203474,36.219049,2646.1851562294
2022-07-17T18:56:05.594,-115.203753,36.219327,2666.0222416871
2022-07-17T18:56:06.594,-115.204053,36.219606,2686.6736718969
2022-07-17T18:56:07.797,-115.204353,36.21995,2711.2634458987
2022-07-17T18:56:08.195,-115.204461,36.220057,2719.0893519311
2022-07-17T18:56:09.797,-115.204782,36.220529,2748.6285732602
2022-07-17T18:56:10.797,-115.204954,36.220851,2765.3785019571
2022-07-17T18:56:11.797,-115.205083,36.221173,2780.8060299836
2022-07-17T18:56:12.195,-115.205104,36.221302,2786.634420167
2022-07-17T18:56:13.195,-115.20519,36.221623,2800.3422693086
2022-07-17T18:56:14.797,-115.205233,36.222117,2817.8748155695
2022-07-17T18:56:15.594,-115.205255,36.222374,2824.5438179924
2022-07-17T18:56:16.195,-115.205233,36.222568,2828.730905397
2022-07-17T18:56:17.594,-115.205169,36.223018,2836.0382264796
2022-07-17T18:56:18.797,-115.205083,36.223404,2840.5074524345
2022-07-17T18:56:19.594,-115.204997,36.223662,2843.1645283774
2022-07-17T18:56:20.195,-115.204911,36.223855,2845.1727117626
2022-07-17T18:56:21.594,-115.204654,36.224306,2849.1080183841
2022-07-17T18:56:22.398,-115.204504,36.224563,2850.6579472659
2022-07-17T18:56:23.594,-115.204246,36.224928,2852.7631396747
2022-07-17T18:56:24.195,-115.204096,36.2251,2854.1527877143
2022-07-17T18:56:25.398,-115.203774,36.225443,2857.2598685168
2022-07-17T18:56:26.195,-115.203559,36.225657,2859.2331461919
2022-07-17T18:56:27.594,-115.203152,36.226044,2862.3679662921
2022-07-17T18:56:28.797,-115.202787,36.226387,2865.2084733174
2022-07-17T18:56:29.398,-115.202615,36.226537,2866.6928051779
2022-07-17T18:56:30.398,-115.202293,36.226816,2869.1930551885
2022-07-17T18:56:31.797,-115.2018,36.227202,2873.0874278254
2022-07-17T18:56:32.797,-115.201435,36.227481,2876.8652795355
2022-07-17T18:56:33.797,-115.20107,36.22776,2882.1836893331
2022-07-17T18:56:34.398,-115.200834,36.227911,2886.3005319302
2022-07-17T18:56:35.594,-115.200362,36.228232,2896.6520221448
2022-07-17T18:56:36.797,-115.199869,36.228554,2909.9984356943
2022-07-17T18:56:37.797,-115.199482,36.228812,2922.7027196593
2022-07-17T18:56:38.398,-115.199225,36.228983,2930.8674365743
2022-07-17T18:56:39.195,-115.198903,36.229177,2942.2780338794
2022-07-17T18:56:40.398,-115.19841,36.229477,2960.0449220986
2022-07-17T18:56:42.195,-115.19768,36.229885,2985.4090783186
2022-07-17T18:56:43.398,-115.197186,36.230142,3000.4470556272
2022-07-17T18:56:44.398,-115.196757,36.230335,3011.4382121137
2022-07-17T18:56:45.398,-115.196328,36.230528,3020.8050516695
2022-07-17T18:56:46.594,-115.195749,36.2307,3029.8244948669
2022-07-17T18:56:47.398,-115.195384,36.230786,3034.7099660135
2022-07-17T18:56:48.195,-115.194998,36.23085,3038.6680785916
2022-07-17T18:56:49.398,-115.194397,36.230893,3043.0778135066
2022-07-17T18:56:50.594,-115.193775,36.230872,3045.5904044525
2022-07-17T18:56:51.594,-115.193281,36.230829,3045.9303668694
2022-07-17T18:56:52.195,-115.193002,36.230764,3045.3583949112
2022-07-17T18:56:53.797,-115.192251,36.23055,3041.9982039747
2022-07-17T18:56:54.594,-115.191886,36.230421,3039.6937581663
2022-07-17T18:56:55.594,-115.191436,36.230228,3036.5851804959
2022-07-17T18:56:57.797,-115.190535,36.229734,3029.9912315539
2022-07-17T18:56:58.195,-115.190384,36.229627,3028.968227841
2022-07-17T18:57:00.594,-115.18944,36.229005,3022.4963891045
2022-07-17T18:57:01.797,-115.18899,36.228683,3018.0918157209
2022-07-17T18:57:02.797,-115.188625,36.228383,3013.7396495736
2022-07-17T18:57:03.398,-115.188389,36.228211,3010.9285467466
2022-07-17T18:57:04.594,-115.18796,36.227846,3005.1839550607
2022-07-17T18:57:05.797,-115.187531,36.227481,2999.098254196
2022-07-17T18:57:06.398,-115.187294,36.227288,2995.800126194
2022-07-17T18:57:07.594,-115.186865,36.226902,2988.5318334375
2022-07-17T18:57:08.594,-115.186522,36.226559,2981.9580806331
2022-07-17T18:57:09.195,-115.186307,36.226366,2978.0430376682
2022-07-17T18:57:10.594,-115.185814,36.225893,2969.7957171541
2022-07-17T18:57:11.797,-115.185406,36.225486,2963.7904824401
2022-07-17T18:57:12.398,-115.185192,36.225271,2961.3076735367
2022-07-17T18:57:13.594,-115.184762,36.224864,2957.1766887717
2022-07-17T18:57:14.398,-115.184505,36.224585,2954.6884793601
2022-07-17T18:57:15.398,-115.184162,36.224241,2951.4909649162
2022-07-17T18:57:16.398,-115.183818,36.223898,2948.0302904177
2022-07-17T18:57:17.797,-115.183325,36.223426,2942.9581327237
2022-07-17T18:57:18.398,-115.183132,36.223211,2940.755760437
2022-07-17T18:57:19.398,-115.182767,36.222889,2937.0977140352
2022-07-17T18:57:20.594,-115.182381,36.222482,2932.7531809363
2022-07-17T18:57:21.797,-115.181973,36.222053,2928.2701234355
2022-07-17T18:57:22.594,-115.181715,36.221774,2925.0543093607
2022-07-17T18:57:23.398,-115.181458,36.221495,2921.5602489302
2022-07-17T18:57:24.398,-115.181136,36.22113,2916.8867825465
2022-07-17T18:57:25.195,-115.180879,36.220851,2913.1524274058
2022-07-17T18:57:26.594,-115.180428,36.220357,2907.4953008782
2022-07-17T18:57:27.594,-115.180106,36.219993,2904.2971005017
2022-07-17T18:57:28.797,-115.179698,36.219563,2901.1858165252
2022-07-17T18:57:29.594,-115.179441,36.219285,2899.2477529725
2022-07-17T18:57:30.594,-115.179098,36.21892,2896.4679565447
2022-07-17T18:57:31.195,-115.178905,36.218705,2894.4927735578
2022-07-17T18:57:32.594,-115.178432,36.218212,2888.6971032491
2022-07-17T18:57:33.195,-115.178239,36.217997,2885.7131137037
2022-07-17T18:57:34.594,-115.177767,36.217482,2878.0380964424
2022-07-17T18:57:35.797,-115.17736,36.217074,2871.073691377
2022-07-17T18:57:36.797,-115.176995,36.216731,2865.4821801556
2022-07-17T18:57:37.398,-115.17678,36.216538,2862.4249003309
2022-07-17T18:57:38.797,-115.176287,36.216066,2856.611724012
2022-07-17T18:57:39.398,-115.176051,36.215851,2854.8535333503
2022-07-17T18:57:40.398,-115.175707,36.215529,2853.034108304
2022-07-17T18:57:41.594,-115.175278,36.215122,2852.8292658755
2022-07-17T18:57:42.594,-115.174956,36.214778,2854.1804614925
2022-07-17T18:57:43.195,-115.174742,36.214585,2855.5611128413
2022-07-17T18:57:44.195,-115.17442,36.214263,2858.6932946089
2022-07-17T18:57:45.195,-115.174098,36.213942,2862.3351663797
2022-07-17T18:57:46.398,-115.173733,36.213555,2866.6338699989
2022-07-17T18:57:47.195,-115.173476,36.213298,2868.9636108057
2022-07-17T18:57:48.398,-115.173111,36.212955,2870.8935201225
2022-07-17T18:57:49.594,-115.172746,36.21259,2870.6193444643
2022-07-17T18:57:50.594,-115.172446,36.212289,2869.2126585336
2022-07-17T18:57:51.594,-115.172145,36.21201,2867.0334740268
2022-07-17T18:57:52.594,-115.171866,36.211731,2864.2135618368
2022-07-17T18:57:53.797,-115.171523,36.21141,2859.9521734758
2022-07-17T18:57:54.797,-115.171244,36.211131,2855.5936288537
2022-07-17T18:57:55.594,-115.17103,36.210916,2851.41141057
2022-07-17T18:57:56.797,-115.170729,36.210594,2843.8591589528
2022-07-17T18:57:57.797,-115.17045,36.210315,2836.6678194539
2022-07-17T18:57:58.594,-115.170257,36.210101,2830.5536075981
2022-07-17T18:57:59.195,-115.170085,36.209929,2825.7823231632
2022-07-17T18:58:00.594,-115.169721,36.209543,2814.1592796822
2022-07-17T18:58:01.594,-115.169463,36.209264,2805.4862766295
2022-07-17T18:58:02.594,-115.169227,36.208963,2796.6696892919
2022-07-17T18:58:03.594,-115.168991,36.208663,2787.5033951589
2022-07-17T18:58:04.594,-115.168798,36.208341,2777.6747337542
2022-07-17T18:58:05.195,-115.168712,36.208148,2771.4415870615
2022-07-17T18:58:06.594,-115.16854,36.207676,2756.3293499556
2022-07-17T18:58:07.398,-115.168476,36.207397,2747.4811838179
2022-07-17T18:58:08.195,-115.168455,36.207118,2738.5856767731
2022-07-17T18:58:09.594,-115.168519,36.206625,2722.1740456842
2022-07-17T18:58:10.594,-115.168605,36.206281,2709.5648362898
2022-07-17T18:58:11.398,-115.168712,36.206024,2699.1353839243
2022-07-17T18:58:12.797,-115.16897,36.205573,2680.7792756423
2022-07-17T18:58:13.195,-115.169077,36.205466,2675.5675764168
2022-07-17T18:58:14.797,-115.169506,36.205037,2655.1894591387
2022-07-17T18:58:15.195,-115.169635,36.204929,2650.3786141631
2022-07-17T18:58:16.398,-115.17,36.204629,2636.7883651708
2022-07-17T18:58:17.594,-115.170386,36.204329,2624.5706857978
2022-07-17T18:58:18.195,-115.170579,36.204178,2618.7632822656
2022-07-17T18:58:19.797,-115.171115,36.203814,2603.680014186
2022-07-17T18:58:20.398,-115.171309,36.203663,2597.9429119653
2022-07-17T18:58:21.594,-115.171738,36.203406,2585.8713958852
2022-07-17T18:58:22.797,-115.172188,36.20317,2572.8662910348
2022-07-17T18:58:23.398,-115.172424,36.203063,2566.1942670934
2022-07-17T18:58:24.398,-115.172811,36.202869,2554.9492225769
2022-07-17T18:58:25.195,-115.173132,36.202741,2545.6394536792
2022-07-17T18:58:26.594,-115.17369,36.202483,2528.1219656622
2022-07-17T18:58:27.398,-115.174012,36.202354,2517.1205782407
2022-07-17T18:58:28.594,-115.174506,36.20214,2499.4135797907
2022-07-17T18:58:30.398,-115.175235,36.201839,2470.2390525593
2022-07-17T18:58:31.195,-115.175557,36.201711,2457.3782069253
2022-07-17T18:58:32.594,-115.176136,36.201496,2436.1359689956
2022-07-17T18:58:33.398,-115.176458,36.201389,2424.6081927062
2022-07-17T18:58:34.594,-115.176973,36.201239,2408.0495647181
2022-07-17T18:58:35.797,-115.177488,36.20111,2391.5328261272
2022-07-17T18:58:36.398,-115.177767,36.201046,2383.1646203013
2022-07-17T18:58:37.195,-115.178111,36.200981,2372.0959065998
2022-07-17T18:58:38.398,-115.178647,36.200917,2355.685987475
2022-07-17T18:58:39.195,-115.179012,36.200874,2345.2000013445
2022-07-17T18:58:40.195,-115.179462,36.200852,2332.5191557445
2022-07-17T18:58:41.195,-115.179892,36.200874,2320.2071409941
2022-07-17T18:58:42.797,-115.180578,36.20096,2300.8371882712
2022-07-17T18:58:43.594,-115.180922,36.201024,2291.2225004185
2022-07-17T18:58:44.398,-115.181243,36.201131,2281.5763289437
2022-07-17T18:58:45.594,-115.181694,36.201324,2267.3733274077
2022-07-17T18:58:46.398,-115.181973,36.201475,2258.1674336586
2022-07-17T18:58:47.594,-115.182402,36.201689,2245.499023585
2022-07-17T18:58:48.398,-115.182681,36.201861,2237.8702007461
2022-07-17T18:58:49.797,-115.183153,36.20214,2225.903919968
2022-07-17T18:58:50.594,-115.183411,36.202312,2219.5258855854
2022-07-17T18:58:51.594,-115.183733,36.202505,2211.8126198388
2022-07-17T18:58:52.195,-115.183904,36.202633,2207.3210729372
2022-07-17T18:58:53.797,-115.184376,36.202977,2196.4966213787
2022-07-17T18:58:54.797,-115.184677,36.203191,2190.8531773799
2022-07-17T18:58:55.797,-115.184956,36.203406,2185.9399107552
2022-07-17T18:58:56.195,-115.185084,36.203492,2184.1304110335
2022-07-17T18:58:57.398,-115.185406,36.203771,2178.8974601607
2022-07-17T18:58:58.195,-115.185642,36.203942,2175.4446338827
2022-07-17T18:58:59.195,-115.185943,36.204157,2171.0185609811
2022-07-17T18:59:00.195,-115.186222,36.204371,2166.4504746923
2022-07-17T18:59:01.398,-115.186565,36.204629,2161.0065816286
2022-07-17T18:59:02.797,-115.186951,36.204929,2155.2837776383
2022-07-17T18:59:03.594,-115.187166,36.205101,2152.5430892839
2022-07-17T18:59:04.797,-115.187488,36.205359,2149.1844947248
2022-07-17T18:59:05.398,-115.187638,36.205466,2147.7813092522
2022-07-17T18:59:06.195,-115.187852,36.205637,2146.1437777358
2022-07-17T18:59:07.000,-115.188046,36.205809,2144.7056030249
2022-07-17T18:59:08.195,-115.188346,36.206045,2143.0762142815
2022-07-17T18:59:09.797,-115.188754,36.206346,2142.3551173952
2022-07-17T18:59:10.398,-115.188882,36.206453,2142.4616438857
2022-07-17T18:59:11.797,-115.189226,36.20671,2143.0642156057
2022-07-17T18:59:12.398,-115.189354,36.206818,2143.3323065529
2022-07-17T18:59:13.195,-115.189526,36.206968,2143.5930985829
2022-07-17T18:59:14.398,-115.189805,36.207161,2143.5382267068
2022-07-17T18:59:15.195,-115.189955,36.207311,2143.1478525884
2022-07-17T18:59:16.195,-115.19017,36.207483,2142.5552222376
2022-07-17T18:59:17.594,-115.19047,36.207719,2141.8116894107
2022-07-17T18:59:18.594,-115.190685,36.207891,2141.6474820525
2022-07-17T18:59:19.195,-115.190814,36.207976,2141.8586551774
2022-07-17T18:59:20.195,-115.19105,36.208169,2142.9040211427
2022-07-17T18:59:21.594,-115.191371,36.208427,2146.2830976744
2022-07-17T18:59:22.594,-115.191629,36.20862,2150.2842931872
2022-07-17T18:59:23.398,-115.191844,36.20877,2154.4751332377
2022-07-17T18:59:24.797,-115.192208,36.209071,2163.5719763358
2022-07-17T18:59:25.594,-115.192401,36.209242,2169.6079556689
2022-07-17T18:59:26.195,-115.192573,36.209371,2174.5486654614
2022-07-17T18:59:27.594,-115.192959,36.209671,2187.0419570288
2022-07-17T18:59:28.594,-115.193238,36.209886,2196.6712757858
2022-07-17T18:59:29.398,-115.193453,36.210058,2204.6346674992
2022-07-17T18:59:30.797,-115.193839,36.210358,2218.3009790469
2022-07-17T18:59:31.797,-115.194118,36.210573,2227.7695372232
2022-07-17T18:59:32.797,-115.194397,36.210809,2237.0892310066
2022-07-17T18:59:33.797,-115.194676,36.211023,2246.4591421165
2022-07-17T18:59:34.195,-115.194783,36.211131,2250.2303979948
2022-07-17T18:59:35.594,-115.195191,36.211452,2263.6535101543
2022-07-17T18:59:36.797,-115.195534,36.211731,2275.4167609683
2022-07-17T18:59:37.797,-115.195835,36.211967,2285.4057773818
2022-07-17T18:59:38.797,-115.196135,36.212204,2295.5648634499
2022-07-17T18:59:39.195,-115.196242,36.212289,2299.6153997514
2022-07-17T18:59:40.398,-115.196607,36.21259,2311.7102392702
2022-07-17T18:59:41.195,-115.196843,36.212783,2319.1899795988
2022-07-17T18:59:42.195,-115.197144,36.21304,2328.0758285419
2022-07-17T18:59:43.594,-115.197573,36.213384,2340.3376102159
2022-07-17T18:59:44.195,-115.197766,36.213534,2345.8166023539
2022-07-17T18:59:45.797,-115.198238,36.213942,2362.0510079845
2022-07-17T18:59:46.594,-115.198495,36.214135,2370.9893484231
2022-07-17T18:59:47.195,-115.198689,36.214306,2377.8510362957
2022-07-17T18:59:48.797,-115.199161,36.214714,2396.3229522555
2022-07-17T18:59:49.195,-115.199289,36.214821,2400.9584029043
2022-07-17T18:59:50.398,-115.199633,36.215143,2415.1545668754
2022-07-17T18:59:51.797,-115.20004,36.215508,2432.110630136
2022-07-17T18:59:52.195,-115.200169,36.215615,2437.0499164609
2022-07-17T18:59:53.398,-115.200512,36.215916,2452.5235951004
2022-07-17T18:59:54.195,-115.200748,36.21613,2463.0349544433
2022-07-17T18:59:55.797,-115.201221,36.216559,2484.0147106718
2022-07-17T18:59:56.797,-115.201521,36.216838,2496.6282624961
2022-07-17T18:59:57.398,-115.201693,36.216989,2504.0005902566
2022-07-17T18:59:58.195,-115.20195,36.217203,2513.5735807836
2022-07-17T18:59:59.398,-115.202293,36.217546,2527.8475464465
2022-07-17T19:00:00.398,-115.202551,36.217825,2539.7589656936
2022-07-17T19:00:01.195,-115.202787,36.21804,2549.175458244
2022-07-17T19:00:02.594,-115.203173,36.218426,2565.4229332513
2022-07-17T19:00:03.594,-115.203452,36.218705,2576.7844305979
2022-07-17T19:00:04.594,-115.203753,36.219006,2587.8604743476
2022-07-17T19:00:05.398,-115.203967,36.21922,2596.4582928871
2022-07-17T19:00:06.195,-115.204182,36.219456,2604.6704659621
2022-07-17T19:00:07.195,-115.204461,36.219757,2614.6981628666
2022-07-17T19:00:08.594,-115.204847,36.220164,2628.5846182053
2022-07-17T19:00:09.195,-115.205019,36.220336,2634.4636894726
2022-07-17T19:00:10.398,-115.205362,36.220679,2645.5595691693
2022-07-17T19:00:11.594,-115.205705,36.221044,2655.8859988833
2022-07-17T19:00:12.398,-115.20592,36.221302,2662.5415308319
2022-07-17T19:00:13.797,-115.206263,36.221731,2673.3015666273
2022-07-17T19:00:14.398,-115.206392,36.221924,2677.8527855828
2022-07-17T19:00:15.594,-115.206649,36.222332,2687.2765826165
2022-07-17T19:00:16.797,-115.206864,36.222761,2697.4507169766
2022-07-17T19:00:17.797,-115.206971,36.223147,2706.893149946
2022-07-17T19:00:18.195,-115.207014,36.223297,2710.9396282982
2022-07-17T19:00:19.195,-115.207057,36.223662,2721.964986561
2022-07-17T19:00:20.398,-115.207036,36.224113,2737.3275231684
2022-07-17T19:00:21.195,-115.206993,36.224413,2748.694824392
2022-07-17T19:00:22.398,-115.206864,36.224864,2767.5846046531
2022-07-17T19:00:23.797,-115.206649,36.225357,2791.8402554734
2022-07-17T19:00:24.398,-115.206521,36.225572,2802.8474462365
2022-07-17T19:00:25.594,-115.206242,36.225936,2824.7141779542
2022-07-17T19:00:26.398,-115.206006,36.226194,2838.7330291429
2022-07-17T19:00:27.398,-115.205727,36.226473,2854.8308403535
2022-07-17T19:00:28.195,-115.205469,36.226687,2866.7350098146
2022-07-17T19:00:29.195,-115.205147,36.226945,2880.5938988416
2022-07-17T19:00:30.195,-115.204804,36.227224,2893.0485970275
2022-07-17T19:00:31.195,-115.204482,36.227503,2903.1645706199
2022-07-17T19:00:32.797,-115.203946,36.227932,2914.5680127329
2022-07-17T19:00:33.797,-115.203602,36.228211,2920.8069394094
2022-07-17T19:00:34.398,-115.203388,36.228383,2924.3284872767
2022-07-17T19:00:35.594,-115.202937,36.228704,2931.207684713
2022-07-17T19:00:36.398,-115.202637,36.228919,2936.1789298554
2022-07-17T19:00:37.195,-115.202336,36.229112,2941.244934256
2022-07-17T19:00:38.195,-115.201929,36.229391,2948.143415794
2022-07-17T19:00:39.594,-115.201371,36.229734,2960.1626171405
2022-07-17T19:00:40.195,-115.201135,36.229906,2965.9018698587
2022-07-17T19:00:41.797,-115.200512,36.230314,2982.3706510125
2022-07-17T19:00:42.195,-115.200362,36.230421,2986.710333436
2022-07-17T19:00:43.195,-115.199955,36.230679,2997.9238329591
2022-07-17T19:00:44.594,-115.199375,36.231022,3014.2534435669
2022-07-17T19:00:45.594,-115.198946,36.231236,3026.4668495622
2022-07-17T19:00:46.594,-115.198495,36.231408,3039.3725303927
2022-07-17T19:00:47.797,-115.197937,36.231601,3055.3020460379
2022-07-17T19:00:48.797,-115.197444,36.231687,3068.2726734245
2022-07-17T19:00:49.594,-115.197036,36.231751,3078.091222035
2022-07-17T19:00:51.797,-115.19592,36.231773,3101.4993674808
2022-07-17T19:00:52.797,-115.195405,36.23173,3109.5974263367
2022-07-17T19:00:53.594,-115.194998,36.231666,3114.5994412699
2022-07-17T19:00:54.195,-115.194697,36.231601,3117.459689143
2022-07-17T19:00:55.398,-115.194118,36.23143,3121.0913333632
2022-07-17T19:00:56.195,-115.193732,36.231301,3121.8832879233
2022-07-17T19:00:57.195,-115.19326,36.231129,3120.8305102645
2022-07-17T19:00:58.195,-115.192788,36.230915,3117.4940992634
2022-07-17T19:00:59.398,-115.192251,36.230636,3110.4078464093
2022-07-17T19:01:00.594,-115.191715,36.230335,3101.5166411013
2022-07-17T19:01:01.195,-115.191457,36.230164,3096.6481676636
2022-07-17T19:01:02.195,-115.191028,36.229885,3087.7078438265
2022-07-17T19:01:03.594,-115.190449,36.229477,3072.5769067231
2022-07-17T19:01:04.195,-115.190213,36.229305,3064.906893045
2022-07-17T19:01:05.797,-115.189569,36.228833,3042.6849598668
2022-07-17T19:01:08.594,-115.188453,36.227975,3005.8172567073
2022-07-17T19:01:09.797,-115.188003,36.22761,2993.6481161703
2022-07-17T19:01:10.195,-115.187852,36.227481,2990.0387483483
2022-07-17T19:01:11.797,-115.187252,36.226988,2977.3651063617
2022-07-17T19:01:12.594,-115.186951,36.226752,2972.1607312276
2022-07-17T19:01:13.594,-115.186586,36.22643,2966.5080347142
2022-07-17T19:01:14.398,-115.186286,36.226194,2962.7997573519
2022-07-17T19:01:15.195,-115.185964,36.225936,2959.5732362445
2022-07-17T19:01:16.398,-115.185513,36.225572,2953.9894295868
2022-07-17T19:01:17.398,-115.185149,36.225271,2948.7806750409
2022-07-17T19:01:18.797,-115.184634,36.224821,2940.8109891122
2022-07-17T19:01:20.797,-115.183926,36.22422,2928.60539707
2022-07-17T19:01:21.398,-115.183733,36.224027,2924.7923056056
2022-07-17T19:01:22.797,-115.183218,36.223598,2916.136525365
2022-07-17T19:01:23.195,-115.183089,36.22349,2913.8248906593
2022-07-17T19:01:23.195,-115.183089,36.22349,2913.8248906593
2022-07-17T19:01:24.797,-115.182531,36.222997,2905.5626338033
2022-07-17T19:01:25.797,-115.182166,36.222696,2901.1367961659
2022-07-17T19:01:26.797,-115.181801,36.222396,2897.3380812205
2022-07-17T19:01:27.797,-115.181458,36.222095,2894.4219056994
2022-07-17T19:01:28.195,-115.181329,36.221967,2893.5837863413
2022-07-17T19:01:28.195,-115.181329,36.221967,2893.5837863413
2022-07-17T19:01:29.398,-115.180922,36.221602,2892.0460953463
2022-07-17T19:01:30.797,-115.180471,36.221194,2891.5828695081
2022-07-17T19:01:31.594,-115.180213,36.220958,2891.8229984987
2022-07-17T19:01:32.797,-115.179827,36.220593,2892.6010690818
2022-07-17T19:01:33.594,-115.179548,36.220357,2893.2064698492
2022-07-17T19:01:34.398,-115.179291,36.220121,2893.6500269687
2022-07-17T19:01:35.594,-115.178905,36.219757,2893.3449757365
2022-07-17T19:01:36.594,-115.178583,36.219456,2892.9315256662
2022-07-17T19:01:37.398,-115.178304,36.21922,2892.7661490553
2022-07-17T19:01:38.594,-115.177896,36.218855,2892.6970798888
2022-07-17T19:01:39.195,-115.177703,36.218662,2892.7544639839
2022-07-17T19:01:40.195,-115.177381,36.21834,2893.3559594459
2022-07-17T19:01:41.398,-115.176973,36.217954,2895.2816543295
2022-07-17T19:01:42.398,-115.176651,36.217632,2898.0000180409
2022-07-17T19:01:44.797,-115.175836,36.21686,2909.0793704833
2022-07-17T19:01:45.797,-115.175514,36.216538,2915.3103634129
2022-07-17T19:01:46.195,-115.175364,36.216409,2917.7941744611
2022-07-17T19:01:47.398,-115.174956,36.216023,2924.9663891721
2022-07-17T19:01:48.797,-115.174484,36.215572,2932.4015720384
2022-07-17T19:01:49.797,-115.174162,36.21525,2937.19021081
2022-07-17T19:01:50.398,-115.173991,36.215057,2939.9078111781
2022-07-17T19:01:51.594,-115.173626,36.21465,2944.8288050682
2022-07-17T19:01:52.594,-115.173347,36.214349,2947.913206454
2022-07-17T19:01:54.398,-115.172832,36.213791,2949.3412472604
2022-07-17T19:01:55.594,-115.17251,36.213405,2947.6121171079
2022-07-17T19:01:56.195,-115.172338,36.213233,2945.9508505031
2022-07-17T19:01:57.398,-115.172038,36.212869,2941.0793346987
2022-07-17T19:01:58.195,-115.171824,36.212633,2936.6814739517
2022-07-17T19:01:59.398,-115.171523,36.212268,2928.3617694007
2022-07-17T19:02:00.195,-115.17133,36.21201,2964.6
2022-07-17T19:02:01.594,-115.170987,36.211581,2926.7
2022-07-17T19:02:02.398,-115.170794,36.211324,2911.3
2022-07-17T19:02:03.594,-115.170536,36.210938,2892.8
2022-07-17T19:02:04.195,-115.170407,36.210723,2884.1
2022-07-17T19:02:05.594,-115.170236,36.210229,2862.6
2022-07-17T19:02:06.398,-115.170171,36.209929,2848
2022-07-17T19:02:07.797,-115.17015,36.209393,2822.3
2022-07-17T19:02:08.594,-115.170171,36.209092,2810
2022-07-17T19:02:09.398,-115.170214,36.208792,2799.7
2022-07-17T19:02:10.195,-115.170257,36.208513,2791.8
2022-07-17T19:02:11.398,-115.170407,36.208062,2782.9
2022-07-17T19:02:12.000,-115.170472,36.207848,2776.8
2022-07-17T19:02:13.594,-115.170729,36.20729,2756.5
2022-07-17T19:02:14.398,-115.170879,36.207011,2743
2022-07-17T19:02:15.594,-115.171137,36.206603,2722.4
2022-07-17T19:02:16.195,-115.171287,36.206388,2713.6
2022-07-17T19:02:17.797,-115.17163,36.205831,2696.1
2022-07-17T19:02:18.195,-115.171738,36.205702,2694.2
2022-07-17T19:02:19.594,-115.172038,36.205208,2692.3
2022-07-17T19:02:20.195,-115.172188,36.205015,2691.5
2022-07-17T19:02:21.195,-115.172424,36.204672,2690.9
2022-07-17T19:02:22.797,-115.172811,36.204157,2682.6
2022-07-17T19:02:23.797,-115.173047,36.203835,2671.3
2022-07-17T19:02:24.195,-115.173132,36.203706,2665.4
2022-07-17T19:02:25.195,-115.17339,36.203406,2648.1
2022-07-17T19:02:26.797,-115.173862,36.202955,2612.6
2022-07-17T19:02:27.195,-115.173991,36.202848,2602.4
2022-07-17T19:02:28.797,-115.174549,36.20244,2560
2022-07-17T19:02:29.594,-115.17487,36.20229,2540.3
2022-07-17T19:02:30.594,-115.1753,36.202097,2519.2
2022-07-17T19:02:31.594,-115.17575,36.201968,2502.5
2022-07-17T19:02:32.398,-115.176094,36.201861,2492.2
2022-07-17T19:02:33.398,-115.176544,36.201775,2481
2022-07-17T19:02:34.195,-115.17693,36.201689,2473.5
2022-07-17T19:02:35.797,-115.17766,36.201603,2459.8
2022-07-17T19:02:36.594,-115.178025,36.20156,2451.8
2022-07-17T19:02:37.797,-115.178583,36.201518,2440.5
2022-07-17T19:02:38.398,-115.178862,36.201518,2434.5
2022-07-17T19:02:39.195,-115.179226,36.201496,2425.6
2022-07-17T19:02:40.398,-115.1797839945243,36.20149600653457,2409.9025833439
2022-07-17T19:02:41.797,-115.1804274959954,36.20153960146726,2388.2377810492
2022-07-17T19:02:42.594,-115.18079148399654,36.20156180916292,2377.0152253896
2022-07-17T19:02:43.797,-115.18132424542101,36.2016516740029,2362.8431318356
2022-07-17T19:02:44.594,-115.18166457900813,36.20174204941393,2355.572884874
2022-07-17T19:02:45.797,-115.1821711085299,36.20188115788371,2348.4691165924
2022-07-17T19:02:46.594,-115.18248647679029,36.201973878669506,2343.0260783247
2022-07-17T19:02:47.195,-115.18271929603395,36.202063674509425,2337.6267066281
2022-07-17T19:02:48.398,-115.18318819244975,36.202261571630444,2323.9627098778
2022-07-17T19:02:49.398,-115.18355054222204,36.202434540973435,2309.5412600564
2022-07-17T19:02:50.594,-115.18400089252899,36.20267131630187,2289.8477745051
2022-07-17T19:02:51.398,-115.18430084738931,36.202864370170495,2277.7690706579
2022-07-17T19:02:52.000,-115.18447284738932,36.202993370170496,2208.9690706579
