Time,Longitude,Latitude,ortho_mavg
2022-07-17T18:45:00.203,-115.505705,36.114893,6537
2022-07-17T18:45:01.047,-115.506113,36.114292,6537
2022-07-17T18:45:10.023,-115.506692,36.107833,6545.33333333333
2022-07-17T18:45:11.016,-115.506349,36.107168,6587
2022-07-17T18:45:11.883,-115.505962,36.106567,6622
2022-07-17T18:45:12.828,-115.505512,36.106052,6672
2022-07-17T18:45:13.867,-115.504932,36.105516,6737
2022-07-17T18:45:14.938,-115.504246,36.105001,6807
2022-07-17T18:45:15.969,-115.503538,36.104658,6857
2022-07-17T18:45:16.398,-115.503302,36.104572,6897
2022-07-17T18:45:17.320,-115.502701,36.104314,6952
2022-07-17T18:45:18.344,-115.502014,36.104057,7007.2
2022-07-17T18:45:19.469,-115.501435,36.103735,7067.2
2022-07-17T18:45:20.359,-115.500898,36.103456,7127.2
2022-07-17T18:45:20.820,-115.500727,36.103306,7187.2
2022-07-17T18:45:21.938,-115.500019,36.102898,7232.4
2022-07-17T18:45:22.945,-115.499439,36.102576,7272.4
2022-07-17T18:45:24.000,-115.498796,36.102276,7282.6
2022-07-17T18:45:25.094,-115.498066,36.10204,7247.8
2022-07-17T18:45:26.102,-115.497272,36.10189,7193
2022-07-17T18:45:27.273,-115.496242,36.101804,7098
2022-07-17T18:45:28.266,-115.495255,36.101761,6948
2022-07-17T18:45:29.156,-115.494311,36.101718,6803
2022-07-17T18:45:30.070,-115.493367,36.101761,6693
2022-07-17T18:45:31.055,-115.492294,36.101761,6568
2022-07-17T18:45:32.141,-115.491028,36.101761,6468
2022-07-17T18:45:33.055,-115.490041,36.101675,6413
2022-07-17T18:45:33.883,-115.489204,36.101525,6368
2022-07-17T18:45:34.875,-115.488174,36.10131,6328
2022-07-17T18:45:35.883,-115.487187,36.100988,6328
2022-07-17T18:45:36.820,-115.48635,36.100645,6338
2022-07-17T18:45:37.734,-115.485535,36.100194,6363
2022-07-17T18:45:38.734,-115.484741,36.099744,6398
2022-07-17T18:45:39.844,-115.483947,36.09925,6418
2022-07-17T18:45:40.719,-115.48341,36.098886,6463
2022-07-17T18:45:41.672,-115.482788,36.098371,6523
2022-07-17T18:45:42.648,-115.482144,36.097856,6578
2022-07-17T18:45:43.656,-115.481586,36.097362,6628
2022-07-17T18:45:44.734,-115.481007,36.096826,6693
2022-07-17T18:45:45.625,-115.480578,36.096375,6733
2022-07-17T18:45:46.539,-115.480042,36.09586,6758
2022-07-17T18:45:47.711,-115.479527,36.095216,6773
2022-07-17T18:45:48.750,-115.479012,36.094615,6783
2022-07-17T18:45:50.211,-115.478454,36.093757,6788
2022-07-17T18:45:51.188,-115.47811,36.093156,6788
2022-07-17T18:45:52.469,-115.477703,36.092384,6788
2022-07-17T18:45:53.445,-115.477467,36.091719,6788
2022-07-17T18:45:54.430,-115.477359,36.091118,6788
2022-07-17T18:45:55.383,-115.477295,36.090453,6788
2022-07-17T18:45:56.406,-115.477295,36.089809,6788
2022-07-17T18:45:57.336,-115.477402,36.089165,6768
2022-07-17T18:45:58.250,-115.477595,36.088607,6768
2022-07-17T18:45:59.195,-115.477831,36.088049,6768
2022-07-17T18:46:00.273,-115.478153,36.087384,6768
2022-07-17T18:46:01.320,-115.478561,36.086848,6763
2022-07-17T18:46:02.336,-115.479012,36.086247,6778
2022-07-17T18:46:03.313,-115.479462,36.085775,6768
2022-07-17T18:46:04.289,-115.479934,36.085281,6763
2022-07-17T18:46:05.250,-115.480385,36.084745,6758
2022-07-17T18:46:07.570,-115.480921,36.083329,6763
2022-07-17T18:46:09.164,-115.480857,36.08232,6768
2022-07-17T18:46:10.086,-115.480728,36.081719,6778
2022-07-17T18:46:11.688,-115.480149,36.080711,6788
2022-07-17T18:46:12.539,-115.479763,36.080153,6768
2022-07-17T18:46:13.656,-115.479076,36.079509,6758
2022-07-17T18:46:14.719,-115.478389,36.078973,6708
2022-07-17T18:46:15.867,-115.477467,36.078415,6648
2022-07-17T18:46:16.891,-115.476716,36.077921,6583
2022-07-17T18:46:17.922,-115.476029,36.077363,6548
2022-07-17T18:46:18.844,-115.475428,36.076827,6498
2022-07-17T18:46:19.914,-115.474827,36.076226,6498
2022-07-17T18:46:21.547,-115.474098,36.075175,6513
2022-07-17T18:46:22.570,-115.473733,36.074531,6533
2022-07-17T18:46:23.586,-115.473433,36.073844,6558
2022-07-17T18:46:24.578,-115.473261,36.073179,6588
2022-07-17T18:46:25.617,-115.473197,36.072536,6608
2022-07-17T18:46:26.539,-115.473239,36.07187,6628
2022-07-17T18:46:27.438,-115.473325,36.071291,6638
2022-07-17T18:46:28.930,-115.473518,36.070411,6643
2022-07-17T18:46:29.969,-115.473797,36.069703,6643
2022-07-17T18:46:30.961,-115.474012,36.069102,6638
2022-07-17T18:46:31.813,-115.474248,36.06863,6628
2022-07-17T18:46:32.742,-115.474613,36.068029,6623
2022-07-17T18:46:33.695,-115.474892,36.067472,6623
2022-07-17T18:46:34.797,-115.475256,36.066849,6623
2022-07-17T18:46:35.773,-115.475664,36.066291,6628
2022-07-17T18:46:36.883,-115.476158,36.065733,6638
2022-07-17T18:46:37.781,-115.476587,36.065326,6653
2022-07-17T18:46:38.813,-115.477059,36.064854,6648
2022-07-17T18:46:40.148,-115.477767,36.06421,6668
2022-07-17T18:46:41.164,-115.478282,36.063781,6698
2022-07-17T18:46:42.242,-115.478754,36.063266,6708
2022-07-17T18:46:43.367,-115.479162,36.062708,6713
2022-07-17T18:46:44.352,-115.479505,36.062257,6743
2022-07-17T18:46:45.352,-115.479805,36.061699,6748
2022-07-17T18:46:47.805,-115.480342,36.06039,6778
2022-07-17T18:46:48.836,-115.480449,36.05979,6823
2022-07-17T18:46:49.719,-115.480492,36.059318,6873
2022-07-17T18:46:50.852,-115.480492,36.058588,6913
2022-07-17T18:46:51.867,-115.480449,36.058052,6958
2022-07-17T18:46:52.883,-115.48032,36.057451,6973
2022-07-17T18:46:53.828,-115.480213,36.056893,6988
2022-07-17T18:46:54.688,-115.480042,36.056442,7003
2022-07-17T18:46:56.180,-115.479741,36.055584,7018
2022-07-17T18:46:57.172,-115.479634,36.054983,7033
2022-07-17T18:46:58.242,-115.479505,36.054382,7048
2022-07-17T18:46:59.063,-115.479462,36.053932,7063
2022-07-17T18:47:00.133,-115.479527,36.053331,7083
2022-07-17T18:47:01.102,-115.479591,36.05288,7108.2
2022-07-17T18:47:01.945,-115.479741,36.05243,7133.2
2022-07-17T18:47:02.977,-115.479934,36.051958,7158.4
2022-07-17T18:47:04.086,-115.480278,36.051443,7183.6
2022-07-17T18:47:05.508,-115.480728,36.050863,7203.6
2022-07-17T18:47:06.477,-115.481136,36.050498,7223.6
2022-07-17T18:47:07.602,-115.481672,36.050091,7238.8
2022-07-17T18:47:08.594,-115.482144,36.049812,7248.8
2022-07-17T18:47:09.992,-115.482895,36.04949,7263.6
2022-07-17T18:47:25.289,-115.491886,36.048803,7338.6
2022-07-17T18:47:26.313,-115.492401,36.04876,7413.4
2022-07-17T18:47:27.250,-115.49298,36.048696,7488.2
2022-07-17T18:47:28.336,-115.493603,36.048653,7573
2022-07-17T18:47:29.828,-115.494418,36.04861,7653
2022-07-17T18:47:31.445,-115.495298,36.048524,7678
2022-07-17T18:47:32.438,-115.495813,36.04846,7703
2022-07-17T18:47:33.438,-115.496414,36.048417,7728
2022-07-17T18:47:34.523,-115.496972,36.048396,7748
2022-07-17T18:47:36.031,-115.497873,36.048288,7773
2022-07-17T18:47:36.938,-115.498345,36.048203,7768
2022-07-17T18:47:38.883,-115.499439,36.048117,7783
2022-07-17T18:47:39.805,-115.499976,36.048052,7803
2022-07-17T18:47:40.859,-115.500576,36.047966,7818
2022-07-17T18:47:41.898,-115.501156,36.047881,7833
2022-07-17T18:47:42.750,-115.501671,36.047816,7868
2022-07-17T18:47:43.789,-115.50225,36.04773,7883
2022-07-17T18:47:44.859,-115.502872,36.047645,7893
2022-07-17T18:47:45.742,-115.503387,36.047559,7908
2022-07-17T18:47:46.789,-115.503945,36.047494,7918
2022-07-17T18:47:48.219,-115.504825,36.047301,7933
2022-07-17T18:47:49.211,-115.50534,36.047215,7948
2022-07-17T18:47:50.227,-115.505984,36.04713,7963
2022-07-17T18:47:51.164,-115.50652,36.047022,7978
2022-07-17T18:47:52.195,-115.5071,36.046937,7993
2022-07-17T18:47:53.078,-115.507615,36.046829,7988
2022-07-17T18:47:54.219,-115.508258,36.046743,8003
2022-07-17T18:47:55.305,-115.508945,36.0467,8018
2022-07-17T18:47:56.828,-115.509911,36.046615,8033
2022-07-17T18:47:57.797,-115.510426,36.046572,8053
2022-07-17T18:47:58.813,-115.511005,36.046507,8093
2022-07-17T18:48:00.352,-115.511949,36.046464,8093
2022-07-17T18:48:01.438,-115.512657,36.046422,8118
2022-07-17T18:48:02.500,-115.513237,36.046379,8138
2022-07-17T18:48:03.430,-115.513816,36.046336,8158
2022-07-17T18:48:04.344,-115.514352,36.046336,8178
2022-07-17T18:48:05.180,-115.514803,36.046379,8218
2022-07-17T18:48:06.125,-115.515404,36.046379,8238
2022-07-17T18:48:07.094,-115.515919,36.046464,8263
2022-07-17T18:48:08.188,-115.516498,36.046572,8273
2022-07-17T18:48:10.266,-115.5177,36.046829,8303
2022-07-17T18:48:11.281,-115.518215,36.046958,8338
2022-07-17T18:48:12.305,-115.51873,36.047151,8373
2022-07-17T18:48:13.297,-115.519288,36.047387,8403
2022-07-17T18:48:14.250,-115.519803,36.047559,8448
2022-07-17T18:48:15.383,-115.52036,36.047816,8468
2022-07-17T18:48:16.281,-115.520833,36.048074,8483
2022-07-17T18:48:17.289,-115.521348,36.048288,8493
2022-07-17T18:48:18.430,-115.521991,36.04861,8503
2022-07-17T18:48:19.320,-115.522377,36.048846,8508
2022-07-17T18:48:20.375,-115.523,36.049125,8518
2022-07-17T18:48:21.313,-115.523472,36.04934,8523
2022-07-17T18:48:22.438,-115.524158,36.04964,8528
2022-07-17T18:48:23.430,-115.524695,36.049919,8533
2022-07-17T18:48:24.453,-115.525253,36.050177,8543
2022-07-17T18:48:25.531,-115.525875,36.050498,8533
2022-07-17T18:48:26.719,-115.526454,36.05082,8543
2022-07-17T18:48:27.719,-115.527077,36.051142,8553
2022-07-17T18:48:28.805,-115.527549,36.051443,8568
2022-07-17T18:48:29.727,-115.528042,36.051764,8583
2022-07-17T18:48:30.586,-115.528429,36.052108,8618
2022-07-17T18:48:32.172,-115.529137,36.052709,8638
2022-07-17T18:48:33.250,-115.529544,36.053202,8663
2022-07-17T18:48:34.148,-115.529823,36.053588,8693
2022-07-17T18:48:35.188,-115.530124,36.05406,8723
2022-07-17T18:48:36.258,-115.530403,36.054575,8753
2022-07-17T18:48:37.219,-115.530639,36.054983,8783
2022-07-17T18:48:38.266,-115.530853,36.055477,8813
2022-07-17T18:48:39.273,-115.531089,36.055992,8843
2022-07-17T18:48:40.164,-115.531282,36.056378,8873
2022-07-17T18:48:41.156,-115.531476,36.05685,8898
2022-07-17T18:48:42.031,-115.531647,36.057322,8918
2022-07-17T18:48:43.055,-115.531883,36.057773,8938
2022-07-17T18:48:43.992,-115.532119,36.058202,8948
2022-07-17T18:48:45.039,-115.532334,36.058717,8958
2022-07-17T18:48:46.055,-115.53257,36.059189,8968
2022-07-17T18:48:46.992,-115.532806,36.059639,8978
2022-07-17T18:48:48.063,-115.533149,36.060154,8983
2022-07-17T18:48:49.242,-115.533578,36.060669,8983
2022-07-17T18:48:50.281,-115.534008,36.06112,8978
2022-07-17T18:48:51.727,-115.534694,36.061807,8978
2022-07-17T18:48:52.750,-115.535145,36.062257,8983
2022-07-17T18:48:53.859,-115.535724,36.062708,8968
2022-07-17T18:48:54.922,-115.536282,36.063223,8933
2022-07-17T18:48:55.891,-115.536797,36.063631,8893
2022-07-17T18:48:56.945,-115.537484,36.064167,8838
2022-07-17T18:48:58.477,-115.538406,36.064875,8768
2022-07-17T18:48:59.336,-115.538986,36.065326,8713
2022-07-17T18:49:00.297,-115.539501,36.065733,8688
2022-07-17T18:49:01.227,-115.540123,36.066163,8678
2022-07-17T18:49:02.219,-115.540574,36.06657,8663
2022-07-17T18:49:03.227,-115.541003,36.066957,8688
2022-07-17T18:49:04.180,-115.541282,36.067193,8728
2022-07-17T18:49:06.258,-115.541604,36.067557,8833
2022-07-17T18:49:07.828,-115.541689,36.06775,8963
2022-07-17T18:49:08.727,-115.541732,36.067836,9143
2022-07-17T18:49:09.906,-115.541775,36.067922,9313
2022-07-17T18:49:10.930,-115.54184,36.067922,9473
2022-07-17T18:49:11.953,-115.541861,36.067922,9568
2022-07-17T18:49:14.508,-115.541904,36.067986,9623
2022-07-17T18:49:15.539,-115.541925,36.067965,9578
2022-07-17T18:49:16.586,-115.541818,36.067879,9538
2022-07-17T18:49:17.500,-115.541604,36.067665,9388
2022-07-17T18:49:18.578,-115.541217,36.067235,9198
2022-07-17T18:49:19.672,-115.540917,36.066549,9003
2022-07-17T18:49:20.664,-115.540638,36.065927,8858
2022-07-17T18:49:21.688,-115.540402,36.06524,8663
2022-07-17T18:49:22.633,-115.540166,36.064532,8598
2022-07-17T18:49:23.969,-115.53993,36.063652,8548
2022-07-17T18:49:24.938,-115.539715,36.062944,8508
2022-07-17T18:49:25.914,-115.539544,36.062343,8483
2022-07-17T18:49:26.961,-115.539351,36.061549,8478
2022-07-17T18:49:27.977,-115.539114,36.060863,8453
2022-07-17T18:49:28.945,-115.538943,36.060154,8448
2022-07-17T18:49:29.938,-115.538707,36.059446,8443
2022-07-17T18:49:30.930,-115.538514,36.058781,8438
2022-07-17T18:49:31.977,-115.538299,36.058116,8443
2022-07-17T18:49:33.000,-115.538192,36.057558,8468
2022-07-17T18:49:34.477,-115.538063,36.056936,8518
2022-07-17T18:49:35.391,-115.537956,36.0567,8603
2022-07-17T18:49:36.266,-115.537956,36.056528,8698
2022-07-17T18:49:37.375,-115.537827,36.056378,8843
2022-07-17T18:49:38.945,-115.537784,36.056292,8993
2022-07-17T18:49:39.922,-115.53772,36.056249,9163
2022-07-17T18:49:40.961,-115.537655,36.056249,9313
2022-07-17T18:49:42.086,-115.537548,36.056206,9458
2022-07-17T18:49:43.516,-115.537269,36.056206,9558
2022-07-17T18:49:44.438,-115.53714,36.056249,9633
2022-07-17T18:49:45.414,-115.536969,36.056292,9648
2022-07-17T18:49:46.453,-115.536926,36.056356,9613
2022-07-17T18:49:47.508,-115.536861,36.056356,9538
2022-07-17T18:49:48.406,-115.536904,36.056335,9433
2022-07-17T18:49:49.344,-115.537248,36.056206,9278
2022-07-17T18:49:50.328,-115.53772,36.056077,9093
2022-07-17T18:49:51.469,-115.538471,36.055799,8913
2022-07-17T18:49:52.500,-115.539265,36.055627,8753
2022-07-17T18:49:53.539,-115.54023,36.055369,8603
2022-07-17T18:49:54.539,-115.541046,36.055133,8498
2022-07-17T18:49:55.555,-115.541861,36.05494,8438
2022-07-17T18:49:56.594,-115.542676,36.054704,8413
2022-07-17T18:49:57.563,-115.543513,36.054533,8408
2022-07-17T18:49:59.156,-115.544736,36.054189,8428
2022-07-17T18:50:00.203,-115.545423,36.054018,8448
2022-07-17T18:50:01.688,-115.546474,36.053696,8488
2022-07-17T18:50:02.727,-115.547161,36.05346,8563
2022-07-17T18:50:04.258,-115.548019,36.053095,8653
2022-07-17T18:50:05.195,-115.54847,36.052794,8718
2022-07-17T18:50:06.242,-115.548942,36.052408,8818
2022-07-17T18:50:07.289,-115.549285,36.052043,8908
2022-07-17T18:50:08.914,-115.5498,36.051314,8968
2022-07-17T18:50:09.914,-115.550015,36.050863,9008
2022-07-17T18:50:11.453,-115.550358,36.050069,9048
2022-07-17T18:50:12.383,-115.550573,36.04964,9048
2022-07-17T18:50:13.273,-115.550766,36.049168,9028
2022-07-17T18:50:14.336,-115.550981,36.048524,8983
2022-07-17T18:50:15.484,-115.551174,36.047838,8923
2022-07-17T18:50:16.609,-115.551388,36.047173,8858
2022-07-17T18:50:17.547,-115.551624,36.046507,8798
2022-07-17T18:50:18.656,-115.55186,36.045821,8753
2022-07-17T18:50:19.766,-115.552032,36.04522,8743
2022-07-17T18:50:20.813,-115.552161,36.044748,8728
2022-07-17T18:50:21.820,-115.552268,36.044426,8783
2022-07-17T18:50:22.750,-115.552268,36.044276,8873
2022-07-17T18:50:23.797,-115.552268,36.044233,8983
2022-07-17T18:50:24.703,-115.552247,36.044211,9118
2022-07-17T18:50:25.680,-115.552204,36.044211,9298
2022-07-17T18:50:27.547,-115.552161,36.044233,9448
2022-07-17T18:50:28.539,-115.552096,36.044276,9553
2022-07-17T18:50:29.500,-115.552032,36.044319,9658
2022-07-17T18:50:30.563,-115.551989,36.044319,9713
2022-07-17T18:50:31.477,-115.551903,36.044405,9738
2022-07-17T18:50:32.477,-115.55186,36.044405,9728
2022-07-17T18:50:33.523,-115.551732,36.044405,9718
2022-07-17T18:50:35.953,-115.551689,36.044598,9683
2022-07-17T18:50:36.922,-115.551517,36.044683,9623
2022-07-17T18:50:37.836,-115.551174,36.044683,9463
2022-07-17T18:50:38.836,-115.55053,36.044576,9313
2022-07-17T18:50:39.727,-115.549757,36.044469,9098
2022-07-17T18:50:40.227,-115.54935,36.044383,8868
2022-07-17T18:50:41.281,-115.548427,36.044126,8673
2022-07-17T18:50:42.250,-115.547504,36.04389,8568
2022-07-17T18:50:43.273,-115.546582,36.043718,8448
2022-07-17T18:50:44.320,-115.545681,36.043439,8443
2022-07-17T18:50:45.578,-115.544736,36.043203,8468
2022-07-17T18:50:46.695,-115.5439,36.042988,8503
2022-07-17T18:50:47.648,-115.543149,36.042795,8548
2022-07-17T18:50:48.828,-115.542333,36.042602,8628
2022-07-17T18:50:49.789,-115.541689,36.042473,8703
2022-07-17T18:50:50.891,-115.540981,36.042387,8763
2022-07-17T18:50:51.953,-115.54023,36.042323,8838
2022-07-17T18:50:53.664,-115.539093,36.042387,8918
2022-07-17T18:50:54.703,-115.538471,36.042516,9003
2022-07-17T18:50:55.719,-115.537827,36.042752,9073
2022-07-17T18:50:56.820,-115.537248,36.043074,9128
2022-07-17T18:50:57.703,-115.536861,36.043353,9178
2022-07-17T18:50:58.695,-115.536454,36.043761,9233
2022-07-17T18:50:59.594,-115.536196,36.04419,9263
2022-07-17T18:51:00.453,-115.536003,36.044641,9283
2022-07-17T18:51:01.391,-115.535917,36.04507,9313
2022-07-17T18:51:02.492,-115.535896,36.045692,9313
2022-07-17T18:51:03.484,-115.536003,36.046228,9303
2022-07-17T18:51:04.539,-115.536196,36.046851,9283
2022-07-17T18:51:05.523,-115.536454,36.047387,9268
2022-07-17T18:51:06.461,-115.536754,36.047881,9228
2022-07-17T18:51:07.430,-115.537097,36.048439,9203
2022-07-17T18:51:08.414,-115.537419,36.049039,9153
2022-07-17T18:51:23.453,-115.539372,36.05361,9258
2022-07-17T18:51:24.984,-115.539415,36.053824,9333
2022-07-17T18:51:26.023,-115.539415,36.053953,9423
2022-07-17T18:51:26.945,-115.539415,36.054018,9478
2022-07-17T18:51:28.922,-115.539672,36.054382,9498
2022-07-17T18:51:29.914,-115.540016,36.05479,9293
2022-07-17T18:51:30.953,-115.540531,36.055305,9053
2022-07-17T18:51:31.773,-115.541003,36.055777,8828
2022-07-17T18:51:32.633,-115.541561,36.056356,8618
2022-07-17T18:51:33.703,-115.542247,36.057043,8473
2022-07-17T18:51:34.813,-115.54287,36.057687,8413
2022-07-17T18:51:35.852,-115.543449,36.058266,8418
2022-07-17T18:51:36.875,-115.544007,36.058824,8433
2022-07-17T18:51:37.828,-115.544586,36.059382,8473
2022-07-17T18:51:38.797,-115.545015,36.059833,8523
2022-07-17T18:51:39.773,-115.545552,36.060348,8588
2022-07-17T18:51:40.688,-115.545959,36.060755,8653
2022-07-17T18:51:41.648,-115.546474,36.061206,8703
2022-07-17T18:51:42.656,-115.546925,36.061656,8768
2022-07-17T18:51:43.758,-115.547483,36.062107,8838
2022-07-17T18:51:44.883,-115.548019,36.062579,8898
2022-07-17T18:51:46.008,-115.548599,36.063094,8953
2022-07-17T18:51:47.000,-115.549006,36.063459,9018
2022-07-17T18:51:47.969,-115.549521,36.063888,9058
2022-07-17T18:51:48.922,-115.549972,36.064317,9083
2022-07-17T18:51:49.805,-115.550337,36.064661,9103
2022-07-17T18:51:50.914,-115.550873,36.06524,9098
2022-07-17T18:51:51.883,-115.551281,36.065691,9108
2022-07-17T18:51:52.813,-115.551624,36.066206,9118
2022-07-17T18:51:53.703,-115.551903,36.066699,9128
2022-07-17T18:51:54.797,-115.552204,36.067278,9138
2022-07-17T18:51:55.898,-115.552418,36.067922,9168
2022-07-17T18:51:56.922,-115.55259,36.068609,9183
2022-07-17T18:51:57.805,-115.552611,36.069188,9213
2022-07-17T18:51:58.922,-115.55259,36.069896,9228
2022-07-17T18:51:59.914,-115.552547,36.07054,9238
2022-07-17T18:52:01.039,-115.552375,36.071227,9253
2022-07-17T18:52:02.016,-115.552096,36.071849,9263
2022-07-17T18:52:03.086,-115.551732,36.072471,9253
2022-07-17T18:52:04.094,-115.551345,36.073008,9263
2022-07-17T18:52:05.156,-115.550745,36.073608,9273
2022-07-17T18:52:06.008,-115.550294,36.07408,9278
2022-07-17T18:52:07.094,-115.549629,36.074488,9283
2022-07-17T18:52:08.063,-115.548942,36.074896,9288
2022-07-17T18:52:08.992,-115.548298,36.075196,9288
2022-07-17T18:52:09.891,-115.547612,36.075432,9293
2022-07-17T18:52:11.055,-115.54671,36.075711,9298
2022-07-17T18:52:12.008,-115.545895,36.07584,9303
2022-07-17T18:52:13.008,-115.54508,36.075926,9308
2022-07-17T18:52:14.617,-115.543749,36.07599,9313
2022-07-17T18:52:15.648,-115.542934,36.075904,9308
2022-07-17T18:52:16.695,-115.542119,36.075797,9303
2022-07-17T18:52:17.719,-115.54126,36.075583,9298
2022-07-17T18:52:18.664,-115.540531,36.075389,9273
2022-07-17T18:52:19.625,-115.539758,36.075196,9263
2022-07-17T18:52:20.641,-115.538986,36.074939,9258
2022-07-17T18:52:21.711,-115.538063,36.074703,9253
2022-07-17T18:52:22.805,-115.537183,36.074445,9248
2022-07-17T18:52:23.891,-115.536411,36.074166,9258
2022-07-17T18:52:25.023,-115.535445,36.073887,9253
2022-07-17T18:52:26.156,-115.534501,36.073608,9248
2022-07-17T18:52:27.109,-115.533707,36.073372,9243
2022-07-17T18:52:28.031,-115.532978,36.073158,9233
2022-07-17T18:52:28.977,-115.532227,36.0729,9228
2022-07-17T18:52:29.984,-115.531411,36.072686,9223
2022-07-17T18:52:30.984,-115.530596,36.07245,9218
2022-07-17T18:52:31.961,-115.52978,36.072171,9208
2022-07-17T18:52:32.898,-115.529029,36.071956,9203
2022-07-17T18:52:34.055,-115.528042,36.071634,9198
2022-07-17T18:52:35.117,-115.527141,36.071355,9188
2022-07-17T18:52:36.102,-115.526326,36.071098,9178
2022-07-17T18:52:37.156,-115.525446,36.070819,9168
2022-07-17T18:52:38.297,-115.524502,36.070497,9158
2022-07-17T18:52:39.305,-115.523579,36.070218,9143
2022-07-17T18:52:40.453,-115.522678,36.069896,9133
2022-07-17T18:52:41.422,-115.52182,36.06966,9123
2022-07-17T18:52:42.305,-115.521069,36.069403,9118
2022-07-17T18:52:43.266,-115.520275,36.069124,9108
2022-07-17T18:52:44.273,-115.519416,36.068845,9103
2022-07-17T18:52:45.320,-115.518494,36.068587,9098
2022-07-17T18:52:46.383,-115.517614,36.068308,9093
2022-07-17T18:52:47.328,-115.516734,36.068029,9088
2022-07-17T18:52:48.258,-115.515983,36.067793,9083
2022-07-17T18:52:49.164,-115.515168,36.067557,9078
2022-07-17T18:52:50.156,-115.514352,36.067321,9073
2022-07-17T18:52:51.133,-115.513473,36.067042,9068
2022-07-17T18:52:52.203,-115.512464,36.066763,9063
2022-07-17T18:52:53.320,-115.511563,36.066463,9068
2022-07-17T18:52:54.352,-115.510726,36.066206,9073
2022-07-17T18:52:55.195,-115.510082,36.065969,9078
2022-07-17T18:52:56.031,-115.509331,36.065733,9088
2022-07-17T18:52:57.102,-115.50843,36.065412,9098
2022-07-17T18:52:58.227,-115.507507,36.06509,9103
2022-07-17T18:52:59.266,-115.506713,36.064811,9113
2022-07-17T18:53:00.289,-115.505898,36.064553,9123
2022-07-17T18:53:01.406,-115.504932,36.064253,9128
2022-07-17T18:53:02.453,-115.504138,36.063995,9133
2022-07-17T18:53:03.445,-115.503323,36.063716,9138
2022-07-17T18:53:04.469,-115.502529,36.063437,9138
2022-07-17T18:53:05.453,-115.501735,36.063223,9138
2022-07-17T18:53:06.438,-115.500877,36.062987,9138
2022-07-17T18:53:07.547,-115.500019,36.062708,9133
2022-07-17T18:53:08.500,-115.499203,36.062493,9128
2022-07-17T18:53:09.648,-115.498302,36.062214,9123
2022-07-17T18:53:11.141,-115.4971,36.061914,9118
2022-07-17T18:53:12.094,-115.496349,36.061742,9113
2022-07-17T18:53:13.570,-115.495062,36.061549,9108
2022-07-17T18:53:14.523,-115.494246,36.061463,9103
2022-07-17T18:53:15.609,-115.493238,36.06142,9093
2022-07-17T18:53:16.594,-115.492487,36.06142,9078
2022-07-17T18:53:17.500,-115.491714,36.061442,9063
2022-07-17T18:53:18.680,-115.49062,36.061571,9048
2022-07-17T18:53:19.719,-115.489676,36.061742,9023
2022-07-17T18:53:20.742,-115.488753,36.061914,8998
2022-07-17T18:53:21.820,-115.487831,36.062214,8973
2022-07-17T18:53:22.781,-115.487058,36.062472,8948
2022-07-17T18:53:23.883,-115.486114,36.062858,8908
2022-07-17T18:53:25.500,-115.484741,36.063545,8863
2022-07-17T18:53:26.484,-115.48399,36.06391,8813
2022-07-17T18:53:27.539,-115.483088,36.064446,8783
2022-07-17T18:53:28.570,-115.482316,36.064939,8723
2022-07-17T18:53:29.617,-115.481501,36.065562,8668
2022-07-17T18:53:31.055,-115.480492,36.066334,8618
2022-07-17T18:53:32.547,-115.479462,36.067278,8563
2022-07-17T18:53:33.383,-115.478926,36.067793,8508
2022-07-17T18:53:34.273,-115.478389,36.068394,8453
2022-07-17T18:53:35.305,-115.477703,36.069167,8408
2022-07-17T18:53:36.258,-115.477188,36.06981,8383
2022-07-17T18:53:37.203,-115.476651,36.07054,8348
2022-07-17T18:53:38.133,-115.476179,36.071227,8293
2022-07-17T18:53:39.078,-115.475814,36.071913,8263
2022-07-17T18:53:40.133,-115.475299,36.072814,8233
2022-07-17T18:53:41.305,-115.474892,36.073802,8183
2022-07-17T18:53:42.344,-115.474548,36.074595,8148
2022-07-17T18:53:43.344,-115.474248,36.075432,8113
2022-07-17T18:53:44.344,-115.474012,36.076269,8073
2022-07-17T18:53:45.188,-115.473905,36.076956,8033
2022-07-17T18:53:46.227,-115.47369,36.077857,7998
2022-07-17T18:53:47.305,-115.473518,36.078823,7963
2022-07-17T18:53:48.391,-115.473433,36.079702,7928
2022-07-17T18:53:49.500,-115.473347,36.080711,7918
2022-07-17T18:53:50.430,-115.473282,36.081483,7893
2022-07-17T18:53:51.438,-115.473282,36.082342,7868
2022-07-17T18:53:52.328,-115.473261,36.083114,7848
2022-07-17T18:53:53.406,-115.473261,36.084037,7833
2022-07-17T18:53:54.375,-115.473261,36.084788,7798
2022-07-17T18:53:55.531,-115.473325,36.085796,7778
2022-07-17T18:53:56.492,-115.473347,36.086569,7763
2022-07-17T18:53:57.469,-115.473411,36.087384,7748
2022-07-17T18:53:58.578,-115.473497,36.088264,7733
2022-07-17T18:53:59.492,-115.473518,36.089036,7718
2022-07-17T18:54:00.492,-115.473583,36.089809,7708
2022-07-17T18:54:01.516,-115.473669,36.090689,7693
2022-07-17T18:54:02.453,-115.473754,36.091418,7683
2022-07-17T18:54:03.523,-115.47384,36.092319,7673
2022-07-17T18:54:04.680,-115.473969,36.093156,7663
2022-07-17T18:54:05.563,-115.474076,36.093907,7653
2022-07-17T18:54:06.539,-115.474205,36.094658,7648
2022-07-17T18:54:07.563,-115.474248,36.095431,7638
2022-07-17T18:54:08.531,-115.474377,36.096225,7648
2022-07-17T18:54:09.523,-115.474484,36.096976,7638
2022-07-17T18:54:10.547,-115.474613,36.09777,7623
2022-07-17T18:54:11.555,-115.47472,36.098521,7608
2022-07-17T18:54:12.555,-115.474849,36.099315,7598
2022-07-17T18:54:13.438,-115.474956,36.09998,7563
2022-07-17T18:54:14.555,-115.475085,36.100795,7548
2022-07-17T18:54:15.500,-115.475171,36.101482,7538
2022-07-17T18:54:16.383,-115.475256,36.102147,7528
2022-07-17T18:54:17.328,-115.475364,36.102898,7518
2022-07-17T18:54:18.227,-115.475471,36.103585,7513
2022-07-17T18:54:19.266,-115.475643,36.104271,7513
2022-07-17T18:54:20.266,-115.47575,36.105001,7513
2022-07-17T18:54:21.281,-115.475922,36.105688,7518
2022-07-17T18:54:22.461,-115.476158,36.106524,7523
2022-07-17T18:54:23.484,-115.476372,36.107211,7533
2022-07-17T18:54:24.469,-115.476608,36.107855,7523
2022-07-17T18:54:25.453,-115.476952,36.108499,7538
2022-07-17T18:54:26.594,-115.477359,36.109228,7548
2022-07-17T18:54:27.523,-115.477703,36.109743,7558
2022-07-17T18:54:28.469,-115.478089,36.110237,7563
2022-07-17T18:54:29.594,-115.478647,36.110795,7588
2022-07-17T18:54:30.766,-115.479226,36.111417,7588
2022-07-17T18:54:31.875,-115.479805,36.111932,7588
2022-07-17T18:54:32.734,-115.480342,36.112339,7588
2022-07-17T18:54:33.766,-115.480857,36.112769,7588
2022-07-17T18:54:34.859,-115.481522,36.113155,7588
2022-07-17T18:54:35.984,-115.482209,36.113541,7588
2022-07-17T18:54:37.617,-115.483303,36.114078,7588
2022-07-17T18:54:38.664,-115.48399,36.114357,7583
2022-07-17T18:54:39.625,-115.484676,36.114571,7578
2022-07-17T18:54:40.570,-115.485363,36.114807,7573
2022-07-17T18:54:41.484,-115.485985,36.115,7568
2022-07-17T18:54:42.422,-115.486672,36.115172,7558
2022-07-17T18:54:43.461,-115.487423,36.115408,7553
2022-07-17T18:54:44.477,-115.48811,36.115623,7548
2022-07-17T18:54:46.078,-115.489204,36.116138,7543
2022-07-17T18:54:47.203,-115.489912,36.116567,7542.8
2022-07-17T18:54:48.219,-115.490491,36.116996,7547.6
2022-07-17T18:54:49.117,-115.490963,36.117361,7557.6
2022-07-17T18:54:50.078,-115.491371,36.117833,7577.4
2022-07-17T18:54:51.094,-115.491779,36.118326,7597.2
2022-07-17T18:54:52.078,-115.492122,36.118884,7612.2
2022-07-17T18:54:53.469,-115.492508,36.119657,7627.2
2022-07-17T18:54:54.602,-115.492787,36.120386,7637
2022-07-17T18:54:55.492,-115.492852,36.120858,7637
2022-07-17T18:54:56.469,-115.49298,36.12148,7662
2022-07-17T18:54:57.367,-115.493023,36.12206,7687
2022-07-17T18:54:58.367,-115.492959,36.122682,7712
2022-07-17T18:54:59.242,-115.492852,36.123283,7737
2022-07-17T18:55:00.117,-115.492723,36.123841,7767
2022-07-17T18:55:01.188,-115.492487,36.124442,7772
2022-07-17T18:55:02.250,-115.492165,36.125107,7782
2022-07-17T18:55:03.258,-115.491822,36.125708,7792
2022-07-17T18:55:04.359,-115.491371,36.126308,7807
2022-07-17T18:55:05.461,-115.490921,36.126888,7822
2022-07-17T18:55:06.570,-115.490384,36.127424,7837
2022-07-17T18:55:07.469,-115.489891,36.127853,7852
2022-07-17T18:55:08.586,-115.489268,36.128347,7872
2022-07-17T18:55:10.195,-115.488281,36.129055,7872
2022-07-17T18:55:11.188,-115.487745,36.12942,7892
2022-07-17T18:55:12.266,-115.48708,36.129827,7917
2022-07-17T18:55:13.398,-115.48635,36.130214,7942
2022-07-17T18:55:14.375,-115.485771,36.130536,7967
2022-07-17T18:55:15.328,-115.485191,36.130857,8007
2022-07-17T18:55:16.234,-115.484612,36.131158,8032
2022-07-17T18:55:17.250,-115.48399,36.131523,8062
2022-07-17T18:55:18.172,-115.483496,36.131802,8092
2022-07-17T18:55:19.133,-115.482895,36.132081,8122
2022-07-17T18:55:20.047,-115.482337,36.132381,8162
2022-07-17T18:55:21.102,-115.481758,36.132703,8197
2022-07-17T18:55:21.922,-115.481265,36.13296,8232
2022-07-17T18:55:23.250,-115.480621,36.133389,8267
2022-07-17T18:55:38.430,-115.474656,36.139076,8392
2022-07-17T18:55:40.008,-115.474205,36.139719,8517
2022-07-17T18:55:40.898,-115.473926,36.140084,8642
2022-07-17T18:55:42.039,-115.473626,36.140535,8762
2022-07-17T18:55:43.133,-115.473325,36.140964,8887
2022-07-17T18:55:43.984,-115.473089,36.141286,8917
2022-07-17T18:55:44.906,-115.472853,36.141672,8922
2022-07-17T18:55:45.969,-115.472617,36.141994,8947
2022-07-17T18:55:47.102,-115.472317,36.142402,8972
2022-07-17T18:55:48.078,-115.472145,36.142681,8992
2022-07-17T18:55:49.586,-115.471866,36.143153,9017
2022-07-17T18:55:50.703,-115.471737,36.143453,9057
2022-07-17T18:55:51.656,-115.47163,36.143689,9067
2022-07-17T18:55:52.609,-115.471523,36.143882,9077
2022-07-17T18:55:53.633,-115.471394,36.144097,9047
2022-07-17T18:55:54.672,-115.471351,36.144376,8992
2022-07-17T18:55:56.227,-115.471287,36.144612,8917
2022-07-17T18:55:58.328,-115.471265,36.144977,8822
2022-07-17T18:55:59.297,-115.471179,36.14502,8722
2022-07-17T18:56:00.305,-115.470943,36.144977,8562
2022-07-17T18:56:01.195,-115.470514,36.144826,8382
2022-07-17T18:56:02.289,-115.469849,36.144569,8167.2
2022-07-17T18:56:03.125,-115.469356,36.144311,7957.4
2022-07-17T18:56:04.016,-115.468647,36.144011,7737.6
2022-07-17T18:56:04.859,-115.46809,36.143732,7607.6
2022-07-17T18:56:05.789,-115.467296,36.143432,7517.6
2022-07-17T18:56:06.859,-115.466588,36.143153,7487.6
2022-07-17T18:56:07.984,-115.465772,36.142831,7482.6
2022-07-17T18:56:09.023,-115.465,36.142509,7482.6
2022-07-17T18:56:10.086,-115.464313,36.14223,7517.8
2022-07-17T18:56:11.070,-115.463626,36.141951,7568
2022-07-17T18:56:12.195,-115.462854,36.141629,7618
2022-07-17T18:56:13.219,-115.462189,36.14135,7678
2022-07-17T18:56:14.328,-115.461566,36.141071,7753
2022-07-17T18:56:15.445,-115.460923,36.140707,7793
2022-07-17T18:56:16.383,-115.460472,36.140449,7853
2022-07-17T18:56:17.430,-115.459957,36.140084,7918
2022-07-17T18:56:18.445,-115.459507,36.139719,7973
2022-07-17T18:56:19.414,-115.459099,36.139333,8028
2022-07-17T18:56:20.469,-115.458755,36.138968,8098
2022-07-17T18:56:21.438,-115.458519,36.138561,8143
2022-07-17T18:56:22.398,-115.458305,36.138175,8183
2022-07-17T18:56:23.375,-115.458176,36.137767,8228
2022-07-17T18:56:24.289,-115.458069,36.137381,8268
2022-07-17T18:56:25.203,-115.458069,36.136973,8303
2022-07-17T18:56:26.188,-115.458133,36.136544,8333
2022-07-17T18:56:27.094,-115.458176,36.136179,8363
2022-07-17T18:56:28.273,-115.458348,36.135728,8388
2022-07-17T18:56:29.344,-115.458605,36.135342,8393
2022-07-17T18:56:30.352,-115.458949,36.134956,8418
2022-07-17T18:56:31.414,-115.459335,36.134677,8443
2022-07-17T18:56:32.516,-115.459764,36.134462,8478
2022-07-17T18:56:33.414,-115.460193,36.134312,8513
2022-07-17T18:56:34.367,-115.460579,36.134226,8563
2022-07-17T18:56:35.266,-115.461051,36.134226,8598
2022-07-17T18:56:36.250,-115.461502,36.134312,8628
2022-07-17T18:56:37.742,-115.46221,36.134591,8658
2022-07-17T18:56:38.688,-115.462639,36.134849,8683
2022-07-17T18:56:39.617,-115.46294,36.135128,8718
2022-07-17T18:56:41.734,-115.463455,36.136029,8733
2022-07-17T18:56:42.836,-115.463498,36.136544,8748
2022-07-17T18:56:43.672,-115.463498,36.136973,8743
2022-07-17T18:56:45.180,-115.463262,36.137702,8738
2022-07-17T18:56:46.164,-115.462918,36.138132,8718
2022-07-17T18:56:47.133,-115.462446,36.138496,8713
2022-07-17T18:56:47.977,-115.462039,36.138732,8708
2022-07-17T18:56:49.008,-115.461395,36.138926,8708
2022-07-17T18:56:50.094,-115.460751,36.139033,8713
2022-07-17T18:56:51.117,-115.460172,36.138968,8728
2022-07-17T18:56:51.969,-115.459764,36.138883,8738
2022-07-17T18:56:52.984,-115.459228,36.138604,8753
2022-07-17T18:56:53.961,-115.458884,36.138368,8768
2022-07-17T18:56:54.906,-115.458541,36.137981,8778
2022-07-17T18:56:56.000,-115.458305,36.137574,8778
2022-07-17T18:56:57.109,-115.458133,36.137059,8763
2022-07-17T18:56:58.109,-115.457962,36.136587,8733
2022-07-17T18:56:59.086,-115.457726,36.136136,8683
2022-07-17T18:56:59.945,-115.457661,36.13575,8608
2022-07-17T18:57:00.852,-115.457618,36.135278,8528
2022-07-17T18:57:01.977,-115.457597,36.134548,8428
2022-07-17T18:57:03.508,-115.457532,36.133432,8328
2022-07-17T18:57:04.461,-115.457554,36.132853,8258
2022-07-17T18:57:05.328,-115.457532,36.13236,8233
2022-07-17T18:57:06.281,-115.457554,36.131845,8238
2022-07-17T18:57:07.313,-115.457532,36.131201,8298
2022-07-17T18:57:08.328,-115.457361,36.130729,8378
2022-07-17T18:57:09.148,-115.457082,36.130364,8458
2022-07-17T18:57:10.148,-115.456717,36.129978,8518
2022-07-17T18:57:11.250,-115.456524,36.129634,8543
2022-07-17T18:57:12.250,-115.456288,36.129184,8535.6
2022-07-17T18:57:13.773,-115.456202,36.12869,8505.6
2022-07-17T18:57:14.688,-115.456417,36.128218,8415.6
2022-07-17T18:57:15.813,-115.456073,36.128175,8320.6
2022-07-17T18:57:16.836,-115.455902,36.128089,8205.6
2022-07-17T18:57:22.438,-115.457661,36.12515,8108
2022-07-17T18:57:23.445,-115.458069,36.124506,7923
2022-07-17T18:57:24.398,-115.458412,36.123927,7783
2022-07-17T18:57:25.391,-115.45882,36.123326,7643
2022-07-17T18:57:26.922,-115.459356,36.122403,7538
2022-07-17T18:57:27.984,-115.4597,36.121738,7428
2022-07-17T18:57:29.367,-115.46,36.120858,7423
2022-07-17T18:57:31.008,-115.4603,36.119742,7428
2022-07-17T18:57:32.125,-115.460279,36.118991,7443
2022-07-17T18:57:33.672,-115.460064,36.118004,7468
2022-07-17T18:57:34.719,-115.459764,36.117361,7498
2022-07-17T18:57:35.844,-115.45927,36.116738,7528
2022-07-17T18:57:36.813,-115.458755,36.116223,7558
2022-07-17T18:57:38.352,-115.457726,36.115601,7588
2022-07-17T18:57:39.406,-115.456867,36.115301,7608
2022-07-17T18:57:40.414,-115.456073,36.115086,7623
2022-07-17T18:57:41.375,-115.455322,36.115,7633
2022-07-17T18:57:42.305,-115.454443,36.115,7638
2022-07-17T18:57:43.438,-115.453434,36.115086,7633
2022-07-17T18:57:44.414,-115.452576,36.115258,7623
2022-07-17T18:57:45.508,-115.451632,36.115558,7608
2022-07-17T18:57:46.453,-115.450859,36.115859,7588
2022-07-17T18:57:47.602,-115.449829,36.116266,7563
2022-07-17T18:57:48.539,-115.449121,36.116674,7558
2022-07-17T18:57:49.531,-115.448306,36.117125,7528
2022-07-17T18:57:50.492,-115.447533,36.117597,7498
2022-07-17T18:57:51.594,-115.446739,36.118197,7473
2022-07-17T18:57:52.664,-115.445988,36.118734,7453
2022-07-17T18:57:53.813,-115.44513,36.119421,7433
2022-07-17T18:57:55.359,-115.444036,36.120257,7423
2022-07-17T18:57:56.773,-115.443048,36.121094,7413
2022-07-17T18:57:57.852,-115.442276,36.121759,7403
2022-07-17T18:57:58.914,-115.441525,36.122446,7388
2022-07-17T18:57:59.867,-115.440903,36.123004,7353
2022-07-17T18:58:00.875,-115.440216,36.123648,7353
2022-07-17T18:58:02.047,-115.439422,36.12442,7333
2022-07-17T18:58:02.961,-115.438778,36.125,7313
2022-07-17T18:58:03.953,-115.438092,36.125643,7293
2022-07-17T18:58:05.563,-115.436976,36.126673,7288
2022-07-17T18:58:06.547,-115.436332,36.127338,7248
2022-07-17T18:58:07.500,-115.435624,36.127982,7223
2022-07-17T18:58:08.586,-115.43498,36.128626,7193
2022-07-17T18:58:09.742,-115.434165,36.12942,7163
2022-07-17T18:58:10.711,-115.433521,36.130085,7123
2022-07-17T18:58:11.648,-115.432942,36.130686,7093
2022-07-17T18:58:12.688,-115.43232,36.13133,7063
2022-07-17T18:58:13.734,-115.43159,36.132081,7033
2022-07-17T18:58:14.617,-115.431011,36.132703,6998
2022-07-17T18:58:15.734,-115.430303,36.133432,6978
2022-07-17T18:58:16.813,-115.429637,36.134162,6938
2022-07-17T18:58:17.742,-115.429015,36.134784,6908
2022-07-17T18:58:18.758,-115.428436,36.135471,6893
2022-07-17T18:58:19.758,-115.427792,36.136179,6858
2022-07-17T18:58:20.781,-115.427148,36.136823,6803
2022-07-17T18:58:21.797,-115.426505,36.137531,6773
2022-07-17T18:58:22.734,-115.425925,36.138175,6743
2022-07-17T18:58:23.898,-115.425217,36.138968,6693
2022-07-17T18:58:25.492,-115.424252,36.140084,6668
2022-07-17T18:58:26.539,-115.423586,36.140835,6658
2022-07-17T18:58:27.578,-115.423007,36.141522,6628
2022-07-17T18:58:28.398,-115.422535,36.14208,6593
2022-07-17T18:58:29.555,-115.421827,36.142917,6563
2022-07-17T18:58:30.539,-115.421247,36.143625,6548
2022-07-17T18:58:31.555,-115.420668,36.144376,6498
2022-07-17T18:58:32.734,-115.41996,36.145213,6468
2022-07-17T18:58:33.625,-115.419445,36.145835,6438.2
2022-07-17T18:58:34.672,-115.418866,36.146522,6408.2
2022-07-17T18:58:35.773,-115.418265,36.147337,6363.4
2022-07-17T18:58:36.633,-115.417728,36.147959,6338.4
2022-07-17T18:58:37.633,-115.417149,36.148689,6308.4
2022-07-17T18:58:38.711,-115.416527,36.14944,6283.2
2022-07-17T18:58:39.789,-115.415926,36.150191,6253.2
2022-07-17T18:58:40.875,-115.415325,36.150963,6223.2
2022-07-17T18:58:41.922,-115.414703,36.151779,6193.2
2022-07-17T18:58:42.789,-115.414231,36.15238,6188.4
2022-07-17T18:58:43.641,-115.413716,36.153023,6158.4
2022-07-17T18:58:44.766,-115.413072,36.153817,6133.6
2022-07-17T18:58:45.758,-115.412493,36.154568,6113.6
2022-07-17T18:58:46.609,-115.411956,36.15519,6093.6
2022-07-17T18:58:47.570,-115.411441,36.155856,6073.6
2022-07-17T18:58:48.625,-115.410755,36.15665,6073.6
2022-07-17T18:58:49.578,-115.410261,36.157315,6058.4
2022-07-17T18:58:50.398,-115.409746,36.157873,6043.2
2022-07-17T18:58:51.383,-115.409167,36.158559,6033.2
2022-07-17T18:58:52.344,-115.408566,36.15931,6003.2
2022-07-17T18:58:53.406,-115.407944,36.160083,5978.4
2022-07-17T18:58:54.500,-115.407279,36.160855,5968.4
2022-07-17T18:58:55.508,-115.406699,36.161542,5958.6
2022-07-17T18:58:56.602,-115.406055,36.162314,5963.8
2022-07-17T18:58:57.570,-115.40554,36.162937,5973.8
2022-07-17T18:58:58.523,-115.40494,36.163645,5958.8
2022-07-17T18:58:59.602,-115.404274,36.164439,5944
2022-07-17T18:59:00.648,-115.403717,36.165125,5929
2022-07-17T18:59:01.641,-115.403073,36.165812,5894
2022-07-17T18:59:02.680,-115.402515,36.166499,5859
2022-07-17T18:59:03.734,-115.401914,36.167228,5864
2022-07-17T18:59:04.906,-115.401206,36.168065,5849
2022-07-17T18:59:05.789,-115.400734,36.16858,5834
2022-07-17T18:59:06.883,-115.400112,36.169331,5819
2022-07-17T18:59:07.828,-115.399532,36.169975,5804
2022-07-17T18:59:08.867,-115.399017,36.170619,5774
2022-07-17T18:59:09.859,-115.398438,36.171241,5764
2022-07-17T18:59:10.688,-115.397987,36.171799,5754
2022-07-17T18:59:11.758,-115.397408,36.172485,5744
2022-07-17T18:59:12.641,-115.396893,36.173043,5729
2022-07-17T18:59:13.648,-115.396378,36.173666,5714
2022-07-17T18:59:14.766,-115.395777,36.174395,5694
2022-07-17T18:59:15.664,-115.395305,36.174953,5674
2022-07-17T18:59:16.734,-115.394661,36.175661,5654
2022-07-17T18:59:17.602,-115.394146,36.176198,5629
2022-07-17T18:59:18.727,-115.393546,36.176906,5604
2022-07-17T18:59:20.313,-115.392623,36.177893,5579
2022-07-17T18:59:21.320,-115.392044,36.178493,5549
2022-07-17T18:59:22.250,-115.391464,36.179073,5519
2022-07-17T18:59:23.195,-115.390863,36.179652,5494
2022-07-17T18:59:24.211,-115.390263,36.180274,5464
2022-07-17T18:59:25.289,-115.38964,36.180875,5439
2022-07-17T18:59:26.359,-115.388997,36.181519,5419
2022-07-17T18:59:27.320,-115.388353,36.182077,5419
2022-07-17T18:59:28.195,-115.387816,36.182549,5399
2022-07-17T18:59:29.211,-115.387173,36.183193,5384
2022-07-17T18:59:30.086,-115.386658,36.183665,5369
2022-07-17T18:59:31.063,-115.385971,36.184201,5354
2022-07-17T18:59:31.883,-115.385456,36.184652,5314
2022-07-17T18:59:33.023,-115.384705,36.185296,5299
2022-07-17T18:59:33.922,-115.384083,36.185789,5279
2022-07-17T18:59:34.836,-115.383503,36.186304,5259
2022-07-17T18:59:35.820,-115.382817,36.186819,5234
2022-07-17T18:59:36.883,-115.382195,36.187356,5214
2022-07-17T18:59:37.938,-115.381508,36.187892,5194
2022-07-17T18:59:39.055,-115.380714,36.188514,5169
2022-07-17T18:59:40.070,-115.380027,36.189051,5149
2022-07-17T18:59:41.516,-115.379062,36.189759,5119
2022-07-17T18:59:43.016,-115.377903,36.190617,5109
2022-07-17T18:59:44.055,-115.377152,36.191111,5074
2022-07-17T18:59:45.094,-115.376379,36.191711,5044
2022-07-17T18:59:46.047,-115.375671,36.192162,5009
2022-07-17T18:59:47.031,-115.37492,36.192677,4989
2022-07-17T18:59:47.875,-115.374298,36.193085,4949
2022-07-17T18:59:48.977,-115.373461,36.193664,4934
2022-07-17T18:59:49.992,-115.372689,36.194179,4919
2022-07-17T18:59:50.906,-115.371873,36.194694,4909
2022-07-17T18:59:51.938,-115.371122,36.195209,4894
2022-07-17T18:59:53.047,-115.370243,36.195745,4879
2022-07-17T18:59:54.125,-115.369427,36.196282,4859
2022-07-17T18:59:55.102,-115.36859,36.196733,4844
2022-07-17T18:59:56.109,-115.367775,36.197205,4824
2022-07-17T18:59:57.188,-115.366895,36.19772,4804
2022-07-17T18:59:58.039,-115.36623,36.198127,4789
2022-07-17T18:59:59.039,-115.365436,36.198578,4774
2022-07-17T19:00:00.156,-115.364513,36.199114,4754
2022-07-17T19:00:01.125,-115.363698,36.199586,4739
2022-07-17T19:00:02.203,-115.362689,36.20008,4724
2022-07-17T19:00:03.094,-115.362003,36.200466,4704
2022-07-17T19:00:04.078,-115.361145,36.200917,4684
2022-07-17T19:00:05.148,-115.360308,36.201389,4664
2022-07-17T19:00:06.109,-115.359428,36.201818,4644
2022-07-17T19:00:07.156,-115.358613,36.202226,4624
2022-07-17T19:00:08.320,-115.357561,36.202741,4604
2022-07-17T19:00:09.344,-115.356553,36.20317,4589
2022-07-17T19:00:10.352,-115.355802,36.203535,4574
2022-07-17T19:00:11.195,-115.354965,36.203878,4554
2022-07-17T19:00:12.211,-115.353978,36.204307,4559
2022-07-17T19:00:13.219,-115.353119,36.204629,4544
2022-07-17T19:00:14.227,-115.352218,36.204994,4524
2022-07-17T19:00:15.219,-115.351403,36.205316,4504
2022-07-17T19:00:16.125,-115.350609,36.205595,4489
2022-07-17T19:00:17.172,-115.3496,36.205959,4449
2022-07-17T19:00:18.688,-115.34827,36.206431,4429
2022-07-17T19:00:19.641,-115.347455,36.206732,4414
2022-07-17T19:00:20.609,-115.346553,36.207011,4424
2022-07-17T19:00:21.742,-115.345566,36.207311,4409
2022-07-17T19:00:22.797,-115.344601,36.207633,4394.2
2022-07-17T19:00:23.906,-115.343592,36.207912,4384.4
2022-07-17T19:00:25.469,-115.342197,36.208277,4369.4
2022-07-17T19:00:26.453,-115.341403,36.208513,4334.4
2022-07-17T19:00:27.492,-115.340374,36.208792,4324.6
2022-07-17T19:00:28.820,-115.339215,36.209071,4314.6
2022-07-17T19:00:29.883,-115.338249,36.209285,4304.6
2022-07-17T19:00:30.898,-115.337391,36.2095,4294.8
2022-07-17T19:00:32.305,-115.336168,36.209736,4300
2022-07-17T19:00:33.375,-115.335181,36.209908,4280
2022-07-17T19:00:34.328,-115.334365,36.210015,4260
2022-07-17T19:00:35.445,-115.333335,36.210208,4240
2022-07-17T19:00:36.430,-115.332413,36.210294,4220
2022-07-17T19:00:37.328,-115.331554,36.210423,4185
2022-07-17T19:00:38.414,-115.330524,36.210573,4170
2022-07-17T19:00:39.461,-115.329559,36.210701,4155
2022-07-17T19:00:40.422,-115.328572,36.210809,4140
2022-07-17T19:00:41.492,-115.32752,36.210938,4120
2022-07-17T19:00:42.484,-115.326576,36.211066,4120
2022-07-17T19:00:43.367,-115.325761,36.211174,4100
2022-07-17T19:00:44.445,-115.324688,36.211302,4080
2022-07-17T19:00:45.555,-115.323594,36.21141,4055
2022-07-17T19:00:47.180,-115.321898,36.211581,4040
2022-07-17T19:00:48.164,-115.320976,36.211689,4000
2022-07-17T19:00:49.172,-115.319924,36.211774,3985
2022-07-17T19:00:50.313,-115.318809,36.21186,3975
2022-07-17T19:00:51.477,-115.317585,36.211946,3970
2022-07-17T19:00:52.508,-115.316598,36.212053,3960
2022-07-17T19:00:53.352,-115.315783,36.212139,3955
2022-07-17T19:00:54.273,-115.314732,36.212225,3945
2022-07-17T19:00:55.281,-115.313766,36.212311,3935
2022-07-17T19:00:56.250,-115.312843,36.21244,3920
2022-07-17T19:00:57.242,-115.311813,36.212547,3905
2022-07-17T19:00:58.141,-115.310912,36.212611,3870
2022-07-17T19:00:59.148,-115.309861,36.212761,3860
2022-07-17T19:01:00.273,-115.308659,36.212869,3845
2022-07-17T19:01:01.180,-115.307758,36.212933,3835
2022-07-17T19:01:02.133,-115.3069,36.21304,3825
2022-07-17T19:01:03.125,-115.305891,36.213169,3835
2022-07-17T19:01:04.648,-115.304432,36.213319,3820
2022-07-17T19:01:05.594,-115.303402,36.213405,3805
2022-07-17T19:01:06.602,-115.302436,36.213491,3785
2022-07-17T19:01:07.633,-115.301449,36.213598,3770
2022-07-17T19:01:08.695,-115.300398,36.213727,3770
2022-07-17T19:01:09.703,-115.299411,36.213834,3750
2022-07-17T19:01:10.633,-115.298531,36.21392,3730
2022-07-17T19:01:11.625,-115.297565,36.214006,3715
2022-07-17T19:01:12.656,-115.2966,36.214092,3695
2022-07-17T19:01:13.594,-115.295613,36.214178,3655
2022-07-17T19:01:14.594,-115.294647,36.214328,3640
2022-07-17T19:01:15.570,-115.29381,36.214435,3625
2022-07-17T19:01:16.438,-115.292931,36.214499,3605
2022-07-17T19:01:17.406,-115.292008,36.214607,3585
2022-07-17T19:01:18.344,-115.291107,36.214714,3570
2022-07-17T19:01:19.313,-115.290184,36.2148,3550.2
2022-07-17T19:01:20.313,-115.28924,36.214886,3530.2
2022-07-17T19:01:21.305,-115.288317,36.214993,3515.2
2022-07-17T19:01:22.328,-115.287373,36.215079,3500.4
2022-07-17T19:01:23.313,-115.286429,36.215165,3485.6
2022-07-17T19:01:24.453,-115.285442,36.215293,3475.6
2022-07-17T19:01:25.594,-115.284348,36.215422,3470.8
2022-07-17T19:01:26.664,-115.283425,36.215508,3466
2022-07-17T19:01:27.648,-115.282567,36.215615,3461
2022-07-17T19:01:29.250,-115.281193,36.215744,3456
2022-07-17T19:01:30.242,-115.280335,36.21583,3451
2022-07-17T19:01:31.211,-115.279477,36.215937,3441
2022-07-17T19:01:32.305,-115.278597,36.216002,3431
2022-07-17T19:01:33.484,-115.277588,36.216152,3426
2022-07-17T19:01:35.078,-115.276279,36.216302,3416
2022-07-17T19:01:35.969,-115.275636,36.216345,3406
2022-07-17T19:01:36.906,-115.274799,36.216431,3401
2022-07-17T19:01:37.773,-115.274112,36.216474,3391
2022-07-17T19:01:38.805,-115.273297,36.216559,3381
2022-07-17T19:01:39.703,-115.272589,36.216667,3376
2022-07-17T19:01:40.672,-115.271816,36.216795,3366
2022-07-17T19:01:41.734,-115.271065,36.216903,3356
2022-07-17T19:01:42.734,-115.27025,36.216989,3346
2022-07-17T19:01:43.813,-115.269413,36.217117,3336
2022-07-17T19:01:44.969,-115.26849,36.217225,3326
2022-07-17T19:01:45.938,-115.267804,36.21731,3321
2022-07-17T19:01:46.984,-115.266967,36.217418,3316
2022-07-17T19:01:48.023,-115.266216,36.217482,3316
2022-07-17T19:01:48.992,-115.265465,36.217568,3316
2022-07-17T19:01:50.039,-115.264671,36.217718,3316
2022-07-17T19:01:50.977,-115.263941,36.217782,3316
2022-07-17T19:01:52.289,-115.262997,36.217911,3316
2022-07-17T19:01:53.367,-115.262182,36.218061,3316
2022-07-17T19:01:54.461,-115.261452,36.218169,3316
2022-07-17T19:01:55.422,-115.260723,36.218255,3311
2022-07-17T19:01:56.453,-115.259972,36.218405,3311
2022-07-17T19:01:58.031,-115.258834,36.218534,3291
2022-07-17T19:01:59.063,-115.258148,36.218619,3291
2022-07-17T19:01:59.930,-115.257504,36.218705,3291
2022-07-17T19:02:01.445,-115.256431,36.218812,3296
2022-07-17T19:02:02.281,-115.255787,36.218898,3296
2022-07-17T19:02:03.188,-115.255165,36.218941,3316
2022-07-17T19:02:04.281,-115.254414,36.219049,3316
2022-07-17T19:02:05.180,-115.25377,36.219091,3316
2022-07-17T19:02:06.258,-115.253105,36.219134,3316
2022-07-17T19:02:07.305,-115.252311,36.219177,3316
2022-07-17T19:02:08.242,-115.251667,36.21922,3316
2022-07-17T19:02:09.273,-115.250938,36.21922,3336
2022-07-17T19:02:10.195,-115.250251,36.219263,3331
2022-07-17T19:02:11.211,-115.249565,36.219263,3326
2022-07-17T19:02:12.234,-115.248814,36.219263,3321
2022-07-17T19:02:13.242,-115.248127,36.219263,3316
2022-07-17T19:02:14.297,-115.24729,36.21922,3291
2022-07-17T19:02:15.266,-115.246582,36.219177,3291
2022-07-17T19:02:16.398,-115.245724,36.219134,3291
2022-07-17T19:02:17.438,-115.244973,36.219091,3286
2022-07-17T19:02:18.422,-115.244243,36.218984,3286
2022-07-17T19:02:19.430,-115.243492,36.218898,3286
2022-07-17T19:02:20.359,-115.242784,36.218855,3286
2022-07-17T19:02:21.227,-115.242119,36.21877,3281
2022-07-17T19:02:22.086,-115.241432,36.218662,3281
2022-07-17T19:02:23.086,-115.240681,36.218534,3276
2022-07-17T19:02:24.188,-115.239823,36.218405,3271
2022-07-17T19:02:25.148,-115.239158,36.218297,3266
2022-07-17T19:02:26.172,-115.238342,36.218104,3261
2022-07-17T19:02:27.164,-115.237591,36.217976,3256
2022-07-17T19:02:28.297,-115.236712,36.217825,3246
2022-07-17T19:02:29.203,-115.236003,36.217675,3216
2022-07-17T19:02:30.227,-115.235252,36.217525,3206
2022-07-17T19:02:31.141,-115.234544,36.217353,3196
2022-07-17T19:02:32.305,-115.2336,36.217139,3186
2022-07-17T19:02:33.266,-115.232849,36.216989,3181
2022-07-17T19:02:34.219,-115.232162,36.216795,3191
2022-07-17T19:02:35.242,-115.231411,36.216559,3181
2022-07-17T19:02:36.344,-115.230639,36.216238,3176
2022-07-17T19:02:37.352,-115.229931,36.215959,3171
2022-07-17T19:02:38.352,-115.229223,36.215594,3166
2022-07-17T19:02:39.492,-115.228472,36.215165,3171
2022-07-17T19:02:40.570,-115.227764,36.214757,3176
2022-07-17T19:02:42.148,-115.226884,36.214199,3186
2022-07-17T19:02:43.516,-115.226004,36.213684,3181
2022-07-17T19:02:44.453,-115.225403,36.213362,3196
2022-07-17T19:02:45.492,-115.224717,36.212976,3206.2
2022-07-17T19:02:46.531,-115.224137,36.212611,3216.4
2022-07-17T19:02:47.539,-115.223494,36.212246,3226.4
2022-07-17T19:02:48.602,-115.222785,36.211817,3251.4
2022-07-17T19:02:49.508,-115.222206,36.211495,3256.4
2022-07-17T19:02:50.461,-115.221584,36.211131,3266.4
2022-07-17T19:02:51.484,-115.220919,36.210787,3276.4
2022-07-17T19:02:52.477,-115.220318,36.210444,3281.6
2022-07-17T19:02:53.516,-115.219653,36.210058,3286.8
2022-07-17T19:02:54.609,-115.218945,36.209693,3296.8
2022-07-17T19:02:55.609,-115.218322,36.209328,3301.6
2022-07-17T19:02:56.664,-115.217571,36.20892,3306.6
2022-07-17T19:02:57.758,-115.216842,36.208513,3306.6
2022-07-17T19:02:58.719,-115.216262,36.208191,3306.6
2022-07-17T19:02:59.789,-115.215511,36.207826,3301.8
2022-07-17T19:03:00.609,-115.214996,36.207504,3302
2022-07-17T19:03:01.531,-115.214374,36.207204,3302
2022-07-17T19:03:02.516,-115.21373,36.206839,3307
2022-07-17T19:03:03.430,-115.213172,36.206496,3312
2022-07-17T19:03:04.445,-115.212529,36.206131,3317
2022-07-17T19:03:05.320,-115.211992,36.205809,3317
2022-07-17T19:03:06.313,-115.211413,36.205444,3317
2022-07-17T19:03:07.250,-115.210812,36.205122,3322
2022-07-17T19:03:08.180,-115.210233,36.204736,3327
2022-07-17T19:03:09.305,-115.209589,36.204371,3332
2022-07-17T19:03:10.180,-115.209053,36.204071,3337
2022-07-17T19:03:11.180,-115.208473,36.203728,3342
2022-07-17T19:03:12.195,-115.207894,36.203341,3342
2022-07-17T19:03:13.195,-115.207336,36.20302,3342
2022-07-17T19:03:14.219,-115.206757,36.202655,3342
2022-07-17T19:03:15.141,-115.206263,36.202333,3342
2022-07-17T19:03:16.148,-115.205684,36.20199,3342
2022-07-17T19:03:17.172,-115.205083,36.201582,3337
2022-07-17T19:03:18.273,-115.204525,36.201196,3332
2022-07-17T19:03:19.391,-115.20401,36.200724,3332
2022-07-17T19:03:20.367,-115.203581,36.200273,3332
2022-07-17T19:03:21.523,-115.203109,36.199801,3332
2022-07-17T19:03:22.523,-115.202744,36.199307,3342
2022-07-17T19:03:23.602,-115.202358,36.198814,3352
2022-07-17T19:03:24.609,-115.202014,36.198299,3357
2022-07-17T19:03:25.445,-115.201714,36.197934,3362
2022-07-17T19:03:26.531,-115.201285,36.197398,3367
2022-07-17T19:03:27.430,-115.200984,36.196969,3362
2022-07-17T19:03:29.023,-115.200298,36.196282,3357
2022-07-17T19:03:29.883,-115.199955,36.195896,3352
2022-07-17T19:03:30.859,-115.199482,36.195467,3342
2022-07-17T19:03:31.852,-115.199096,36.195102,3332
2022-07-17T19:03:32.844,-115.198624,36.194694,3327
2022-07-17T19:03:33.906,-115.198131,36.194222,3317
2022-07-17T19:03:34.883,-115.197723,36.193857,3307
2022-07-17T19:03:35.898,-115.197251,36.193471,3297
2022-07-17T19:03:36.906,-115.1968,36.193106,3287
2022-07-17T19:03:37.805,-115.196221,36.192806,3272
2022-07-17T19:03:38.766,-115.195749,36.192591,3257
2022-07-17T19:03:39.867,-115.195148,36.192355,3237
2022-07-17T19:03:40.984,-115.194504,36.192205,3217
2022-07-17T19:03:42.625,-115.193539,36.192119,3187
2022-07-17T19:03:43.633,-115.192852,36.192205,3157
2022-07-17T19:03:44.594,-115.192273,36.192312,3147
2022-07-17T19:03:45.414,-115.191822,36.192441,3112
2022-07-17T19:03:46.289,-115.191307,36.192634,3077
2022-07-17T19:03:47.352,-115.190771,36.19287,3067
2022-07-17T19:03:48.336,-115.190256,36.193192,3032
2022-07-17T19:03:49.383,-115.189655,36.193578,2977
2022-07-17T19:03:50.398,-115.189183,36.193964,2942
2022-07-17T19:03:51.461,-115.188732,36.194415,2907
2022-07-17T19:03:52.328,-115.188367,36.19478,2852
2022-07-17T19:03:53.398,-115.187981,36.195273,2817
2022-07-17T19:03:54.344,-115.187745,36.195767,2782
2022-07-17T19:03:55.422,-115.187466,36.196389,2747
2022-07-17T19:03:56.578,-115.187252,36.196969,2732
2022-07-17T19:03:57.664,-115.187123,36.197569,2697
2022-07-17T19:03:58.742,-115.187101,36.198127,2667
2022-07-17T19:04:00.313,-115.187037,36.199028,2652
2022-07-17T19:04:01.414,-115.18708,36.199629,2617
2022-07-17T19:04:02.438,-115.187123,36.200187,2562
2022-07-17T19:04:03.328,-115.187273,36.200702,2527
2022-07-17T19:04:04.352,-115.187445,36.201217,2492
2022-07-17T19:04:05.266,-115.187638,36.201689,2442
2022-07-17T19:04:06.328,-115.187917,36.202183,2412
2022-07-17T19:04:07.203,-115.18811,36.202612,2387
2022-07-17T19:04:08.258,-115.188453,36.203105,2377
2022-07-17T19:04:09.242,-115.188797,36.203513,2367
2022-07-17T19:04:10.289,-115.189204,36.203899,2337
2022-07-17T19:04:11.313,-115.189548,36.204286,2322
2022-07-17T19:04:12.313,-115.189955,36.204607,2297
2022-07-17T19:04:13.320,-115.190363,36.204972,2257
2022-07-17T19:04:14.367,-115.190835,36.205294,2222
2022-07-17T19:04:15.313,-115.191243,36.205637,2187
2022-07-17T19:04:16.438,-115.19165,36.205938,2187
2022-07-17T19:04:18.023,-115.192273,36.20641,2177
2022-07-17T19:04:19.477,-115.192766,36.206796,2172
2022-07-17T19:04:21.023,-115.19326,36.207182,2187
2022-07-17T19:04:22.555,-115.193753,36.20759,2207
2022-07-17T19:04:23.469,-115.193989,36.207783,2187
2022-07-17T19:04:25.523,-115.194569,36.208234,2192
2022-07-17T19:04:26.383,-115.194805,36.20847,2197
2022-07-17T19:04:27.883,-115.195212,36.208749,2197
2022-07-17T19:04:29.313,-115.195513,36.209028,2182
2022-07-17T19:04:30.961,-115.19592,36.209307,2187
2022-07-17T19:04:32.023,-115.196114,36.209478,2187
2022-07-17T19:04:34.500,-115.196564,36.209865,2187
2022-07-17T19:04:37.664,-115.197036,36.210208,2172
