Time,Longitude,Latitude,interp_fit
2022-07-17T18:46:49.536,-115.485555555556,36.275,7883.93778676671
2022-07-17T18:46:50.648,-115.486388888889,36.2747222222222,7889.32636909282
2022-07-17T18:46:51.510,-115.486666666667,36.275,7893.50348955257
2022-07-17T18:46:52.471,-115.486944444444,36.2752777777778,7897.68931609712
2022-07-17T18:46:53.832,-115.488055555556,36.275,7903.61742263837
2022-07-17T18:46:54.643,-115.488055555556,36.2752777777778,7906.77120804114
2022-07-17T18:46:55.794,-115.488611111111,36.2755555555556,7911.24717308591
2022-07-17T18:46:57.196,-115.489444444444,36.2752777777778,7916.12554209659
2022-07-17T18:46:57.797,-115.489722222222,36.2755555555556,7918.21676788954
2022-07-17T18:46:58.558,-115.49,36.2755555555556,7920.56256845358
2022-07-17T18:46:59.970,-115.490833333333,36.2755555555556,7924.91509089377
2022-07-17T18:47:00.481,-115.491111111111,36.2755555555556,7926.30668198973
2022-07-17T18:47:02.093,-115.491666666667,36.2758333333333,7930.69659430053
2022-07-17T18:47:02.853,-115.492222222222,36.2755555555556,7932.42016194509
2022-07-17T18:47:03.564,-115.4925,36.2758333333333,7934.03446349489
2022-07-17T18:47:04.926,-115.493055555556,36.2761111111111,7937.23065464649
2022-07-17T18:47:05.728,-115.493611111111,36.2758333333333,7939.08973862346
2022-07-17T18:47:07.083,-115.494166666667,36.2761111111111,7942.01317676199
2022-07-17T18:47:07.995,-115.494722222222,36.2758333333333,7943.77575465012
2022-07-17T18:47:08.806,-115.495,36.2761111111111,7945.34313507947
2022-07-17T18:47:09.918,-115.495555555556,36.2763888888889,7947.49224332343
2022-07-17T18:47:10.529,-115.496111111111,36.2758333333333,7948.60805849875
2022-07-17T18:47:11.380,-115.496388888889,36.2761111111111,7950.16216438759
2022-07-17T18:47:12.542,-115.496666666667,36.2763888888889,7952.28422173329
2022-07-17T18:47:13.904,-115.497777777778,36.2761111111111,7954.75636768571
2022-07-17T18:47:14.905,-115.498055555556,36.2763888888889,7956.57326778848
2022-07-17T18:47:15.773,-115.498888888889,36.2761111111111,7958.19008782475
2022-07-17T18:47:16.929,-115.499166666667,36.2763888888889,7960.34336401458
2022-07-17T18:47:18.041,-115.5,36.2761111111111,7962.50252686818
2022-07-17T18:47:18.794,-115.500277777778,36.2763888888889,7963.96462191386
2022-07-17T18:47:19.705,-115.500555555556,36.2766666666667,7965.73350447564
2022-07-17T18:47:21.016,-115.501666666667,36.2766666666667,7968.3337446491
2022-07-17T18:47:22.129,-115.502222222222,36.2766666666667,7970.5627279364
2022-07-17T18:47:22.489,-115.502222222222,36.2769444444445,7971.28501146399
2022-07-17T18:47:23.751,-115.503333333333,36.2766666666667,7973.8188873119
2022-07-17T18:47:24.512,-115.503611111111,36.2769444444445,7975.34614317961
2022-07-17T18:47:25.923,-115.504722222222,36.2769444444445,7978.17044775475
2022-07-17T18:47:26.534,-115.504722222222,36.2769444444445,7979.38847065538
2022-07-17T18:47:28.136,-115.505833333333,36.2769444444445,7982.56038670799
2022-07-17T18:47:28.947,-115.506111111111,36.2772222222222,7984.15078992478
2022-07-17T18:47:30.160,-115.506666666667,36.2775,7986.50515252951
2022-07-17T18:47:30.721,-115.507222222222,36.2769444444445,7987.58266043274
2022-07-17T18:47:32.894,-115.507777777778,36.2775,7991.66846627069
2022-07-17T18:47:34.048,-115.508611111111,36.2772222222222,7993.77984740893
2022-07-17T18:47:34.911,-115.508888888889,36.2772222222222,7995.35880899978
2022-07-17T18:47:36.069,-115.509722222222,36.2772222222222,7997.4308612227
2022-07-17T18:47:38.243,-115.510833333333,36.2769444444445,8001.18606494375
2022-07-17T18:47:38.544,-115.510833333333,36.2772222222222,8001.69689637751
2022-07-17T18:47:41.869,-115.512222222222,36.2772222222222,8007.31593272189
2022-07-17T18:47:44.693,-115.513611111111,36.2772222222222,8012.25140038966
2022-07-17T18:47:45.654,-115.514166666667,36.2769444444445,8014.01068604153
2022-07-17T18:47:46.565,-115.514722222222,36.2772222222222,8015.72995234577
2022-07-17T18:47:47.926,-115.515277777778,36.2769444444445,8018.40950347371
2022-07-17T18:47:48.537,-115.515555555556,36.2769444444445,8019.65723189353
2022-07-17T18:47:49.600,-115.516388888889,36.2769444444445,8021.82799400501
2022-07-17T18:47:51.153,-115.517222222222,36.2766666666667,8024.99939017966
2022-07-17T18:47:51.663,-115.5175,36.2766666666667,8026.13726199641
2022-07-17T18:47:53.025,-115.518333333333,36.2763888888889,8029.1760491148
2022-07-17T18:47:53.735,-115.518333333333,36.2766666666667,8030.88933559903
2022-07-17T18:47:54.686,-115.519166666667,36.2763888888889,8033.18417541887
2022-07-17T18:47:55.748,-115.519444444444,36.2766666666667,8035.74686614154
2022-07-17T18:47:57.472,-115.520277777778,36.2763888888889,8040.31278920873
2022-07-17T18:47:58.677,-115.521111111111,36.2761111111111,8043.50416862246
2022-07-17T18:48:00.091,-115.521944444444,36.2758333333333,8047.63082266439
2022-07-17T18:48:00.502,-115.521944444444,36.2758333333333,8048.83029566662
2022-07-17T18:48:01.915,-115.522777777778,36.2755555555556,8052.95403079858
2022-07-17T18:48:03.067,-115.523055555556,36.2758333333333,8056.59897746104
2022-07-17T18:48:03.678,-115.523055555556,36.2758333333333,8058.53219163562
2022-07-17T18:48:04.439,-115.523888888889,36.2755555555556,8060.94000780801
2022-07-17T18:48:05.851,-115.524166666667,36.2755555555556,8065.70185909189
2022-07-17T18:48:07.222,-115.525,36.2755555555556,8070.32544010544
2022-07-17T18:48:07.773,-115.525,36.2755555555556,8072.30963332039
2022-07-17T18:48:08.843,-115.525555555556,36.2752777777778,8076.16278423125
2022-07-17T18:48:10.699,-115.526388888889,36.275,8082.84638080222
2022-07-17T18:48:11.710,-115.526666666667,36.275,8086.74539866702
2022-07-17T18:48:14.683,-115.527777777778,36.2744444444444,8098.21105495994
2022-07-17T18:48:16.096,-115.528333333333,36.2738888888889,8103.92969465185
2022-07-17T18:48:16.658,-115.528611111111,36.2741666666667,8106.20419996921
2022-07-17T18:48:17.970,-115.528888888889,36.2736111111111,8111.68585106763
2022-07-17T18:48:18.881,-115.529444444444,36.2730555555556,8115.492088938
2022-07-17T18:48:19.882,-115.529722222222,36.2727777777778,8119.81898351142
2022-07-17T18:48:20.943,-115.53,36.2727777777778,8124.40523320695
2022-07-17T18:48:22.104,-115.530277777778,36.2722222222222,8129.64285373045
2022-07-17T18:48:22.616,-115.530833333333,36.2719444444444,8131.95263914648
2022-07-17T18:48:23.678,-115.531111111111,36.2713888888889,8136.74364097404
2022-07-17T18:48:24.791,-115.531111111111,36.2713888888889,8142.00896710145
2022-07-17T18:48:25.952,-115.531666666667,36.2708333333333,8147.50136976557
2022-07-17T18:48:26.653,-115.531944444444,36.2705555555556,8150.98165902806
2022-07-17T18:48:27.564,-115.531944444444,36.2705555555556,8155.5045431488
2022-07-17T18:48:28.675,-115.532222222222,36.27,8161.02037824828
2022-07-17T18:48:29.938,-115.5325,36.2694444444445,8167.49305732515
2022-07-17T18:48:30.850,-115.532777777778,36.2691666666667,8172.31812040684
2022-07-17T18:48:31.962,-115.532777777778,36.2691666666667,8178.30513756194
2022-07-17T18:48:33.023,-115.533333333333,36.2686111111111,8184.0175709413
2022-07-17T18:48:33.533,-115.533611111111,36.2680555555556,8186.84319813329
2022-07-17T18:48:34.995,-115.533888888889,36.2675,8194.94332897668
2022-07-17T18:48:35.897,-115.533888888889,36.2675,8200.06857260893
2022-07-17T18:48:36.508,-115.534166666667,36.2672222222222,8203.54032681581
2022-07-17T18:48:37.620,-115.534166666667,36.2672222222222,8209.85880759996
2022-07-17T18:48:39.083,-115.534444444444,36.2666666666667,8218.3364448255
2022-07-17T18:48:39.544,-115.535,36.2661111111111,8221.00779842219
2022-07-17T18:48:40.798,-115.535,36.2655555555556,8228.37600446645
2022-07-17T18:48:41.659,-115.535,36.2655555555556,8233.43503409283
2022-07-17T18:48:42.520,-115.535277777778,36.265,8238.55953719473
2022-07-17T18:48:43.983,-115.535555555556,36.2644444444444,8247.26702593993
2022-07-17T18:48:45.454,-115.535555555556,36.2638888888889,8256.13498779107
2022-07-17T18:48:46.467,-115.535555555556,36.2638888888889,8262.2418849526
2022-07-17T18:48:47.970,-115.535833333333,36.2627777777778,8271.42399949096
2022-07-17T18:48:48.762,-115.535833333333,36.2627777777778,8276.26247927856
2022-07-17T18:48:49.823,-115.535833333333,36.2622222222222,8282.8376343319
2022-07-17T18:48:51.034,-115.536111111111,36.2616666666667,8290.34235960731
2022-07-17T18:48:51.895,-115.535833333333,36.2613888888889,8295.7537456339
2022-07-17T18:48:53.108,-115.536111111111,36.2608333333333,8303.37745191137
2022-07-17T18:48:54.229,-115.536111111111,36.2602777777778,8310.51437824191
2022-07-17T18:48:54.980,-115.535833333333,36.2602777777778,8315.29567254229
2022-07-17T18:48:55.440,-115.536111111111,36.2597222222222,8318.26609348191
2022-07-17T18:48:56.602,-115.535833333333,36.2594444444445,8325.76963406877
2022-07-17T18:48:57.656,-115.535833333333,36.2588888888889,8332.5757712777
2022-07-17T18:48:58.869,-115.535833333333,36.2583333333333,8340.50787522641
2022-07-17T18:49:00.082,-115.535555555556,36.2580555555556,8348.43997917511
2022-07-17T18:49:00.884,-115.535833333333,36.2575,8353.72154672343
2022-07-17T18:49:01.748,-115.535555555556,36.2575,8359.41141365016
2022-07-17T18:49:02.660,-115.535555555556,36.2569444444444,8365.41738656297
2022-07-17T18:49:04.172,-115.535277777778,36.2566666666667,8375.40064332666
2022-07-17T18:49:04.633,-115.535277777778,36.2561111111111,8378.44448029463
2022-07-17T18:49:06.145,-115.535,36.2552777777778,8388.43511272709
2022-07-17T18:49:07.096,-115.534722222222,36.2552777777778,8394.71890285156
2022-07-17T18:49:07.708,-115.534722222222,36.2547222222222,8398.75880108314
2022-07-17T18:49:08.469,-115.534722222222,36.2547222222222,8403.78227043538
2022-07-17T18:49:10.130,-115.534444444444,36.2538888888889,8414.74676576557
2022-07-17T18:49:11.251,-115.534166666667,36.2536111111111,8422.13275743706
2022-07-17T18:49:11.702,-115.534166666667,36.2530555555556,8425.09844942542
2022-07-17T18:49:12.813,-115.533888888889,36.2530555555556,8432.38497440349
2022-07-17T18:49:14.074,-115.533611111111,36.2522222222222,8440.62953339343
2022-07-17T18:49:15.135,-115.533333333333,36.2522222222222,8447.56647118376
2022-07-17T18:49:15.696,-115.533333333333,36.2519444444445,8451.21314602203
2022-07-17T18:49:16.958,-115.533055555556,36.2513888888889,8459.41653673619
2022-07-17T18:49:17.619,-115.533055555556,36.2508333333333,8463.71324199404
2022-07-17T18:49:18.530,-115.532777777778,36.2505555555556,8469.5865665363
2022-07-17T18:49:20.243,-115.5325,36.25,8480.63047997287
2022-07-17T18:49:21.093,-115.532222222222,36.2497222222222,8486.0421168104
2022-07-17T18:49:21.854,-115.532222222222,36.2491666666667,8490.88712497723
2022-07-17T18:49:22.865,-115.531944444444,36.2491666666667,8497.32378969811
2022-07-17T18:49:23.576,-115.531944444444,36.2483333333333,8501.78521569077
2022-07-17T18:49:24.939,-115.531388888889,36.2483333333333,8510.33785077826
2022-07-17T18:49:26.100,-115.531388888889,36.2475,8517.47886420028
2022-07-17T18:49:26.711,-115.531111111111,36.2475,8521.23696892597
2022-07-17T18:49:27.862,-115.531111111111,36.2469444444444,8528.31647497048
2022-07-17T18:49:28.673,-115.531111111111,36.2466666666667,8533.17552395353
2022-07-17T18:49:30.035,-115.531111111111,36.2461111111111,8541.33584919661
2022-07-17T18:49:30.796,-115.530555555556,36.2461111111111,8545.74647023599
2022-07-17T18:49:31.559,-115.530555555556,36.2452777777778,8550.16868346361
2022-07-17T18:49:33.180,-115.530277777778,36.2452777777778,8559.5637132961
2022-07-17T18:49:33.931,-115.530277777778,36.2447222222222,8563.68349187383
2022-07-17T18:49:34.842,-115.53,36.2438888888889,8568.71536096041
2022-07-17T18:49:36.047,-115.53,36.2433333333333,8575.42035022772
2022-07-17T18:49:36.808,-115.529722222222,36.2433333333333,8579.59708675231
2022-07-17T18:49:37.670,-115.529444444444,36.2430555555556,8584.19461561108
2022-07-17T18:49:38.480,-115.529444444444,36.2425,8588.36634075341
2022-07-17T18:49:39.391,-115.529444444444,36.2419444444444,8593.05824436925
2022-07-17T18:49:40.553,-115.529166666667,36.2416666666667,8599.04286746946
2022-07-17T18:49:41.907,-115.528888888889,36.2411111111111,8605.66732199827
2022-07-17T18:49:42.669,-115.529166666667,36.2405555555556,8609.39541135292
2022-07-17T18:49:43.832,-115.528611111111,36.2402777777778,8614.7913814324
2022-07-17T18:49:44.993,-115.528611111111,36.2397222222222,8620.17807168086
2022-07-17T18:49:46.097,-115.528333333333,36.2391666666667,8625.00677923743
2022-07-17T18:49:47.062,-115.528055555556,36.2388888888889,8629.22752574899
2022-07-17T18:49:47.775,-115.527777777778,36.2388888888889,8632.28108335283
2022-07-17T18:49:48.686,-115.527777777778,36.2383333333333,8636.05671458853
2022-07-17T18:49:49.689,-115.5275,36.2380555555556,8640.05341115575
2022-07-17T18:49:51.000,-115.527222222222,36.2375,8645.03030088098
2022-07-17T18:49:51.511,-115.527222222222,36.2372222222222,8646.89598432607
2022-07-17T18:49:52.823,-115.526944444444,36.2366666666667,8651.58314696907
2022-07-17T18:49:53.433,-115.526666666667,36.2366666666667,8653.76239221225
2022-07-17T18:49:54.946,-115.526388888889,36.2358333333333,8658.73831696248
2022-07-17T18:49:55.958,-115.526388888889,36.2358333333333,8662.06656219737
2022-07-17T18:49:56.418,-115.526388888889,36.2352777777778,8663.44599676765
2022-07-17T18:49:58.023,-115.525833333333,36.235,8668.25902356765
2022-07-17T18:49:58.834,-115.525555555556,36.2344444444444,8670.43921919916
2022-07-17T18:49:59.847,-115.525555555556,36.2338888888889,8673.1624465528
2022-07-17T18:50:01.110,-115.525,36.2336111111111,8676.55774462729
2022-07-17T18:50:02.070,-115.525,36.2327777777778,8678.76339607356
2022-07-17T18:50:02.731,-115.524722222222,36.2327777777778,8680.28207896679
2022-07-17T18:50:03.592,-115.524722222222,36.2322222222222,8682.32357728899
2022-07-17T18:50:04.994,-115.524166666667,36.2319444444444,8685.48144256034
2022-07-17T18:50:06.007,-115.523888888889,36.2313888888889,8687.49465943861
2022-07-17T18:50:07.069,-115.523888888889,36.2308333333333,8689.60525803043
2022-07-17T18:50:08.493,-115.523333333333,36.2305555555556,8691.48659853205
2022-07-17T18:50:09.699,-115.523055555556,36.2297222222222,8693.08223828326
2022-07-17T18:50:10.915,-115.523055555556,36.2291666666667,8694.89568309643
2022-07-17T18:50:12.179,-115.522777777778,36.2286111111111,8696.86198430995
2022-07-17T18:50:12.729,-115.5225,36.2286111111111,8697.70773746745
2022-07-17T18:50:13.542,-115.522222222222,36.2283333333333,8698.91260666314
2022-07-17T18:50:14.753,-115.521944444444,36.2277777777778,8700.53258321267
2022-07-17T18:50:16.015,-115.521944444444,36.2269444444445,8701.87717690778
2022-07-17T18:50:16.819,-115.521388888889,36.2269444444445,8702.48662711149
2022-07-17T18:50:17.830,-115.521666666667,36.2263888888889,8703.00114001604
2022-07-17T18:50:18.642,-115.521388888889,36.2263888888889,8703.41437891914
2022-07-17T18:50:19.453,-115.521111111111,36.2255555555556,8703.82710894424
2022-07-17T18:50:21.017,-115.520833333333,36.2255555555556,8704.14977822408
2022-07-17T18:50:21.477,-115.520555555556,36.225,8704.24468096792
2022-07-17T18:50:22.839,-115.520277777778,36.2247222222222,8704.14883473577
2022-07-17T18:50:24.041,-115.52,36.2241666666667,8704.06424797902
2022-07-17T18:50:24.852,-115.52,36.2236111111111,8703.81772244806
2022-07-17T18:50:25.913,-115.519722222222,36.2233333333333,8703.49520262057
2022-07-17T18:50:26.664,-115.519444444444,36.2227777777778,8703.14611421275
2022-07-17T18:50:28.076,-115.519166666667,36.2225,8702.48977219042
2022-07-17T18:50:28.587,-115.518888888889,36.2219444444445,8702.19787269138
2022-07-17T18:50:30.099,-115.518611111111,36.2213888888889,8701.33416987753
2022-07-17T18:50:30.809,-115.518333333333,36.2211111111111,8700.89913301
2022-07-17T18:50:32.983,-115.518055555556,36.22,8699.56706243256
2022-07-17T18:50:33.833,-115.517777777778,36.22,8699.07617395643
2022-07-17T18:50:34.985,-115.517777777778,36.2194444444445,8698.41087564632
2022-07-17T18:50:36.047,-115.5175,36.2191666666667,8697.90024449195
2022-07-17T18:50:36.708,-115.517222222222,36.2186111111111,8697.58242228071
2022-07-17T18:50:37.820,-115.516944444444,36.2183333333333,8697.04775013529
2022-07-17T18:50:38.682,-115.516944444444,36.2177777777778,8696.77441678994
2022-07-17T18:50:39.633,-115.516388888889,36.2177777777778,8696.47286225618
2022-07-17T18:50:41.095,-115.516388888889,36.2172222222222,8696.00927363416
2022-07-17T18:50:42.859,-115.515833333333,36.2163888888889,8695.76598868865
2022-07-17T18:50:43.722,-115.515833333333,36.2158333333333,8695.64696663942
2022-07-17T18:50:44.985,-115.515277777778,36.2155555555556,8695.6526059488
2022-07-17T18:50:45.687,-115.515277777778,36.215,8695.65574038739
2022-07-17T18:50:46.549,-115.514722222222,36.215,8695.76596317791
2022-07-17T18:50:47.662,-115.514722222222,36.2144444444445,8695.90828099488
2022-07-17T18:50:48.723,-115.514444444444,36.2141666666667,8696.20347282702
2022-07-17T18:50:50.036,-115.514166666667,36.2136111111111,8696.56877614952
2022-07-17T18:50:50.647,-115.514166666667,36.2130555555556,8696.84787315991
2022-07-17T18:50:51.999,-115.513611111111,36.2127777777778,8697.46544946074
2022-07-17T18:50:52.610,-115.513611111111,36.2122222222222,8697.88389412733
2022-07-17T18:50:53.771,-115.513055555556,36.2122222222222,8698.67900771906
2022-07-17T18:50:54.983,-115.513055555556,36.2116666666667,8699.5090488618
2022-07-17T18:50:55.493,-115.5125,36.2113888888889,8699.97725206507
2022-07-17T18:50:57.107,-115.5125,36.2108333333333,8701.45897759957
2022-07-17T18:50:57.417,-115.512222222222,36.2102777777778,8701.80736365605
2022-07-17T18:50:58.678,-115.511944444444,36.21,8703.22450839715
2022-07-17T18:50:59.639,-115.511666666667,36.2094444444445,8704.30450533301
2022-07-17T18:51:02.155,-115.511111111111,36.2088888888889,8707.72168995708
2022-07-17T18:51:02.617,-115.511111111111,36.2080555555556,8708.4790143868
2022-07-17T18:51:03.578,-115.510833333333,36.2075,8710.0543142648
2022-07-17T18:51:04.929,-115.510555555556,36.2075,8712.26891358509
2022-07-17T18:51:05.890,-115.510277777778,36.2069444444444,8714.11611122018
2022-07-17T18:51:06.901,-115.510277777778,36.2063888888889,8716.05941638249
2022-07-17T18:51:07.412,-115.509722222222,36.2061111111111,8717.15596062968
2022-07-17T18:51:08.774,-115.509444444444,36.2055555555556,8720.07864848063
2022-07-17T18:51:09.776,-115.509166666667,36.2052777777778,8722.4498597415
2022-07-17T18:51:11.138,-115.508888888889,36.2047222222222,8725.6730028642
2022-07-17T18:51:12.099,-115.508611111111,36.2041666666667,8728.15227750885
2022-07-17T18:51:12.660,-115.508333333333,36.2038888888889,8729.59959633807
2022-07-17T18:51:13.671,-115.508055555556,36.2033333333333,8732.20786538275
2022-07-17T18:51:14.983,-115.507777777778,36.2027777777778,8735.8087285933
2022-07-17T18:51:15.794,-115.5075,36.2027777777778,8738.03456663909
2022-07-17T18:51:16.505,-115.507222222222,36.2022222222222,8740.08024946333
2022-07-17T18:51:18.118,-115.506944444444,36.2016666666667,8744.72115702547
2022-07-17T18:51:18.628,-115.506666666667,36.2013888888889,8746.26662967408
2022-07-17T18:51:19.621,-115.506388888889,36.2008333333333,8749.27575597985
2022-07-17T18:51:20.532,-115.505833333333,36.2005555555556,8752.03639446975
2022-07-17T18:51:22.144,-115.505833333333,36.2,8757.26995532758
2022-07-17T18:51:23.005,-115.505555555556,36.1994444444444,8760.06530039583
2022-07-17T18:51:23.466,-115.505,36.1994444444444,8761.7097584141
2022-07-17T18:51:24.578,-115.505,36.1986111111111,8765.67643397523
2022-07-17T18:51:25.789,-115.504444444444,36.1986111111111,8769.99625773223
2022-07-17T18:51:26.650,-115.504444444444,36.1980555555556,8773.35295466055
2022-07-17T18:51:27.511,-115.503888888889,36.1977777777778,8776.70965065938
2022-07-17T18:51:28.552,-115.503611111111,36.1972222222222,8780.76809628497
2022-07-17T18:51:29.414,-115.503611111111,36.1966666666667,8784.32514157096
2022-07-17T18:51:30.877,-115.503055555556,36.1966666666667,8790.36221527493
2022-07-17T18:51:31.738,-115.503055555556,36.1961111111111,8794.00674091708
2022-07-17T18:51:32.799,-115.502777777778,36.1955555555556,8798.49784765251
2022-07-17T18:51:33.810,-115.502222222222,36.1952777777778,8802.76464370604
2022-07-17T18:51:34.471,-115.502222222222,36.1947222222222,8805.55430985555
2022-07-17T18:51:35.532,-115.501666666667,36.1947222222222,8810.03212532927
2022-07-17T18:51:36.794,-115.501388888889,36.1941666666667,8815.17465017256
2022-07-17T18:51:37.845,-115.501388888889,36.1936111111111,8819.45737194759
2022-07-17T18:51:38.457,-115.500833333333,36.1933333333333,8821.82150765179
2022-07-17T18:51:39.919,-115.500555555556,36.1927777777778,8827.46916486037
2022-07-17T18:51:41.130,-115.500555555556,36.1922222222222,8831.87877989031
2022-07-17T18:51:41.841,-115.5,36.1922222222222,8834.46774405755
2022-07-17T18:51:42.652,-115.499722222222,36.1913888888889,8837.24453009153
2022-07-17T18:51:43.914,-115.499722222222,36.1908333333333,8841.56549774671
2022-07-17T18:51:44.925,-115.499166666667,36.1908333333333,8844.79395621649
2022-07-17T18:51:46.037,-115.499166666667,36.1902777777778,8848.3449414516
2022-07-17T18:51:46.788,-115.498888888889,36.1897222222222,8850.54898664116
2022-07-17T18:51:48.099,-115.498611111111,36.1894444444444,8854.39652634712
2022-07-17T18:51:49.110,-115.498333333333,36.1891666666667,8857.05622841418
2022-07-17T18:51:50.182,-115.498055555556,36.1886111111111,8859.87640736394
2022-07-17T18:51:50.733,-115.497777777778,36.1883333333333,8861.11519502744
2022-07-17T18:51:52.045,-115.4975,36.1877777777778,8864.06490303214
2022-07-17T18:51:52.455,-115.4975,36.1872222222222,8864.98668641509
2022-07-17T18:51:54.178,-115.496944444444,36.1872222222222,8868.04182630656
2022-07-17T18:51:54.828,-115.496944444444,36.1866666666667,8869.19437486353
2022-07-17T18:51:56.030,-115.496666666667,36.1861111111111,8870.66918495752
2022-07-17T18:51:57.141,-115.496111111111,36.1858333333333,8872.03234156072
2022-07-17T18:51:57.451,-115.496111111111,36.1852777777778,8872.22998395886
2022-07-17T18:51:58.563,-115.495555555556,36.1852777777778,8872.93894649125
2022-07-17T18:51:59.475,-115.495555555556,36.1847222222222,8873.52039774509
2022-07-17T18:52:00.586,-115.495277777778,36.1841666666667,8873.56406869653
2022-07-17T18:52:01.798,-115.495,36.1836111111111,8873.61170973701
2022-07-17T18:52:02.659,-115.494722222222,36.1836111111111,8873.16206357675
2022-07-17T18:52:03.861,-115.494444444444,36.1830555555556,8872.53433435555
2022-07-17T18:52:04.872,-115.494166666667,36.1825,8870.78432920377
2022-07-17T18:52:05.483,-115.493888888889,36.1822222222222,8869.70724157744
2022-07-17T18:52:07.034,-115.493611111111,36.1816666666667,8867.4637071994
2022-07-17T18:52:07.896,-115.493333333333,36.1811111111111,8866.29988296055
2022-07-17T18:52:08.406,-115.493055555556,36.1805555555556,8865.56730773751
2022-07-17T18:52:09.969,-115.492777777778,36.1805555555556,8862.78391142113
2022-07-17T18:52:11.030,-115.4925,36.18,8860.12504870375
2022-07-17T18:52:11.390,-115.492222222222,36.1794444444444,8859.05923736946
2022-07-17T18:52:12.902,-115.492222222222,36.1788888888889,8854.58283188304
2022-07-17T18:52:13.663,-115.491666666667,36.1788888888889,8851.88641082349
2022-07-17T18:52:15.115,-115.491666666667,36.1783333333333,8846.7415983248
2022-07-17T18:52:15.866,-115.491388888889,36.1777777777778,8842.24870579079
2022-07-17T18:52:16.727,-115.491111111111,36.1772222222222,8837.09773226303
2022-07-17T18:52:17.688,-115.490833333333,36.1772222222222,8831.61171288798
2022-07-17T18:52:18.949,-115.490833333333,36.1766666666667,8824.62666185315
2022-07-17T18:52:19.560,-115.490555555556,36.1761111111111,8821.30309253961
2022-07-17T18:52:20.921,-115.490277777778,36.1755555555556,8813.97258710713
2022-07-17T18:52:22.134,-115.49,36.1755555555556,8807.44330978419
2022-07-17T18:52:23.146,-115.49,36.175,8801.93352448756
2022-07-17T18:52:25.159,-115.489444444444,36.1738888888889,8790.59600103688
2022-07-17T18:52:25.569,-115.489444444444,36.1733333333333,8788.19754279119
2022-07-17T18:52:26.930,-115.488888888889,36.1733333333333,8779.94536935131
2022-07-17T18:52:28.141,-115.488888888889,36.1727777777778,8772.15213718079
2022-07-17T18:52:28.802,-115.488611111111,36.1722222222222,8767.68696740143
2022-07-17T18:52:29.965,-115.488611111111,36.1719444444444,8759.41617101679
2022-07-17T18:52:30.918,-115.488333333333,36.1713888888889,8752.19940465325
2022-07-17T18:52:31.930,-115.488055555556,36.1711111111111,8744.1817587506
2022-07-17T18:52:33.091,-115.487777777778,36.1705555555556,8735.04126878702
2022-07-17T18:52:33.903,-115.4875,36.17,8728.55051917383
2022-07-17T18:52:34.464,-115.487222222222,36.1697222222222,8723.94707119559
2022-07-17T18:52:35.476,-115.486944444444,36.1691666666667,8715.64280948905
2022-07-17T18:52:36.789,-115.486944444444,36.1686111111111,8704.86860552111
2022-07-17T18:52:37.650,-115.486666666667,36.1680555555556,8697.71661605869
2022-07-17T18:52:38.951,-115.486388888889,36.1675,8686.84344756099
2022-07-17T18:52:39.963,-115.486111111111,36.1669444444444,8678.43740704813
2022-07-17T18:52:40.874,-115.486111111111,36.1666666666667,8670.9903805428
2022-07-17T18:52:41.535,-115.485833333333,36.1661111111111,8665.69686473467
2022-07-17T18:52:42.787,-115.485555555556,36.1655555555556,8655.89550751545
2022-07-17T18:52:43.498,-115.485277777778,36.165,8650.31880920667
2022-07-17T18:52:44.510,-115.485277777778,36.1644444444444,8642.31545778277
2022-07-17T18:52:45.571,-115.485,36.1638888888889,8633.86820983672
2022-07-17T18:52:47.033,-115.484722222222,36.1633333333333,8622.19041231134
2022-07-17T18:52:47.484,-115.484722222222,36.1630555555556,8618.59028837209
2022-07-17T18:52:48.946,-115.484444444444,36.1625,8606.96812316371
2022-07-17T18:52:50.007,-115.484166666667,36.1619444444444,8598.61450096478
2022-07-17T18:52:50.818,-115.484166666667,36.1613888888889,8592.29700779468
2022-07-17T18:52:51.429,-115.483888888889,36.1611111111111,8587.58563045367
2022-07-17T18:52:52.890,-115.483888888889,36.1605555555556,8576.52565015035
2022-07-17T18:52:53.541,-115.483611111111,36.16,8571.70716307893
2022-07-17T18:52:54.993,-115.483611111111,36.1594444444444,8561.13474328183
2022-07-17T18:52:55.454,-115.483333333333,36.1591666666667,8557.77807338534
2022-07-17T18:52:57.066,-115.483333333333,36.1586111111111,8546.3233368545
2022-07-17T18:52:57.917,-115.483055555556,36.1580555555556,8540.27620182639
2022-07-17T18:52:59.128,-115.482777777778,36.1575,8531.83671765044
2022-07-17T18:52:59.989,-115.482777777778,36.1572222222222,8525.83639015531
2022-07-17T18:53:01.210,-115.4825,36.1566666666667,8517.44275907925
2022-07-17T18:53:01.411,-115.4825,36.1561111111111,8516.06100666419
2022-07-17T18:53:02.973,-115.482222222222,36.1558333333333,8505.30530515648
2022-07-17T18:53:03.634,-115.481944444444,36.1552777777778,8500.77923519102
2022-07-17T18:53:04.445,-115.481944444444,36.1547222222222,8495.26271723809
2022-07-17T18:53:05.757,-115.481666666667,36.1541666666667,8486.33833633594
2022-07-17T18:53:06.658,-115.481388888889,36.1541666666667,8480.24069225667
2022-07-17T18:53:07.970,-115.481111111111,36.1536111111111,8471.36154791731
2022-07-17T18:53:08.730,-115.480833333333,36.1533333333333,8466.21565024735
2022-07-17T18:53:09.593,-115.480833333333,36.1527777777778,8460.37234851966
2022-07-17T18:53:11.158,-115.480555555556,36.1522222222222,8449.77586134992
2022-07-17T18:53:11.669,-115.480277777778,36.1516666666667,8446.3086734371
2022-07-17T18:53:12.972,-115.48,36.1513888888889,8437.4232372595
2022-07-17T18:53:13.684,-115.48,36.1508333333333,8432.52653134512
2022-07-17T18:53:14.797,-115.479722222222,36.1502777777778,8424.82702839151
2022-07-17T18:53:15.709,-115.479444444444,36.1497222222222,8418.51799999653
2022-07-17T18:53:16.420,-115.479444444444,36.1494444444444,8413.5163617306
2022-07-17T18:53:17.923,-115.479166666667,36.1488888888889,8402.94327764955
2022-07-17T18:53:18.634,-115.478888888889,36.1483333333333,8397.81430364114
2022-07-17T18:53:19.546,-115.478611111111,36.1483333333333,8391.23536662527
2022-07-17T18:53:20.607,-115.478333333333,36.1477777777778,8383.58158006646
2022-07-17T18:53:22.118,-115.478055555556,36.1475,8372.27113620788
2022-07-17T18:53:23.030,-115.478055555556,36.1463888888889,8365.44444878884
2022-07-17T18:53:24.141,-115.477777777778,36.1461111111111,8356.69323386759
2022-07-17T18:53:24.602,-115.4775,36.1455555555556,8353.06199214246
2022-07-17T18:53:25.864,-115.477222222222,36.145,8343.12136805756
2022-07-17T18:53:27.126,-115.477222222222,36.1447222222222,8332.53764329211
2022-07-17T18:53:27.486,-115.476944444444,36.1441666666667,8329.51851270964
2022-07-17T18:53:29.200,-115.476666666667,36.1436111111111,8315.14410199059
2022-07-17T18:53:29.450,-115.476666666667,36.1433333333333,8312.93291227233
2022-07-17T18:53:30.511,-115.476388888889,36.1427777777778,8303.54862425518
2022-07-17T18:53:32.074,-115.476111111111,36.1422222222222,8289.72426645712
2022-07-17T18:53:32.835,-115.475833333333,36.1416666666667,8282.74428187686
2022-07-17T18:53:33.997,-115.475833333333,36.1413888888889,8272.0862792453
2022-07-17T18:53:34.808,-115.475555555556,36.1408333333333,8264.5537979515
2022-07-17T18:53:35.618,-115.475555555556,36.1405555555556,8256.88701450676
2022-07-17T18:53:36.769,-115.475277777778,36.14,8245.69025439944
2022-07-17T18:53:37.722,-115.475,36.1394444444444,8236.16072752706
2022-07-17T18:53:38.533,-115.474722222222,36.1391666666667,8228.05112762551
2022-07-17T18:53:39.495,-115.474722222222,36.1383333333333,8218.43160457586
2022-07-17T18:53:40.456,-115.474444444444,36.1377777777778,8208.37200279369
2022-07-17T18:53:41.419,-115.474444444444,36.1372222222222,8198.29146933339
2022-07-17T18:53:42.571,-115.474166666667,36.1369444444444,8185.70026428034
2022-07-17T18:53:43.733,-115.473888888889,36.1363888888889,8172.99976330034
2022-07-17T18:53:44.685,-115.473611111111,36.1358333333333,8162.07427921573
2022-07-17T18:53:45.447,-115.473611111111,36.1355555555556,8153.32929955183
2022-07-17T18:53:46.408,-115.473333333333,36.135,8142.30052759486
2022-07-17T18:53:47.972,-115.473055555556,36.1347222222222,8123.88602279471
2022-07-17T18:53:48.524,-115.473055555556,36.1341666666667,8117.23184201853
2022-07-17T18:53:49.675,-115.472777777778,36.1336111111111,8103.10614999512
2022-07-17T18:53:51.037,-115.4725,36.1333333333333,8085.96825413913
2022-07-17T18:53:51.999,-115.472222222222,36.1327777777778,8073.59864058301
2022-07-17T18:53:52.711,-115.472222222222,36.1322222222222,8064.30760953856
2022-07-17T18:53:53.873,-115.471944444444,36.1313888888889,8048.9802926171
2022-07-17T18:53:55.194,-115.471944444444,36.1311111111111,8031.55569003214
2022-07-17T18:53:55.795,-115.471666666667,36.1305555555556,8023.5241098999
2022-07-17T18:53:56.856,-115.471388888889,36.1302777777778,8009.10443485218
2022-07-17T18:53:57.850,-115.471111111111,36.1297222222222,7995.31300163466
2022-07-17T18:53:58.911,-115.471111111111,36.1291666666667,7980.38785427831
2022-07-17T18:54:00.123,-115.470833333333,36.1288888888889,7963.33858458167
2022-07-17T18:54:00.784,-115.470555555556,36.1283333333333,7953.78489175891
2022-07-17T18:54:01.845,-115.470555555556,36.1275,7938.44984044443
2022-07-17T18:54:02.857,-115.470277777778,36.1272222222222,7923.82300573472
2022-07-17T18:54:03.518,-115.47,36.1266666666667,7914.03268454988
2022-07-17T18:54:04.920,-115.47,36.1263888888889,7893.31411516906
2022-07-17T18:54:05.781,-115.469722222222,36.1255555555556,7880.51452343467
2022-07-17T18:54:06.943,-115.469444444444,36.125,7863.0163904718
2022-07-17T18:54:08.155,-115.469444444444,36.1244444444444,7844.76533022245
2022-07-17T18:54:08.566,-115.469166666667,36.1241666666667,7838.48216956792
2022-07-17T18:54:09.427,-115.468888888889,36.1236111111111,7825.31963542848
2022-07-17T18:54:10.854,-115.468888888889,36.1227777777778,7803.55176990485
2022-07-17T18:54:11.440,-115.468611111111,36.1225,7794.61410406712
2022-07-17T18:54:12.442,-115.468333333333,36.1219444444444,7779.31299797955
2022-07-17T18:54:14.106,-115.468055555556,36.1216666666667,7753.78944777798
2022-07-17T18:54:14.518,-115.468055555556,36.1208333333333,7747.43997211436
2022-07-17T18:54:15.530,-115.467777777778,36.1202777777778,7731.84368370024
2022-07-17T18:54:16.542,-115.4675,36.1197222222222,7716.24739528611
2022-07-17T18:54:18.205,-115.4675,36.1194444444444,7690.58843592431
2022-07-17T18:54:18.556,-115.467222222222,36.1188888888889,7685.17274304425
2022-07-17T18:54:19.818,-115.466944444444,36.1183333333333,7665.70011451537
2022-07-17T18:54:20.779,-115.466944444444,36.1177777777778,7650.87190999612
2022-07-17T18:54:22.041,-115.466666666667,36.1175,7631.40288859852
2022-07-17T18:54:22.802,-115.466388888889,36.1169444444444,7619.67365654663
2022-07-17T18:54:23.413,-115.466111111111,36.1163888888889,7610.26309005796
2022-07-17T18:54:24.765,-115.466111111111,36.1155555555556,7589.43971100105
2022-07-17T18:54:25.434,-115.465833333333,36.1152777777778,7579.16316421751
2022-07-17T18:54:26.988,-115.465555555556,36.1147222222222,7555.29208077609
2022-07-17T18:54:27.648,-115.465555555556,36.1144444444444,7545.21594060508
2022-07-17T18:54:28.709,-115.465277777778,36.1138888888889,7529.01778238293
2022-07-17T18:54:30.023,-115.465,36.1133333333333,7508.95710758379
2022-07-17T18:54:30.533,-115.464722222222,36.1127777777778,7501.24975088938
2022-07-17T18:54:31.595,-115.464722222222,36.1122222222222,7485.20031316029
2022-07-17T18:54:32.896,-115.464444444444,36.1119444444444,7465.53899880579
2022-07-17T18:54:33.557,-115.464166666667,36.1116666666667,7455.65850348084
2022-07-17T18:54:34.818,-115.464166666667,36.1108333333333,7436.80932662996
2022-07-17T18:54:35.569,-115.463888888889,36.1102777777778,7425.71763884284
2022-07-17T18:54:37.033,-115.463611111111,36.11,7404.09549191953
2022-07-17T18:54:38.045,-115.463611111111,36.1094444444445,7389.37646804027
2022-07-17T18:54:38.706,-115.463333333333,36.1086111111111,7379.76256075384
2022-07-17T18:54:39.419,-115.463055555556,36.1083333333333,7369.39234285204
2022-07-17T18:54:40.872,-115.463055555556,36.1077777777778,7348.61857650563
2022-07-17T18:54:42.134,-115.462777777778,36.1069444444444,7330.57556643428
2022-07-17T18:54:42.595,-115.462777777778,36.1066666666667,7324.13899221149
2022-07-17T18:54:43.507,-115.4625,36.1063888888889,7311.40546564364
2022-07-17T18:54:44.518,-115.462222222222,36.1058333333333,7297.22730924804
2022-07-17T18:54:45.829,-115.462222222222,36.105,7278.90501346336
2022-07-17T18:54:46.440,-115.461944444444,36.1047222222222,7270.45432862382
2022-07-17T18:54:48.212,-115.461666666667,36.1041666666667,7246.24850844215
2022-07-17T18:54:48.563,-115.461666666667,36.1036111111111,7241.45378757392
2022-07-17T18:54:49.666,-115.461388888889,36.1030555555556,7226.59695235995
2022-07-17T18:54:50.880,-115.461111111111,36.1027777777778,7210.24500085503
2022-07-17T18:54:51.993,-115.460833333333,36.1019444444445,7195.46314296803
2022-07-17T18:54:52.954,-115.460833333333,36.1013888888889,7182.69755502938
2022-07-17T18:54:53.915,-115.460555555556,36.1011111111111,7169.92188797358
2022-07-17T18:54:54.466,-115.460277777778,36.1005555555556,7162.61899378205
2022-07-17T18:54:55.777,-115.46,36.1,7145.32825088009
2022-07-17T18:54:56.939,-115.46,36.0994444444444,7130.00266413909
2022-07-17T18:54:57.450,-115.459722222222,36.0991666666667,7123.26517876653
2022-07-17T18:54:58.612,-115.459444444444,36.0983333333333,7107.94432708685
2022-07-17T18:54:59.573,-115.459166666667,36.0977777777778,7095.27363974833
2022-07-17T18:55:00.485,-115.458888888889,36.0975,7083.22181538629
2022-07-17T18:55:01.646,-115.458888888889,36.0972222222222,7067.87952464902
2022-07-17T18:55:03.098,-115.458611111111,36.0963888888889,7048.63393413592
2022-07-17T18:55:03.859,-115.458333333333,36.0958333333333,7038.54723208471
2022-07-17T18:55:04.771,-115.458333333333,36.0955555555556,7026.4358898091
2022-07-17T18:55:05.782,-115.458055555556,36.0952777777778,7012.96977559318
2022-07-17T18:55:06.833,-115.457777777778,36.0947222222222,6998.93914975351
2022-07-17T18:55:07.794,-115.4575,36.0938888888889,6986.11000370992
2022-07-17T18:55:09.056,-115.457222222222,36.0936111111111,6969.19481998914
2022-07-17T18:55:09.466,-115.456944444444,36.0933333333333,6963.69939501595
2022-07-17T18:55:10.928,-115.456944444444,36.0927777777778,6944.10351930399
2022-07-17T18:55:12.090,-115.456666666667,36.0922222222222,6928.48053622522
2022-07-17T18:55:12.540,-115.456388888889,36.0916666666667,6922.43032668293
2022-07-17T18:55:13.502,-115.456111111111,36.0913888888889,6909.4963227736
2022-07-17T18:55:15.163,-115.455833333333,36.0908333333333,6887.13370259962
2022-07-17T18:55:16.125,-115.455555555556,36.0902777777778,6874.18196386038
2022-07-17T18:55:16.986,-115.455277777778,36.0897222222222,6862.59425961574
2022-07-17T18:55:17.587,-115.455,36.0894444444444,6854.50574879996
2022-07-17T18:55:19.209,-115.454722222222,36.0888888888889,6832.6761814689
2022-07-17T18:55:20.221,-115.454444444444,36.0880555555556,6819.08027212272
2022-07-17T18:55:21.072,-115.454166666667,36.0877777777778,6807.64734566083
2022-07-17T18:55:21.824,-115.453611111111,36.0875,6797.54445690754
2022-07-17T18:55:22.985,-115.453333333333,36.0869444444444,6781.99073576926
2022-07-17T18:55:23.596,-115.453055555556,36.0863888888889,6773.80527112195
2022-07-17T18:55:24.607,-115.452777777778,36.0858333333333,6760.261072739
2022-07-17T18:55:25.418,-115.452222222222,36.0855555555556,6749.42518860915
2022-07-17T18:55:26.981,-115.451944444444,36.0852777777778,6728.54172472402
2022-07-17T18:55:27.441,-115.451666666667,36.0847222222222,6722.3997817164
2022-07-17T18:55:28.795,-115.451111111111,36.0844444444444,6704.3339748788
2022-07-17T18:55:29.858,-115.450555555556,36.0838888888889,6690.1482883472
2022-07-17T18:55:31.020,-115.450277777778,36.0833333333333,6674.61980393596
2022-07-17T18:55:31.481,-115.449722222222,36.0830555555556,6668.45919193534
2022-07-17T18:55:32.992,-115.449444444444,36.0825,6648.26681364961
2022-07-17T18:55:33.653,-115.448888888889,36.0822222222222,6639.40390257199
2022-07-17T18:55:34.414,-115.448333333333,36.0819444444444,6629.2042986578
2022-07-17T18:55:35.476,-115.447777777778,36.0813888888889,6614.96050444427
2022-07-17T18:55:37.037,-115.4475,36.0811111111111,6593.95929711269
2022-07-17T18:55:37.688,-115.446944444444,36.0808333333333,6585.20094503743
2022-07-17T18:55:39.051,-115.446388888889,36.0808333333333,6566.80204953307
2022-07-17T18:55:39.912,-115.445555555556,36.0802777777778,6555.17956679648
2022-07-17T18:55:40.874,-115.445,36.08,6542.15840163481
2022-07-17T18:55:41.784,-115.444444444444,36.0797222222222,6529.84108698908
2022-07-17T18:55:42.895,-115.443888888889,36.0791666666667,6514.78135035095
2022-07-17T18:55:43.857,-115.443333333333,36.0788888888889,6501.74132529969
2022-07-17T18:55:44.954,-115.442777777778,36.0788888888889,6486.88260177463
2022-07-17T18:55:46.066,-115.441944444444,36.0786111111111,6471.7832867016
2022-07-17T18:55:47.187,-115.441388888889,36.0780555555556,6456.63690100374
2022-07-17T18:55:48.139,-115.440833333333,36.0780555555556,6443.90177116204
2022-07-17T18:55:48.650,-115.44,36.0777777777778,6437.06600014748
2022-07-17T18:55:50.192,-115.439166666667,36.0775,6416.34954526898
2022-07-17T18:55:50.893,-115.438611111111,36.0775,6406.91627127773
2022-07-17T18:55:51.454,-115.437777777778,36.0772222222222,6399.37457863402
2022-07-17T18:55:52.566,-115.436944444444,36.0772222222222,6384.47811198222
2022-07-17T18:55:54.191,-115.436388888889,36.0769444444445,6362.94272256942
2022-07-17T18:55:54.834,-115.435555555556,36.0769444444445,6354.51970022562
2022-07-17T18:55:55.696,-115.435,36.0763888888889,6343.22787480961
2022-07-17T18:55:57.161,-115.434166666667,36.0763888888889,6324.03701229814
2022-07-17T18:55:57.822,-115.433333333333,36.0763888888889,6315.48633101429
2022-07-17T18:55:59.084,-115.432777777778,36.0763888888889,6299.16112635489
2022-07-17T18:55:59.585,-115.431944444444,36.0763888888889,6292.7625468208
2022-07-17T18:56:00.596,-115.431111111111,36.0761111111111,6279.85044238959
2022-07-17T18:56:01.724,-115.430555555556,36.0761111111111,6265.44405737389
2022-07-17T18:56:03.182,-115.429722222222,36.0761111111111,6247.09581271393
2022-07-17T18:56:03.432,-115.429166666667,36.0761111111111,6243.9496801083
2022-07-17T18:56:04.494,-115.428333333333,36.0761111111111,6230.58490834351
2022-07-17T18:56:05.607,-115.427777777778,36.0761111111111,6216.75504966959
2022-07-17T18:56:06.911,-115.426944444444,36.0766666666667,6200.55187641192
2022-07-17T18:56:07.823,-115.426388888889,36.0766666666667,6189.33267020095
2022-07-17T18:56:08.875,-115.425555555556,36.0766666666667,6176.39121602035
2022-07-17T18:56:09.838,-115.425,36.0766666666667,6164.63891759469
2022-07-17T18:56:10.741,-115.424444444444,36.0769444444445,6153.61885176689
2022-07-17T18:56:11.652,-115.423611111111,36.0769444444445,6142.60004464917
2022-07-17T18:56:12.814,-115.423055555556,36.0772222222222,6128.54198369205
2022-07-17T18:56:14.126,-115.4225,36.0777777777778,6112.67630353225
2022-07-17T18:56:16.048,-115.421111111111,36.0780555555556,6089.59826279408
2022-07-17T18:56:16.959,-115.420555555556,36.0783333333333,6078.7207204359
2022-07-17T18:56:17.713,-115.42,36.0783333333333,6069.7177936986
2022-07-17T18:56:18.625,-115.419444444444,36.0786111111111,6058.82831198389
2022-07-17T18:56:19.636,-115.418611111111,36.0788888888889,6046.82486160546
2022-07-17T18:56:20.787,-115.418055555556,36.0794444444444,6033.15921098121
2022-07-17T18:56:21.798,-115.4175,36.0797222222222,6021.21608198896
2022-07-17T18:56:23.111,-115.416944444444,36.08,6005.70537426582
2022-07-17T18:56:23.773,-115.416388888889,36.0802777777778,5997.92557546079
2022-07-17T18:56:24.534,-115.415833333333,36.0805555555556,5988.98233258867
2022-07-17T18:56:25.586,-115.415277777778,36.0811111111111,5976.61926698442
2022-07-17T18:56:26.547,-115.414722222222,36.0813888888889,5965.37942223439
2022-07-17T18:56:27.760,-115.414166666667,36.0819444444444,5951.192187236
2022-07-17T18:56:28.922,-115.413611111111,36.0822222222222,5937.64978787731
2022-07-17T18:56:30.195,-115.413055555556,36.0825,5922.81375062545
2022-07-17T18:56:30.936,-115.4125,36.0833333333333,5914.19455740254
2022-07-17T18:56:32.048,-115.412222222222,36.0836111111111,5901.25995484447
2022-07-17T18:56:32.399,-115.411666666667,36.0841666666667,5897.17718202651
2022-07-17T18:56:34.111,-115.411388888889,36.0844444444444,5877.27476229362
2022-07-17T18:56:35.072,-115.410833333333,36.0852777777778,5866.08735273132
2022-07-17T18:56:35.973,-115.410555555556,36.0855555555556,5855.57652620419
2022-07-17T18:56:36.784,-115.41,36.0861111111111,5846.11561750973
2022-07-17T18:56:37.695,-115.409722222222,36.0863888888889,5835.48813375467
2022-07-17T18:56:39.106,-115.409166666667,36.0869444444444,5818.95527100206
2022-07-17T18:56:39.817,-115.408888888889,36.0875,5810.62439592178
2022-07-17T18:56:41.080,-115.408333333333,36.0880555555556,5795.75411798928
2022-07-17T18:56:42.191,-115.407777777778,36.0883333333333,5782.67345326963
2022-07-17T18:56:42.992,-115.4075,36.0888888888889,5773.17655999306
2022-07-17T18:56:43.954,-115.406944444444,36.0891666666667,5761.77080597446
2022-07-17T18:56:45.005,-115.406388888889,36.0894444444444,5749.30983907912
2022-07-17T18:56:46.176,-115.405833333333,36.09,5735.30629622932
2022-07-17T18:56:46.626,-115.405555555556,36.0905555555556,5729.92491997747
2022-07-17T18:56:47.587,-115.405,36.0908333333333,5718.43268756581
2022-07-17T18:56:49.049,-115.404444444444,36.0913888888889,5700.8018151575
2022-07-17T18:56:49.850,-115.403888888889,36.0916666666667,5691.14222185434
2022-07-17T18:56:51.111,-115.403611111111,36.0919444444444,5675.81910132167
2022-07-17T18:56:51.722,-115.403055555556,36.0925,5668.39449960385
2022-07-17T18:56:52.934,-115.402222222222,36.0927777777778,5653.56101929057
2022-07-17T18:56:53.595,-115.401944444444,36.0930555555556,5645.47114336611
2022-07-17T18:56:55.049,-115.401388888889,36.0936111111111,5627.5343800517
2022-07-17T18:56:55.860,-115.400833333333,36.0938888888889,5617.52976329809
2022-07-17T18:56:56.971,-115.400277777778,36.0941666666667,5603.71685970944
2022-07-17T18:56:57.781,-115.399722222222,36.095,5593.64624719661
2022-07-17T18:56:58.432,-115.399166666667,36.0952777777778,5585.49217285023
2022-07-17T18:57:00.084,-115.398611111111,36.0955555555556,5564.80011158089
2022-07-17T18:57:00.795,-115.398055555556,36.0955555555556,5555.81931466482
2022-07-17T18:57:01.806,-115.3975,36.0963888888889,5543.04915238071
2022-07-17T18:57:02.918,-115.396944444444,36.0966666666667,5529.00323599518
2022-07-17T18:57:04.160,-115.396388888889,36.0966666666667,5513.17456502976
2022-07-17T18:57:04.671,-115.395833333333,36.0969444444444,5506.66212630644
2022-07-17T18:57:05.782,-115.395,36.0972222222222,5492.50298544465
2022-07-17T18:57:06.493,-115.394444444444,36.0975,5483.37126952616
2022-07-17T18:57:07.955,-115.393888888889,36.0977777777778,5464.59409886214
2022-07-17T18:57:08.515,-115.393333333333,36.0980555555556,5457.33995637363
2022-07-17T18:57:09.626,-115.3925,36.0986111111111,5442.94826278397
2022-07-17T18:57:10.938,-115.391944444444,36.0988888888889,5425.9528482692
2022-07-17T18:57:11.450,-115.391388888889,36.0991666666667,5419.25744420225
2022-07-17T18:57:13.213,-115.390833333333,36.0994444444444,5396.20276546818
2022-07-17T18:57:13.914,-115.390277777778,36.1,5386.94860394555
2022-07-17T18:57:14.625,-115.389722222222,36.1002777777778,5377.56242882772
2022-07-17T18:57:15.986,-115.389166666667,36.1005555555556,5359.59536057861
2022-07-17T18:57:16.537,-115.388611111111,36.1011111111111,5352.23130012774
2022-07-17T18:57:18.101,-115.388055555556,36.1013888888889,5331.37544756405
2022-07-17T18:57:19.062,-115.3875,36.1013888888889,5318.48491646931
2022-07-17T18:57:19.874,-115.386944444444,36.1022222222222,5307.48312145317
2022-07-17T18:57:20.585,-115.386388888889,36.1025,5297.84977720483
2022-07-17T18:57:21.597,-115.385833333333,36.1027777777778,5284.13818316579
2022-07-17T18:57:22.608,-115.385555555556,36.1030555555556,5270.28128499666
2022-07-17T18:57:23.550,-115.385,36.1036111111111,5257.3701130479
2022-07-17T18:57:25.162,-115.384444444444,36.1038888888889,5234.83685326499
2022-07-17T18:57:25.734,-115.383888888889,36.1044444444444,5226.85179841271
2022-07-17T18:57:26.934,-115.383611111111,36.1047222222222,5210.1731319824
2022-07-17T18:57:27.595,-115.383055555556,36.1052777777778,5200.96886372164
2022-07-17T18:57:28.957,-115.3825,36.1055555555556,5181.78863787889
2022-07-17T18:57:29.417,-115.382222222222,36.1061111111111,5175.22192864655
2022-07-17T18:57:30.829,-115.381666666667,36.1066666666667,5155.0649889099
2022-07-17T18:57:31.490,-115.381388888889,36.1069444444444,5145.5148628585
2022-07-17T18:57:32.901,-115.380833333333,36.1072222222222,5125.12873923696
2022-07-17T18:57:33.753,-115.380555555556,36.1077777777778,5112.65701030372
2022-07-17T18:57:35.225,-115.380277777778,36.1080555555556,5091.10961173591
2022-07-17T18:57:35.625,-115.379444444444,36.1088888888889,5085.16814206704
2022-07-17T18:57:36.486,-115.379166666667,36.1091666666667,5072.37913074735
2022-07-17T18:57:38.209,-115.378611111111,36.11,5046.78625551391
2022-07-17T18:57:38.410,-115.378333333333,36.1102777777778,5043.7603217692
2022-07-17T18:57:39.521,-115.377777777778,36.1108333333333,5027.03488759837
2022-07-17T18:57:41.174,-115.377222222222,36.1113888888889,5002.14996496603
2022-07-17T18:57:42.025,-115.376944444444,36.1116666666667,4989.19984734836
2022-07-17T18:57:42.929,-115.376666666667,36.1122222222222,4975.44320476775
2022-07-17T18:57:43.390,-115.376388888889,36.1125,4968.43979172173
2022-07-17T18:57:44.702,-115.375833333333,36.1133333333333,4948.46252714526
2022-07-17T18:57:45.414,-115.375555555556,36.1136111111111,4937.54986122929
2022-07-17T18:57:46.707,-115.375,36.1144444444444,4917.73234123788
2022-07-17T18:57:48.020,-115.374722222222,36.1147222222222,4897.55503017424
2022-07-17T18:57:48.931,-115.374444444444,36.1152777777778,4883.51958067754
2022-07-17T18:57:50.043,-115.373888888889,36.1158333333333,4866.36196359724
2022-07-17T18:57:51.214,-115.373611111111,36.1166666666667,4848.2800776
2022-07-17T18:57:51.515,-115.373333333333,36.1166666666667,4843.63206249194
2022-07-17T18:57:52.475,-115.373055555556,36.1172222222222,4828.80783717692
2022-07-17T18:57:54.189,-115.372222222222,36.1180555555556,4802.34041291369
2022-07-17T18:57:54.940,-115.371944444444,36.1183333333333,4790.7636195944
2022-07-17T18:57:55.502,-115.371944444444,36.1186111111111,4782.10029492411
2022-07-17T18:57:56.618,-115.371388888889,36.1191666666667,4764.89696901073
2022-07-17T18:57:57.779,-115.370833333333,36.12,4747.12818114017
2022-07-17T18:57:58.830,-115.370555555556,36.1202777777778,4731.00365228956
2022-07-17T18:57:59.893,-115.37,36.1208333333333,4714.69104634638
2022-07-17T18:58:01.105,-115.369722222222,36.1213888888889,4696.22466060848
2022-07-17T18:58:01.465,-115.369444444444,36.1216666666667,4690.78470023919
2022-07-17T18:58:02.728,-115.369166666667,36.1222222222222,4671.69950020923
2022-07-17T18:58:03.682,-115.368611111111,36.1225,4657.28360108745
2022-07-17T18:58:04.696,-115.368055555556,36.1230555555556,4642.25452528791
2022-07-17T18:58:05.858,-115.367777777778,36.1233333333333,4624.97235700256
2022-07-17T18:58:07.120,-115.367222222222,36.1241666666667,4606.25566982492
2022-07-17T18:58:07.530,-115.367222222222,36.1244444444444,4600.25019447485
2022-07-17T18:58:09.083,-115.366388888889,36.125,4577.7983552744
2022-07-17T18:58:09.694,-115.366111111111,36.1252777777778,4568.96508073628
2022-07-17T18:58:11.107,-115.365555555556,36.1261111111111,4549.1172133976
2022-07-17T18:58:11.919,-115.365277777778,36.1263888888889,4537.66078809783
2022-07-17T18:58:12.930,-115.365,36.1266666666667,4523.51023638789
2022-07-17T18:58:14.201,-115.364444444444,36.1275,4506.23685866339
2022-07-17T18:58:15.052,-115.364166666667,36.1277777777778,4494.67144031453
2022-07-17T18:58:15.663,-115.363888888889,36.1283333333333,4486.61977480328
2022-07-17T18:58:16.574,-115.363611111111,36.1286111111111,4474.5693641699
2022-07-17T18:58:17.576,-115.363055555556,36.1291666666667,4461.4105546319
2022-07-17T18:58:18.639,-115.362777777778,36.1297222222222,4447.81109837894
2022-07-17T18:58:19.450,-115.3625,36.13,4437.4355942626
2022-07-17T18:58:21.152,-115.361666666667,36.1308333333333,4416.3001736109
2022-07-17T18:58:22.013,-115.361388888889,36.1313888888889,4405.60828200622
2022-07-17T18:58:22.513,-115.361111111111,36.1316666666667,4399.45307686366
2022-07-17T18:58:23.975,-115.360555555556,36.1322222222222,4381.82318654908
2022-07-17T18:58:25.037,-115.36,36.1327777777778,4369.34892558996
2022-07-17T18:58:26.148,-115.359444444444,36.1330555555556,4356.58559256152
2022-07-17T18:58:26.839,-115.359444444444,36.1333333333333,4348.77221751047
2022-07-17T18:58:27.550,-115.358888888889,36.1338888888889,4340.73269578006
2022-07-17T18:58:28.701,-115.358611111111,36.1341666666667,4327.71794171178
2022-07-17T18:58:29.562,-115.358055555556,36.1347222222222,4318.30841037732
2022-07-17T18:58:30.874,-115.3575,36.1352777777778,4303.97007753566
2022-07-17T18:58:31.836,-115.357222222222,36.1358333333333,4293.94685842627
2022-07-17T18:58:32.546,-115.356944444444,36.1361111111111,4286.52315597629
2022-07-17T18:58:34.108,-115.356111111111,36.1366666666667,4270.10682119335
2022-07-17T18:58:35.069,-115.355555555556,36.1372222222222,4260.26175304155
2022-07-17T18:58:35.970,-115.355277777778,36.1375,4251.33078431594
2022-07-17T18:58:36.932,-115.354722222222,36.1380555555556,4241.79516751033
2022-07-17T18:58:37.843,-115.354444444444,36.1383333333333,4232.76507603243
2022-07-17T18:58:38.404,-115.354166666667,36.1386111111111,4227.37281396152
2022-07-17T18:58:39.968,-115.353611111111,36.1394444444444,4212.33984487365
2022-07-17T18:58:40.969,-115.353055555556,36.1397222222222,4202.98244864016
2022-07-17T18:58:41.530,-115.352777777778,36.14,4197.73819569001
2022-07-17T18:58:42.893,-115.352222222222,36.1408333333333,4184.99680891015
2022-07-17T18:58:44.105,-115.351944444444,36.1411111111111,4173.93146010662
2022-07-17T18:58:44.858,-115.351666666667,36.1413888888889,4167.05670187522
2022-07-17T18:58:45.669,-115.351111111111,36.1419444444444,4159.78171520242
2022-07-17T18:58:47.083,-115.350555555556,36.1425,4147.09758073849
2022-07-17T18:58:47.694,-115.350277777778,36.1427777777778,4141.71562499746
2022-07-17T18:58:48.705,-115.35,36.1430555555556,4132.78572814199
2022-07-17T18:58:49.666,-115.349444444444,36.1436111111111,4124.34538762442
2022-07-17T18:58:50.518,-115.349166666667,36.1441666666667,4116.96874498402
2022-07-17T18:58:51.880,-115.348888888889,36.1444444444444,4105.17650440534
2022-07-17T18:58:52.942,-115.348333333333,36.145,4096.14980084896
2022-07-17T18:58:53.553,-115.348333333333,36.1452777777778,4090.95646989427
2022-07-17T18:58:54.864,-115.347777777778,36.1458333333333,4079.81333279756
2022-07-17T18:58:55.825,-115.3475,36.1461111111111,4071.79906099751
2022-07-17T18:58:57.137,-115.346944444444,36.1466666666667,4060.85761951182
2022-07-17T18:58:58.148,-115.346666666667,36.1472222222222,4052.58483115133
2022-07-17T18:58:58.859,-115.346388888889,36.1475,4046.76687594119
2022-07-17T18:59:00.060,-115.346111111111,36.1477777777778,4036.93935920347
2022-07-17T18:59:01.121,-115.345277777778,36.1486111111111,4028.40610907245
2022-07-17T18:59:01.582,-115.345277777778,36.1486111111111,4024.71083797154
2022-07-17T18:59:02.693,-115.344722222222,36.1491666666667,4015.7844994886
2022-07-17T18:59:03.954,-115.344166666667,36.1494444444444,4005.77210985524
2022-07-17T18:59:04.865,-115.343888888889,36.1497222222222,3998.53873342151
2022-07-17T18:59:06.127,-115.343333333333,36.15,3988.58059433217
2022-07-17T18:59:06.638,-115.343055555556,36.1502777777778,3984.5484168999
2022-07-17T18:59:08.099,-115.342777777778,36.1502777777778,3973.02001761294
2022-07-17T18:59:08.410,-115.342222222222,36.1508333333333,3970.57045882511
2022-07-17T18:59:09.873,-115.341388888889,36.1508333333333,3959.04729864946
2022-07-17T18:59:10.825,-115.340833333333,36.1511111111111,3951.54897229402
2022-07-17T18:59:11.687,-115.340277777778,36.1513888888889,3944.74247396445
2022-07-17T18:59:12.648,-115.339722222222,36.1516666666667,3937.15425499941
2022-07-17T18:59:13.961,-115.338888888889,36.1519444444444,3926.79938329201
2022-07-17T18:59:14.922,-115.338333333333,36.1519444444444,3919.19836529341
2022-07-17T18:59:16.034,-115.337777777778,36.1519444444444,3910.3624177636
2022-07-17T18:59:16.945,-115.337222222222,36.1522222222222,3903.12361524519
2022-07-17T18:59:17.697,-115.336666666667,36.1522222222222,3897.12401877141
2022-07-17T18:59:18.859,-115.336111111111,36.1525,3887.85336733345
2022-07-17T18:59:19.820,-115.335555555556,36.1525,3880.15684936745
2022-07-17T18:59:20.982,-115.335,36.1527777777778,3870.85242471769
2022-07-17T18:59:21.942,-115.334444444444,36.1527777777778,3863.16204026667
2022-07-17T18:59:22.453,-115.334444444444,36.1527777777778,3859.06245763032
2022-07-17T18:59:23.815,-115.333888888889,36.1527777777778,3848.13558914736
2022-07-17T18:59:31.637,-115.329166666667,36.1544444444444,3786.24349237934
2022-07-17T18:59:32.598,-115.328611111111,36.1544444444444,3778.76888823771
2022-07-17T18:59:33.859,-115.328333333333,36.1544444444444,3769.15012559968
2022-07-17T18:59:34.811,-115.3275,36.1547222222222,3762.14280237201
2022-07-17T18:59:35.863,-115.326944444444,36.1547222222222,3754.67396856418
2022-07-17T18:59:36.665,-115.326388888889,36.1552777777778,3748.98004636582
2022-07-17T18:59:41.114,-115.324444444444,36.1555555555556,3717.39368838729
2022-07-17T18:59:42.025,-115.323611111111,36.1558333333333,3711.43569393369
2022-07-17T18:59:42.436,-115.323333333333,36.1561111111111,3708.74772931888
2022-07-17T18:59:44.088,-115.322777777778,36.1563888888889,3697.94355105583
2022-07-17T18:59:44.699,-115.322222222222,36.1563888888889,3694.15065453117
2022-07-17T18:59:45.610,-115.321666666667,36.1566666666667,3688.49545029591
2022-07-17T18:59:46.621,-115.321111111111,36.1566666666667,3682.21947633044
2022-07-17T18:59:47.582,-115.320555555556,36.1569444444444,3676.52715895964
2022-07-17T18:59:48.944,-115.32,36.1572222222222,3668.45958718975
2022-07-17T18:59:49.855,-115.319722222222,36.1572222222222,3663.30905176691
2022-07-17T18:59:50.716,-115.318888888889,36.1577777777778,3658.4412018784
2022-07-17T18:59:51.677,-115.318611111111,36.1577777777778,3653.00798092124
2022-07-17T18:59:52.438,-115.318055555556,36.1580555555556,3648.88071311233
2022-07-17T18:59:53.999,-115.317222222222,36.1583333333333,3640.41466029658
2022-07-17T18:59:54.850,-115.316944444444,36.1583333333333,3635.95795692087
2022-07-17T18:59:55.462,-115.316388888889,36.1586111111111,3632.75290057201
2022-07-17T18:59:56.474,-115.315833333333,36.1588888888889,3627.45303561337
2022-07-17T18:59:57.786,-115.315555555556,36.1588888888889,3620.80357388904
2022-07-17T18:59:58.838,-115.314722222222,36.1591666666667,3615.47184077535
2022-07-17T18:59:59.848,-115.314166666667,36.1594444444444,3610.50137477201
2022-07-17T19:00:00.859,-115.313611111111,36.1594444444444,3605.52598787184
2022-07-17T19:00:01.420,-115.313055555556,36.1597222222222,3602.85469830182
2022-07-17T19:00:02.713,-115.3125,36.16,3596.6978770918
2022-07-17T19:00:03.524,-115.312222222222,36.16,3592.83617464085
2022-07-17T19:00:04.787,-115.311388888889,36.1602777777778,3587.04650249398
2022-07-17T19:00:05.950,-115.310833333333,36.1605555555556,3581.71523625155
2022-07-17T19:00:06.612,-115.310555555556,36.1605555555556,3578.7786378932
2022-07-17T19:00:07.854,-115.31,36.1608333333333,3573.26918806045
2022-07-17T19:00:08.866,-115.309444444444,36.1611111111111,3568.91750347941
2022-07-17T19:00:10.127,-115.308888888889,36.1613888888889,3563.49509658708
2022-07-17T19:00:10.988,-115.308333333333,36.1613888888889,3559.92442350229
2022-07-17T19:00:11.849,-115.307777777778,36.1616666666667,3556.35374942875
2022-07-17T19:00:13.110,-115.307222222222,36.1619444444444,3551.12422632225
2022-07-17T19:00:14.632,-115.306111111111,36.1625,3545.00085113979
2022-07-17T19:00:15.493,-115.305277777778,36.1627777777778,3541.5368392159
2022-07-17T19:00:16.956,-115.304722222222,36.1627777777778,3535.74369055498
2022-07-17T19:00:17.667,-115.304444444444,36.1630555555556,3532.92829183144
2022-07-17T19:00:18.519,-115.303888888889,36.1630555555556,3529.57922772776
2022-07-17T19:00:19.631,-115.303055555556,36.1633333333333,3525.20814879197
2022-07-17T19:00:20.542,-115.3025,36.1636111111111,3521.64727979383
2022-07-17T19:00:22.054,-115.301944444444,36.1638888888889,3515.73725422178
2022-07-17T19:00:22.865,-115.301388888889,36.1641666666667,3512.60239548859
2022-07-17T19:00:23.626,-115.300833333333,36.1641666666667,3509.66080865869
2022-07-17T19:00:24.737,-115.300277777778,36.1644444444444,3505.36632311365
2022-07-17T19:00:25.448,-115.299722222222,36.1647222222222,3502.67149541451
2022-07-17T19:00:27.000,-115.299166666667,36.165,3496.78911438161
2022-07-17T19:00:28.112,-115.298611111111,36.1652777777778,3492.70273292937
2022-07-17T19:00:28.572,-115.298055555556,36.1652777777778,3491.01232317824
2022-07-17T19:00:29.985,-115.2975,36.1655555555556,3485.81982631346
2022-07-17T19:00:30.897,-115.296944444444,36.1658333333333,3482.60621743787
2022-07-17T19:00:31.707,-115.296388888889,36.1661111111111,3479.75202610716
2022-07-17T19:00:32.768,-115.295833333333,36.1663888888889,3476.01338802614
2022-07-17T19:00:33.779,-115.295277777778,36.1666666666667,3472.59682407638
2022-07-17T19:00:34.891,-115.294444444444,36.1669444444444,3468.83894229073
2022-07-17T19:00:35.893,-115.294166666667,36.1672222222222,3465.58744130721
2022-07-17T19:00:37.055,-115.293611111111,36.1675,3461.81673744253
2022-07-17T19:00:37.466,-115.293333333333,36.1677777777778,3460.5479556592
2022-07-17T19:00:38.728,-115.292777777778,36.1683333333333,3456.65208616399
2022-07-17T19:00:39.789,-115.2925,36.1688888888889,3453.37671495638
2022-07-17T19:00:40.950,-115.292222222222,36.1691666666667,3449.97641917441
2022-07-17T19:00:41.811,-115.291944444444,36.1697222222222,3447.4547526437
2022-07-17T19:00:42.773,-115.291666666667,36.1702777777778,3444.8168680409
2022-07-17T19:00:43.585,-115.291388888889,36.1705555555556,3442.59029565952
2022-07-17T19:00:45.138,-115.291388888889,36.1711111111111,3438.3318391392
2022-07-17T19:00:45.999,-115.291111111111,36.1716666666667,3436.15003071878
2022-07-17T19:00:46.560,-115.291111111111,36.1719444444444,3434.72843472098
2022-07-17T19:00:47.611,-115.290833333333,36.1725,3432.06515859401
2022-07-17T19:00:49.184,-115.290833333333,36.1730555555556,3428.37932938151
2022-07-17T19:00:50.646,-115.290555555556,36.1741666666667,3424.95359379868
2022-07-17T19:00:51.907,-115.290555555556,36.1744444444444,3422.22278720575
2022-07-17T19:00:53.159,-115.290555555556,36.175,3419.51147155592
2022-07-17T19:00:53.620,-115.290277777778,36.1755555555556,3418.59181002482
2022-07-17T19:00:54.832,-115.290555555556,36.1761111111111,3416.17395757421
2022-07-17T19:00:56.093,-115.290555555556,36.1766666666667,3413.65835409991
2022-07-17T19:00:56.454,-115.290833333333,36.1772222222222,3412.99471207244
2022-07-17T19:00:58.066,-115.290833333333,36.1777777777778,3410.03130276548
2022-07-17T19:00:58.577,-115.290833333333,36.1780555555556,3409.15889869305
2022-07-17T19:00:59.988,-115.291111111111,36.1786111111111,3406.74997040457
2022-07-17T19:01:00.449,-115.291111111111,36.1791666666667,3406.05101810115
2022-07-17T19:01:01.560,-115.291388888889,36.1797222222222,3404.36655799358
2022-07-17T19:01:03.163,-115.291388888889,36.18,3401.93614423984
2022-07-17T19:01:03.624,-115.291388888889,36.1808333333333,3401.35834450852
2022-07-17T19:01:04.536,-115.291666666667,36.1811111111111,3400.2152786516
2022-07-17T19:01:06.147,-115.291944444444,36.1816666666667,3398.19611276931
2022-07-17T19:01:06.598,-115.291944444444,36.1822222222222,3397.66779198961
2022-07-17T19:01:08.060,-115.291944444444,36.1827777777778,3396.11410981248
2022-07-17T19:01:09.121,-115.292222222222,36.1830555555556,3395.13389492341
2022-07-17T19:01:09.984,-115.2925,36.1836111111111,3394.42457143599
2022-07-17T19:01:10.743,-115.2925,36.1838888888889,3393.86394613089
2022-07-17T19:01:12.146,-115.2925,36.1847222222222,3392.97783177735
2022-07-17T19:01:12.456,-115.292777777778,36.185,3392.80753740402
2022-07-17T19:01:13.670,-115.292777777778,36.1855555555556,3392.22619016917
2022-07-17T19:01:14.632,-115.293055555556,36.1861111111111,3391.85915087771
2022-07-17T19:01:15.894,-115.293333333333,36.1863888888889,3391.45330192151
2022-07-17T19:01:16.596,-115.293333333333,36.1869444444444,3391.22754446602
2022-07-17T19:01:17.657,-115.293333333333,36.1875,3391.04808724433
2022-07-17T19:01:18.818,-115.293333333333,36.1880555555556,3390.85171607051
2022-07-17T19:01:19.979,-115.293611111111,36.1883333333333,3390.84832962888
2022-07-17T19:01:20.540,-115.293611111111,36.1888888888889,3390.84669328668
2022-07-17T19:01:21.602,-115.293888888889,36.1891666666667,3390.84359561132
2022-07-17T19:01:22.764,-115.294166666667,36.1897222222222,3391.01550183588
2022-07-17T19:01:23.775,-115.294166666667,36.19,3391.16506915839
2022-07-17T19:01:25.136,-115.294166666667,36.1905555555556,3391.55454181726
2022-07-17T19:01:26.598,-115.294444444444,36.1913888888889,3391.97291738871
2022-07-17T19:01:28.160,-115.294722222222,36.1919444444444,3392.60679428369
2022-07-17T19:01:29.021,-115.294722222222,36.1922222222222,3392.95619753688
2022-07-17T19:01:30.193,-115.294722222222,36.1927777777778,3393.48554094458
2022-07-17T19:01:30.845,-115.295,36.1930555555556,3393.79277308265
2022-07-17T19:01:32.057,-115.295,36.1936111111111,3394.36863915868
2022-07-17T19:01:33.068,-115.295277777778,36.1938888888889,3394.85181732052
2022-07-17T19:01:33.378,-115.295277777778,36.1944444444444,3395.00017829112
2022-07-17T19:01:34.479,-115.295277777778,36.195,3395.52676394554
2022-07-17T19:01:35.491,-115.295277777778,36.1955555555556,3396.00878609496
2022-07-17T19:01:36.703,-115.295277777778,36.1958333333333,3396.58089752818
2022-07-17T19:01:37.465,-115.295277777778,36.1963888888889,3396.93637420703
2022-07-17T19:01:38.777,-115.295277777778,36.1969444444444,3397.53815081188
2022-07-17T19:01:39.791,-115.295277777778,36.1972222222222,3397.99217687382
2022-07-17T19:01:41.053,-115.295,36.1977777777778,3398.54071637431
2022-07-17T19:01:41.464,-115.294722222222,36.1983333333333,3398.71485652021
2022-07-17T19:01:42.916,-115.294722222222,36.1986111111111,3399.30984072871
2022-07-17T19:01:44.128,-115.294444444444,36.1991666666667,3399.77939699206
2022-07-17T19:01:44.638,-115.294166666667,36.1997222222222,3399.96976843008
2022-07-17T19:01:46.051,-115.293888888889,36.2,3400.49720934633
2022-07-17T19:01:46.761,-115.293611111111,36.2005555555556,3400.76266224847
2022-07-17T19:01:47.774,-115.293333333333,36.2008333333333,3401.14140009179
2022-07-17T19:01:48.885,-115.293055555556,36.2011111111111,3401.55677794203
2022-07-17T19:01:49.896,-115.2925,36.2016666666667,3401.94139530753
2022-07-17T19:01:50.638,-115.292222222222,36.2019444444445,3402.22367636387
2022-07-17T19:01:51.851,-115.291388888889,36.2025,3402.68514117587
2022-07-17T19:01:52.362,-115.291111111111,36.2027777777778,3402.88026338036
2022-07-17T19:01:53.474,-115.290833333333,36.2030555555556,3403.30487379911
2022-07-17T19:01:55.238,-115.29,36.2033333333333,3403.97844642544
2022-07-17T19:01:56.042,-115.289722222222,36.2036111111111,3404.26890199137
2022-07-17T19:01:57.005,-115.288888888889,36.2041666666667,3404.61679835795
2022-07-17T19:01:57.668,-115.288333333333,36.2044444444445,3404.85631573187
2022-07-17T19:01:58.420,-115.287777777778,36.2044444444445,3405.09445017275
2022-07-17T19:01:59.722,-115.287222222222,36.2047222222222,3405.50675197809
2022-07-17T19:02:00.683,-115.286666666667,36.205,3405.74714192695
2022-07-17T19:02:01.996,-115.286111111111,36.2052777777778,3406.07558305818
2022-07-17T19:02:03.157,-115.285833333333,36.2052777777778,3406.25521785482
2022-07-17T19:02:03.457,-115.285,36.2055555555556,3406.30163510701
2022-07-17T19:02:04.418,-115.284444444444,36.2055555555556,3406.45032505655
2022-07-17T19:02:05.581,-115.283888888889,36.2058333333333,3406.48495832336
2022-07-17T19:02:07.134,-115.283333333333,36.2061111111111,3406.53120549231
2022-07-17T19:02:07.695,-115.2825,36.2061111111111,3406.46963831703
2022-07-17T19:02:08.455,-115.281944444444,36.2063888888889,3406.38623178681
2022-07-17T19:02:10.017,-115.281111111111,36.2063888888889,3406.21480941201
2022-07-17T19:02:11.238,-115.280555555556,36.2066666666667,3405.93994678359
2022-07-17T19:02:11.989,-115.279722222222,36.2066666666667,3405.7708870891
2022-07-17T19:02:13.151,-115.279166666667,36.2066666666667,3405.40313162634
2022-07-17T19:02:14.162,-115.278611111111,36.2066666666667,3405.08316539432
2022-07-17T19:02:15.074,-115.277777777778,36.2066666666667,3404.70500643892
2022-07-17T19:02:15.935,-115.277222222222,36.2066666666667,3404.34799448192
2022-07-17T19:02:16.838,-115.276388888889,36.2066666666667,3403.9735672858
2022-07-17T19:02:17.701,-115.276111111111,36.2063888888889,3403.53894456584
2022-07-17T19:02:18.865,-115.275277777778,36.2063888888889,3402.95273261896
2022-07-17T19:02:19.726,-115.274444444444,36.2063888888889,3402.43572642652
2022-07-17T19:02:20.537,-115.274166666667,36.2063888888889,3401.94874393489
2022-07-17T19:02:21.941,-115.273333333333,36.2063888888889,3401.10568160572
2022-07-17T19:02:22.703,-115.272777777778,36.2061111111111,3400.56111111513
2022-07-17T19:02:23.815,-115.271944444444,36.2061111111111,3399.76640991746
2022-07-17T19:02:24.576,-115.271388888889,36.2063888888889,3399.10119502235
2022-07-17T19:02:25.637,-115.270555555556,36.2063888888889,3398.17374015756
2022-07-17T19:02:26.848,-115.27,36.2061111111111,3397.11516551634
2022-07-17T19:02:27.709,-115.269166666667,36.2061111111111,3396.13972991472
2022-07-17T19:02:28.671,-115.268611111111,36.2061111111111,3395.04987059063
2022-07-17T19:02:30.023,-115.268055555556,36.2061111111111,3393.51817623751
2022-07-17T19:02:30.784,-115.2675,36.2061111111111,3392.41301744211
2022-07-17T19:02:32.096,-115.266666666667,36.2061111111111,3390.55669727078
2022-07-17T19:02:32.657,-115.266111111111,36.2061111111111,3389.76849080906
2022-07-17T19:02:33.818,-115.265555555556,36.2061111111111,3388.00690401036
2022-07-17T19:02:34.829,-115.265,36.2061111111111,3386.28306642004
2022-07-17T19:02:35.791,-115.264166666667,36.2061111111111,3384.64277788167
2022-07-17T19:02:37.103,-115.263611111111,36.2061111111111,3382.18557204489
2022-07-17T19:02:38.105,-115.263055555556,36.2061111111111,3380.30895587865
2022-07-17T19:02:39.117,-115.2625,36.2058333333333,3378.24901462532
2022-07-17T19:02:39.628,-115.261666666667,36.2058333333333,3377.20886667649
2022-07-17T19:02:40.590,-115.261111111111,36.2058333333333,3375.25070155658
2022-07-17T19:02:41.803,-115.260555555556,36.2058333333333,3372.60910593422
2022-07-17T19:02:42.965,-115.26,36.2058333333333,3370.07857517795
2022-07-17T19:02:44.025,-115.259166666667,36.2058333333333,3367.62668871963
2022-07-17T19:02:44.536,-115.258611111111,36.2055555555556,3366.44469479045
2022-07-17T19:02:45.587,-115.258055555556,36.2055555555556,3364.01362692955
2022-07-17T19:02:46.548,-115.257222222222,36.2055555555556,3361.65827005143
2022-07-17T19:02:47.809,-115.256944444444,36.2055555555556,3358.56763092617
2022-07-17T19:02:48.561,-115.256111111111,36.2055555555556,3356.59917379456
2022-07-17T19:02:49.623,-115.255555555556,36.2055555555556,3353.8192524967
2022-07-17T19:02:50.634,-115.255,36.2052777777778,3351.172829331
2022-07-17T19:02:51.434,-115.254166666667,36.2052777777778,3348.91476979073
2022-07-17T19:02:53.046,-115.253611111111,36.2052777777778,3344.36477957818
2022-07-17T19:02:53.506,-115.253055555556,36.205,3342.96172886029
2022-07-17T19:02:54.684,-115.252222222222,36.205,3339.36869935781
2022-07-17T19:02:55.628,-115.251666666667,36.205,3336.48939549721
2022-07-17T19:02:56.539,-115.250833333333,36.205,3333.5130063516
2022-07-17T19:02:57.502,-115.250555555556,36.2047222222222,3330.36672437443
2022-07-17T19:02:58.454,-115.249722222222,36.2047222222222,3327.04598862478
2022-07-17T19:03:00.166,-115.249166666667,36.2047222222222,3321.07424510627
2022-07-17T19:03:01.117,-115.248333333333,36.2047222222222,3317.53813109803
2022-07-17T19:03:01.427,-115.247777777778,36.2044444444445,3316.38545507912
2022-07-17T19:03:02.390,-115.247222222222,36.2044444444445,3312.80472192025
2022-07-17T19:03:04.005,-115.246388888889,36.2044444444445,3306.45479144232
2022-07-17T19:03:04.917,-115.245833333333,36.2044444444445,3302.86894860256
2022-07-17T19:03:05.921,-115.245277777778,36.2041666666667,3298.72764081273
2022-07-17T19:03:06.834,-115.244444444444,36.2041666666667,3294.96168996772
2022-07-17T19:03:07.435,-115.244166666667,36.2041666666667,3292.37907250018
2022-07-17T19:03:08.996,-115.243333333333,36.2041666666667,3285.6711402647
2022-07-17T19:03:10.007,-115.242777777778,36.2038888888889,3281.10145112291
2022-07-17T19:03:12.169,-115.241388888889,36.2038888888889,3271.32927658699
2022-07-17T19:03:12.530,-115.240833333333,36.2038888888889,3269.60752789747
2022-07-17T19:03:13.541,-115.24,36.2038888888889,3264.78567889582
2022-07-17T19:03:15.095,-115.239444444444,36.2036111111111,3257.37405216208
2022-07-17T19:03:15.956,-115.238611111111,36.2036111111111,3253.06701582054
2022-07-17T19:03:16.516,-115.238055555556,36.2036111111111,3250.26569185557
2022-07-17T19:03:18.188,-115.2375,36.2036111111111,3241.90173836332
2022-07-17T19:03:18.689,-115.236666666667,36.2033333333333,3239.29717249682
2022-07-17T19:03:19.601,-115.236111111111,36.2033333333333,3234.55592522963
2022-07-17T19:03:20.906,-115.235555555556,36.2030555555556,3227.77157692544
2022-07-17T19:03:22.020,-115.235,36.2030555555556,3221.83395608038
2022-07-17T19:03:22.781,-115.234444444444,36.2030555555556,3217.77782623886
2022-07-17T19:03:24.094,-115.233611111111,36.2030555555556,3210.62217248723
2022-07-17T19:03:24.404,-115.233055555556,36.2027777777778,3208.93271939356
2022-07-17T19:03:25.966,-115.232222222222,36.2027777777778,3200.42005397216
2022-07-17T19:03:26.508,-115.231666666667,36.2025,3197.4078823576
2022-07-17T19:03:27.621,-115.231111111111,36.2025,3191.22236832629
2022-07-17T19:03:28.532,-115.230555555556,36.2025,3186.15947292385
2022-07-17T19:03:30.084,-115.229722222222,36.2022222222222,3177.44849880152
2022-07-17T19:03:30.445,-115.229166666667,36.2022222222222,3175.42230033488
2022-07-17T19:03:31.846,-115.228611111111,36.2022222222222,3167.51249885434
2022-07-17T19:03:32.894,-115.227777777778,36.2019444444445,3161.59567331145
2022-07-17T19:03:34.103,-115.227222222222,36.2019444444445,3154.74059395447
2022-07-17T19:03:34.614,-115.226666666667,36.2019444444445,3151.84320190002
2022-07-17T19:03:35.475,-115.225833333333,36.2016666666667,3146.96129723977
2022-07-17T19:03:37.140,-115.225277777778,36.2016666666667,3137.47562789297
2022-07-17T19:03:37.602,-115.224722222222,36.2016666666667,3134.84649837629
2022-07-17T19:03:38.904,-115.224166666667,36.2013888888889,3127.42594733072
2022-07-17T19:03:39.915,-115.223333333333,36.2013888888889,3121.62198752766
2022-07-17T19:03:40.626,-115.222777777778,36.2013888888889,3117.54027085558
2022-07-17T19:03:41.687,-115.2225,36.2011111111111,3111.44926939009
2022-07-17T19:03:43.150,-115.221944444444,36.2011111111111,3102.99016894891
2022-07-17T19:03:43.661,-115.221111111111,36.2008333333333,3100.03555551285
2022-07-17T19:03:45.122,-115.220555555556,36.2008333333333,3091.53608223065
2022-07-17T19:03:45.783,-115.22,36.2005555555556,3087.69066670358
2022-07-17T19:03:46.444,-115.219444444444,36.2005555555556,3083.81177670414
2022-07-17T19:03:47.946,-115.218611111111,36.2002777777778,3075.00857030866
2022-07-17T19:03:48.656,-115.218055555556,36.2002777777778,3070.85043559791
2022-07-17T19:03:50.118,-115.2175,36.2002777777778,3062.25195572639
2022-07-17T19:03:50.979,-115.216944444444,36.2,3057.1525402188
2022-07-17T19:03:51.840,-115.216388888889,36.1997222222222,3052.05312612328
2022-07-17T19:03:52.802,-115.215833333333,36.1997222222222,3046.35552096454
2022-07-17T19:03:53.713,-115.215277777778,36.1994444444444,3040.92381418593
2022-07-17T19:03:54.774,-115.214722222222,36.1994444444444,3034.59775479718
2022-07-17T19:03:56.136,-115.213888888889,36.1991666666667,3026.4188306262
2022-07-17T19:03:57.698,-115.213055555556,36.1988888888889,3017.03888939358
2022-07-17T19:03:58.810,-115.2125,36.1986111111111,3010.32223732851
2022-07-17T19:03:59.722,-115.211944444444,36.1986111111111,3004.81361651085
2022-07-17T19:04:00.833,-115.211388888889,36.1983333333333,2998.08780629094
2022-07-17T19:04:02.144,-115.210833333333,36.1980555555556,2990.1512289326
2022-07-17T19:04:02.655,-115.210277777778,36.1977777777778,2987.05882393579
2022-07-17T19:04:03.466,-115.209722222222,36.1975,2982.15091553824
2022-07-17T19:04:04.677,-115.209166666667,36.1975,2974.82233834443
2022-07-17T19:04:06.089,-115.208611111111,36.1972222222222,2966.28587368287
2022-07-17T19:04:06.600,-115.208333333333,36.1969444444444,2963.19654441615
2022-07-17T19:04:07.952,-115.207777777778,36.1969444444444,2955.03323173555
2022-07-17T19:04:08.963,-115.206944444444,36.1966666666667,2948.92886013163
2022-07-17T19:04:10.024,-115.206666666667,36.1963888888889,2942.53116020466
2022-07-17T19:04:10.836,-115.206111111111,36.1961111111111,2937.63489893454
2022-07-17T19:04:11.596,-115.205555555556,36.1958333333333,2933.05981017079
2022-07-17T19:04:12.607,-115.205,36.1955555555556,2926.97373712638
2022-07-17T19:04:13.568,-115.204722222222,36.1952777777778,2921.18865791577
2022-07-17T19:04:14.580,-115.204166666667,36.195,2915.10477401996
2022-07-17T19:04:16.034,-115.203611111111,36.1947222222222,2906.36369841548
2022-07-17T19:04:16.896,-115.203055555556,36.1944444444444,2901.17842069147
2022-07-17T19:04:17.757,-115.202777777778,36.1941666666667,2895.99915793495
2022-07-17T19:04:18.768,-115.202222222222,36.1938888888889,2889.91758551813
2022-07-17T19:04:19.980,-115.201666666667,36.1936111111111,2882.61387617778
2022-07-17T19:04:20.992,-115.201388888889,36.1933333333333,2876.51539955832
2022-07-17T19:04:21.903,-115.201111111111,36.1927777777778,2871.01728291845
2022-07-17T19:04:22.514,-115.200555555556,36.1925,2867.32974368414
2022-07-17T19:04:23.456,-115.200277777778,36.1922222222222,2861.64453333582
2022-07-17T19:04:24.770,-115.199722222222,36.1919444444444,2853.7012070567
2022-07-17T19:04:26.083,-115.199166666667,36.1916666666667,2845.76392548931
2022-07-17T19:04:26.894,-115.198888888889,36.1913888888889,2840.83300073104
2022-07-17T19:04:27.805,-115.198611111111,36.1908333333333,2835.29407111521
2022-07-17T19:04:28.765,-115.198055555556,36.1905555555556,2829.47546691866
2022-07-17T19:04:29.476,-115.197777777778,36.1902777777778,2825.16232909766
2022-07-17T19:04:30.529,-115.197222222222,36.19,2818.73200313979
2022-07-17T19:04:31.441,-115.196666666667,36.1897222222222,2813.114596523
2022-07-17T19:04:32.604,-115.196388888889,36.1894444444444,2805.95117007686
2022-07-17T19:04:33.718,-115.195833333333,36.1891666666667,2798.96714794714
2022-07-17T19:04:34.873,-115.195555555556,36.1888888888889,2791.72608287305
2022-07-17T19:04:35.835,-115.195,36.1886111111111,2785.54666415735
2022-07-17T19:04:36.796,-115.194722222222,36.1883333333333,2779.37367001886
2022-07-17T19:04:37.757,-115.194166666667,36.1877777777778,2772.97128406653
2022-07-17T19:04:38.467,-115.193611111111,36.1877777777778,2768.24111296061
2022-07-17T19:04:40.079,-115.193055555556,36.1875,2757.50162653959
2022-07-17T19:04:41.042,-115.192777777778,36.1872222222222,2750.79171614996
2022-07-17T19:04:41.593,-115.192222222222,36.1872222222222,2746.95250577468
2022-07-17T19:04:42.959,-115.191666666667,36.1869444444444,2737.4346052483
2022-07-17T19:04:43.921,-115.191111111111,36.1869444444444,2730.42334935038
2022-07-17T19:04:44.632,-115.190555555556,36.1869444444444,2725.25796597911
2022-07-17T19:04:46.795,-115.189722222222,36.1869444444444,2709.4770372962
2022-07-17T19:04:47.405,-115.189166666667,36.1872222222222,2704.88163637392
2022-07-17T19:04:48.817,-115.188611111111,36.1872222222222,2694.24441187157
2022-07-17T19:04:50.128,-115.188055555556,36.1875,2684.13641795707
2022-07-17T19:04:50.589,-115.187777777778,36.1875,2680.58204384485
2022-07-17T19:04:51.955,-115.1875,36.1877777777778,2670.04999357334
2022-07-17T19:04:53.772,-115.186666666667,36.1883333333333,2655.75776023389
2022-07-17T19:04:54.533,-115.186388888889,36.1886111111111,2649.77185627287
2022-07-17T19:04:55.995,-115.185833333333,36.1888888888889,2638.14321197488
2022-07-17T19:04:56.596,-115.185555555556,36.1891666666667,2633.36289969421
2022-07-17T19:04:58.007,-115.185,36.1894444444444,2622.06743746097
2022-07-17T19:04:58.969,-115.184722222222,36.1897222222222,2614.36634883438
2022-07-17T19:04:59.681,-115.184444444444,36.19,2608.64767198747
2022-07-17T19:05:00.653,-115.183888888889,36.1902777777778,2600.84071211788
2022-07-17T19:05:01.903,-115.183888888889,36.1905555555556,2590.80089873165
2022-07-17T19:05:02.714,-115.183611111111,36.1908333333333,2584.28787112638
2022-07-17T19:05:04.025,-115.183055555556,36.1911111111111,2573.75941087468
2022-07-17T19:05:05.197,-115.182777777778,36.1916666666667,2564.36591184805
2022-07-17T19:05:05.447,-115.1825,36.1919444444444,2562.36217900314
2022-07-17T19:05:06.900,-115.181944444444,36.1922222222222,2550.71648315814
2022-07-17T19:05:07.561,-115.181944444444,36.1925,2545.43000225847
2022-07-17T19:05:08.772,-115.181666666667,36.1927777777778,2535.74478583079
2022-07-17T19:05:09.683,-115.181111111111,36.1930555555556,2528.46093675734
2022-07-17T19:05:10.494,-115.181111111111,36.1936111111111,2521.98660132369
2022-07-17T19:05:12.006,-115.180833333333,36.1938888888889,2509.96835196839
2022-07-17T19:05:12.416,-115.180833333333,36.1941666666667,2506.72512646677
2022-07-17T19:05:13.779,-115.180833333333,36.1947222222222,2495.94337401571
2022-07-17T19:05:15.201,-115.180833333333,36.195,2484.69491509622
2022-07-17T19:05:15.502,-115.180555555556,36.1952777777778,2482.33854800167
2022-07-17T19:05:16.754,-115.180833333333,36.1955555555556,2472.53731842775
2022-07-17T19:05:17.465,-115.180833333333,36.1961111111111,2466.97128432439
2022-07-17T19:05:19.066,-115.180833333333,36.1963888888889,2454.5984783018
2022-07-17T19:05:19.978,-115.181111111111,36.1966666666667,2447.55038469554
2022-07-17T19:05:22.002,-115.181388888889,36.1975,2432.14548675505
2022-07-17T19:05:23.063,-115.181666666667,36.1977777777778,2424.18462531426
2022-07-17T19:05:23.914,-115.181944444444,36.1980555555556,2417.79942788157
2022-07-17T19:05:24.625,-115.182222222222,36.1983333333333,2412.53559468608
2022-07-17T19:05:25.887,-115.182777777778,36.1986111111111,2403.19247477718
2022-07-17T19:05:26.799,-115.183055555556,36.1988888888889,2396.5239022257
2022-07-17T19:05:27.911,-115.183333333333,36.1991666666667,2388.39292296946
2022-07-17T19:05:28.572,-115.183611111111,36.1994444444444,2383.63386780584
2022-07-17T19:05:30.025,-115.183888888889,36.1997222222222,2373.15084508704
2022-07-17T19:05:30.737,-115.184166666667,36.2,2368.020269532
2022-07-17T19:05:31.399,-115.184444444444,36.2002777777778,2363.28008836129
2022-07-17T19:05:33.111,-115.184722222222,36.2005555555556,2351.14697994721
2022-07-17T19:05:33.823,-115.185,36.2008333333333,2346.10096871429
2022-07-17T19:05:34.877,-115.185277777778,36.2011111111111,2338.7293889539
2022-07-17T19:05:35.990,-115.185833333333,36.2013888888889,2330.94517019601
2022-07-17T19:05:36.451,-115.186111111111,36.2013888888889,2327.76880939374
2022-07-17T19:05:38.064,-115.186388888889,36.2016666666667,2316.65499141318
2022-07-17T19:05:38.775,-115.186666666667,36.2019444444445,2311.84653227701
2022-07-17T19:05:40.036,-115.186944444444,36.2022222222222,2303.31845233908
2022-07-17T19:05:40.940,-115.187222222222,36.2025,2297.35207959605
2022-07-17T19:05:42.041,-115.1875,36.2027777777778,2290.08551425328
2022-07-17T19:05:43.152,-115.187777777778,36.2030555555556,2282.97761938028
2022-07-17T19:05:43.963,-115.188333333333,36.2030555555556,2277.78904764483
2022-07-17T19:05:44.724,-115.188611111111,36.2033333333333,2273.1632588631
2022-07-17T19:05:45.685,-115.188611111111,36.2036111111111,2267.32175644585
2022-07-17T19:05:47.047,-115.188888888889,36.2038888888889,2259.04274863139
2022-07-17T19:05:47.708,-115.189166666667,36.2041666666667,2255.30828265932
2022-07-17T19:05:48.419,-115.189444444444,36.2044444444445,2251.29133088277
2022-07-17T19:05:49.631,-115.189722222222,36.2044444444445,2244.44386770847
2022-07-17T19:05:50.994,-115.19,36.2047222222222,2237.35631146246
2022-07-17T19:05:52.207,-115.190277777778,36.205,2231.04874970544
2022-07-17T19:05:52.558,-115.190555555556,36.2052777777778,2229.37216281748
2022-07-17T19:05:54.124,-115.190833333333,36.2052777777778,2221.89200750958
2022-07-17T19:05:54.484,-115.190833333333,36.2055555555556,2220.32440876468
2022-07-17T19:05:55.895,-115.191388888889,36.2058333333333,2214.1802907243
2022-07-17T19:05:56.447,-115.191388888889,36.2058333333333,2211.77663841569
2022-07-17T19:05:58.010,-115.191666666667,36.2061111111111,2205.70624918746
2022-07-17T19:05:58.571,-115.191944444444,36.2063888888889,2203.52743338711
2022-07-17T19:06:00.192,-115.192222222222,36.2063888888889,2197.9778041589
2022-07-17T19:06:00.693,-115.192222222222,36.2066666666667,2196.26258794369
2022-07-17T19:06:02.054,-115.1925,36.2066666666667,2192.19966517708
2022-07-17T19:06:02.915,-115.1925,36.2069444444444,2189.62936598093
2022-07-17T19:06:03.866,-115.192777777778,36.2069444444444,2187.05295240441
