time,groundspeed
2022-07-17T18:46:51.510,77
2022-07-17T18:46:52.471,77
2022-07-17T18:46:53.832,78
2022-07-17T18:46:54.643,78
2022-07-17T18:46:55.794,79
2022-07-17T18:46:57.196,81
2022-07-17T18:46:57.797,82
2022-07-17T18:46:58.558,82
2022-07-17T18:46:59.970,83
2022-07-17T18:47:00.481,82
2022-07-17T18:47:02.093,83
2022-07-17T18:47:02.853,83
2022-07-17T18:47:03.564,83
2022-07-17T18:47:04.926,83
2022-07-17T18:47:05.728,83
2022-07-17T18:47:07.083,83
2022-07-17T18:47:07.995,83
2022-07-17T18:47:08.806,83
2022-07-17T18:47:09.918,84
2022-07-17T18:47:10.529,84
2022-07-17T18:47:11.380,84
2022-07-17T18:47:12.542,84
2022-07-17T18:47:13.904,85
2022-07-17T18:47:14.905,85
2022-07-17T18:47:15.773,85
2022-07-17T18:47:16.929,86
2022-07-17T18:47:18.041,86
2022-07-17T18:47:18.794,86
2022-07-17T18:47:19.705,87
2022-07-17T18:47:21.016,88
2022-07-17T18:47:22.129,88
2022-07-17T18:47:22.489,88
2022-07-17T18:47:23.751,89
2022-07-17T18:47:24.512,91
2022-07-17T18:47:25.923,91
2022-07-17T18:47:26.534,91
2022-07-17T18:47:28.136,92
2022-07-17T18:47:28.947,92
2022-07-17T18:47:30.160,92
2022-07-17T18:47:30.721,93
2022-07-17T18:47:32.894,92
2022-07-17T18:47:34.048,92
2022-07-17T18:47:34.911,92
2022-07-17T18:47:36.069,92
2022-07-17T18:47:38.243,92
2022-07-17T18:47:38.544,92
2022-07-17T18:47:41.869,92
2022-07-17T18:47:44.693,90
2022-07-17T18:47:45.654,90
2022-07-17T18:47:46.565,90
2022-07-17T18:47:47.926,89
2022-07-17T18:47:48.537,89
2022-07-17T18:47:49.600,89
2022-07-17T18:47:51.153,89
2022-07-17T18:47:51.663,89
2022-07-17T18:47:53.025,90
2022-07-17T18:47:53.735,90
2022-07-17T18:47:54.686,90
2022-07-17T18:47:55.748,90
2022-07-17T18:47:57.472,90
2022-07-17T18:47:58.677,90
2022-07-17T18:48:00.091,90
2022-07-17T18:48:00.502,90
2022-07-17T18:48:01.915,90
2022-07-17T18:48:03.067,89
2022-07-17T18:48:03.678,89
2022-07-17T18:48:04.439,89
2022-07-17T18:48:05.851,87
2022-07-17T18:48:07.222,87
2022-07-17T18:48:07.773,87
2022-07-17T18:48:08.843,86
2022-07-17T18:48:10.699,86
2022-07-17T18:48:11.710,85
2022-07-17T18:48:14.683,85
2022-07-17T18:48:16.096,84
2022-07-17T18:48:16.658,83
2022-07-17T18:48:17.970,83
2022-07-17T18:48:18.881,82
2022-07-17T18:48:19.882,82
2022-07-17T18:48:20.943,82
2022-07-17T18:48:22.104,82
2022-07-17T18:48:22.616,83
2022-07-17T18:48:23.678,84
2022-07-17T18:48:24.791,84
2022-07-17T18:48:25.952,85
2022-07-17T18:48:26.653,86
2022-07-17T18:48:27.564,86
2022-07-17T18:48:28.675,86
2022-07-17T18:48:29.938,87
2022-07-17T18:48:30.850,86
2022-07-17T18:48:31.962,87
2022-07-17T18:48:33.023,86
2022-07-17T18:48:33.533,86
2022-07-17T18:48:34.995,86
2022-07-17T18:48:35.897,86
2022-07-17T18:48:36.508,86
2022-07-17T18:48:37.620,85
2022-07-17T18:48:39.083,84
2022-07-17T18:48:39.544,84
2022-07-17T18:48:40.798,85
2022-07-17T18:48:41.659,84
2022-07-17T18:48:42.520,84
2022-07-17T18:48:43.983,85
2022-07-17T18:48:45.454,84
2022-07-17T18:48:46.467,84
2022-07-17T18:48:47.970,85
2022-07-17T18:48:48.762,85
2022-07-17T18:48:49.823,85
2022-07-17T18:48:51.034,85
2022-07-17T18:48:51.895,85
2022-07-17T18:48:53.108,85
2022-07-17T18:48:54.229,86
2022-07-17T18:48:54.980,87
2022-07-17T18:48:55.440,87
2022-07-17T18:48:56.602,87
2022-07-17T18:48:57.656,87
2022-07-17T18:48:58.869,88
2022-07-17T18:49:00.082,88
2022-07-17T18:49:00.884,88
2022-07-17T18:49:01.748,88
2022-07-17T18:49:02.660,88
2022-07-17T18:49:04.172,86
2022-07-17T18:49:04.633,87
2022-07-17T18:49:06.145,90
2022-07-17T18:49:07.096,90
2022-07-17T18:49:07.708,90
2022-07-17T18:49:08.469,89
2022-07-17T18:49:10.130,89
2022-07-17T18:49:11.251,89
2022-07-17T18:49:11.702,89
2022-07-17T18:49:12.813,89
2022-07-17T18:49:14.074,89
2022-07-17T18:49:15.135,92
2022-07-17T18:49:15.696,91
2022-07-17T18:49:16.958,91
2022-07-17T18:49:17.619,90
2022-07-17T18:49:18.530,90
2022-07-17T18:49:20.243,91
2022-07-17T18:49:21.093,91
2022-07-17T18:49:21.854,91
2022-07-17T18:49:22.865,91
2022-07-17T18:49:23.576,91
2022-07-17T18:49:24.939,91
2022-07-17T18:49:26.100,91
2022-07-17T18:49:26.711,91
2022-07-17T18:49:27.862,91
2022-07-17T18:49:28.673,90
2022-07-17T18:49:30.035,90
2022-07-17T18:49:30.796,90
2022-07-17T18:49:31.559,90
2022-07-17T18:49:33.180,90
2022-07-17T18:49:33.931,90
2022-07-17T18:49:34.842,90
2022-07-17T18:49:36.047,91
2022-07-17T18:49:36.808,91
2022-07-17T18:49:37.670,91
2022-07-17T18:49:38.480,91
2022-07-17T18:49:39.391,91
2022-07-17T18:49:40.553,92
2022-07-17T18:49:41.907,92
2022-07-17T18:49:42.669,92
2022-07-17T18:49:43.832,92
2022-07-17T18:49:44.993,92
2022-07-17T18:49:46.097,93
2022-07-17T18:49:47.062,93
2022-07-17T18:49:47.775,93
2022-07-17T18:49:48.686,93
2022-07-17T18:49:49.689,93
2022-07-17T18:49:51.000,93
2022-07-17T18:49:51.511,93
2022-07-17T18:49:52.823,92
2022-07-17T18:49:53.433,92
2022-07-17T18:49:54.946,92
2022-07-17T18:49:55.958,92
2022-07-17T18:49:56.418,92
2022-07-17T18:49:58.023,91
2022-07-17T18:49:58.834,92
2022-07-17T18:49:59.847,92
2022-07-17T18:50:01.110,92
2022-07-17T18:50:02.070,92
2022-07-17T18:50:02.731,93
2022-07-17T18:50:03.592,93
2022-07-17T18:50:04.994,93
2022-07-17T18:50:06.007,93
2022-07-17T18:50:07.069,93
2022-07-17T18:50:08.493,93
2022-07-17T18:50:09.699,93
2022-07-17T18:50:10.915,93
2022-07-17T18:50:12.179,94
2022-07-17T18:50:12.729,94
2022-07-17T18:50:13.542,94
2022-07-17T18:50:14.753,94
2022-07-17T18:50:16.015,94
2022-07-17T18:50:16.819,94
2022-07-17T18:50:17.830,94
2022-07-17T18:50:18.642,94
2022-07-17T18:50:19.453,94
2022-07-17T18:50:21.017,95
2022-07-17T18:50:21.477,95
2022-07-17T18:50:22.839,95
2022-07-17T18:50:24.041,95
2022-07-17T18:50:24.852,96
2022-07-17T18:50:25.913,96
2022-07-17T18:50:26.664,96
2022-07-17T18:50:28.076,96
2022-07-17T18:50:28.587,96
2022-07-17T18:50:30.099,96
2022-07-17T18:50:30.809,96
2022-07-17T18:50:32.983,96
2022-07-17T18:50:33.833,97
2022-07-17T18:50:34.985,96
2022-07-17T18:50:36.047,97
2022-07-17T18:50:36.708,97
2022-07-17T18:50:37.820,97
2022-07-17T18:50:38.682,97
2022-07-17T18:50:39.633,97
2022-07-17T18:50:41.095,97
2022-07-17T18:50:42.859,97
2022-07-17T18:50:43.722,97
2022-07-17T18:50:44.985,97
2022-07-17T18:50:45.687,97
2022-07-17T18:50:46.549,97
2022-07-17T18:50:47.662,97
2022-07-17T18:50:48.723,97
2022-07-17T18:50:50.036,97
2022-07-17T18:50:50.647,97
2022-07-17T18:50:51.999,98
2022-07-17T18:50:52.610,98
2022-07-17T18:50:53.771,98
2022-07-17T18:50:54.983,98
2022-07-17T18:50:55.493,98
2022-07-17T18:50:57.107,98
2022-07-17T18:50:57.417,98
2022-07-17T18:50:58.678,98
2022-07-17T18:50:59.639,98
2022-07-17T18:51:02.155,98
2022-07-17T18:51:02.617,98
2022-07-17T18:51:03.578,98
2022-07-17T18:51:04.929,98
2022-07-17T18:51:05.890,98
2022-07-17T18:51:06.901,98
2022-07-17T18:51:07.412,98
2022-07-17T18:51:08.774,98
2022-07-17T18:51:09.776,98
2022-07-17T18:51:11.138,99
2022-07-17T18:51:12.099,99
2022-07-17T18:51:12.660,99
2022-07-17T18:51:13.671,99
2022-07-17T18:51:14.983,100
2022-07-17T18:51:15.794,100
2022-07-17T18:51:16.505,100
2022-07-17T18:51:18.118,100
2022-07-17T18:51:18.628,100
2022-07-17T18:51:19.621,101
2022-07-17T18:51:20.532,101
2022-07-17T18:51:22.144,101
2022-07-17T18:51:23.005,101
2022-07-17T18:51:23.466,101
2022-07-17T18:51:24.578,101
2022-07-17T18:51:25.789,101
2022-07-17T18:51:26.650,101
2022-07-17T18:51:27.511,101
2022-07-17T18:51:28.552,101
2022-07-17T18:51:29.414,101
2022-07-17T18:51:30.877,101
2022-07-17T18:51:31.738,101
2022-07-17T18:51:32.799,101
2022-07-17T18:51:33.810,102
2022-07-17T18:51:34.471,101
2022-07-17T18:51:35.532,101
2022-07-17T18:51:36.794,101
2022-07-17T18:51:37.845,102
2022-07-17T18:51:38.457,102
2022-07-17T18:51:39.919,102
2022-07-17T18:51:41.130,102
2022-07-17T18:51:41.841,101
2022-07-17T18:51:42.652,102
2022-07-17T18:51:43.914,102
2022-07-17T18:51:44.925,102
2022-07-17T18:51:46.037,102
2022-07-17T18:51:46.788,101
2022-07-17T18:51:48.099,101
2022-07-17T18:51:49.110,101
2022-07-17T18:51:50.182,101
2022-07-17T18:51:50.733,101
2022-07-17T18:51:52.045,101
2022-07-17T18:51:52.455,101
2022-07-17T18:51:54.178,101
2022-07-17T18:51:54.828,101
2022-07-17T18:51:56.030,100
2022-07-17T18:51:57.141,100
2022-07-17T18:51:57.451,100
2022-07-17T18:51:58.563,100
2022-07-17T18:51:59.475,100
2022-07-17T18:52:00.586,100
2022-07-17T18:52:01.798,100
2022-07-17T18:52:02.659,100
2022-07-17T18:52:03.861,100
2022-07-17T18:52:04.872,100
2022-07-17T18:52:05.483,100
2022-07-17T18:52:07.034,100
2022-07-17T18:52:07.896,100
2022-07-17T18:52:08.406,100
2022-07-17T18:52:09.969,100
2022-07-17T18:52:11.030,101
2022-07-17T18:52:11.390,101
2022-07-17T18:52:12.902,100
2022-07-17T18:52:13.663,101
2022-07-17T18:52:15.115,101
2022-07-17T18:52:15.866,101
2022-07-17T18:52:16.727,101
2022-07-17T18:52:17.688,101
2022-07-17T18:52:18.949,101
2022-07-17T18:52:19.560,101
2022-07-17T18:52:20.921,101
2022-07-17T18:52:22.134,101
2022-07-17T18:52:23.146,101
2022-07-17T18:52:25.159,100
2022-07-17T18:52:25.569,100
2022-07-17T18:52:26.930,100
2022-07-17T18:52:28.141,100
2022-07-17T18:52:28.802,100
2022-07-17T18:52:29.965,100
2022-07-17T18:52:30.918,99
2022-07-17T18:52:31.930,99
2022-07-17T18:52:33.091,99
2022-07-17T18:52:33.903,100
2022-07-17T18:52:34.464,100
2022-07-17T18:52:35.476,100
2022-07-17T18:52:36.789,100
2022-07-17T18:52:37.650,100
2022-07-17T18:52:38.951,100
2022-07-17T18:52:39.963,101
2022-07-17T18:52:40.874,101
2022-07-17T18:52:41.535,101
2022-07-17T18:52:42.787,102
2022-07-17T18:52:43.498,102
2022-07-17T18:52:44.510,103
2022-07-17T18:52:45.571,104
2022-07-17T18:52:47.033,103
2022-07-17T18:52:47.484,104
2022-07-17T18:52:48.946,105
2022-07-17T18:52:50.007,106
2022-07-17T18:52:50.818,107
2022-07-17T18:52:51.429,108
2022-07-17T18:52:52.890,110
2022-07-17T18:52:53.541,111
2022-07-17T18:52:54.993,111
2022-07-17T18:52:55.454,112
2022-07-17T18:52:57.066,113
2022-07-17T18:52:57.917,113
2022-07-17T18:52:59.128,110
2022-07-17T18:52:59.989,110
2022-07-17T18:53:01.210,111
2022-07-17T18:53:01.411,111
2022-07-17T18:53:02.973,110
2022-07-17T18:53:03.634,110
2022-07-17T18:53:04.445,110
2022-07-17T18:53:05.757,111
2022-07-17T18:53:06.658,110
2022-07-17T18:53:07.970,110
2022-07-17T18:53:08.730,110
2022-07-17T18:53:09.593,109
2022-07-17T18:53:11.158,109
2022-07-17T18:53:11.669,108
2022-07-17T18:53:12.972,108
2022-07-17T18:53:13.684,107
2022-07-17T18:53:14.797,108
2022-07-17T18:53:15.709,108
2022-07-17T18:53:16.420,107
2022-07-17T18:53:17.923,107
2022-07-17T18:53:18.634,107
2022-07-17T18:53:19.546,107
2022-07-17T18:53:20.607,107
2022-07-17T18:53:22.118,107
2022-07-17T18:53:23.030,107
2022-07-17T18:53:24.141,108
2022-07-17T18:53:24.602,107
2022-07-17T18:53:25.864,107
2022-07-17T18:53:27.126,107
2022-07-17T18:53:27.486,107
2022-07-17T18:53:29.200,107
2022-07-17T18:53:29.450,107
2022-07-17T18:53:30.511,107
2022-07-17T18:53:32.074,107
2022-07-17T18:53:32.835,107
2022-07-17T18:53:33.997,107
2022-07-17T18:53:34.808,107
2022-07-17T18:53:35.618,107
2022-07-17T18:53:36.769,107
2022-07-17T18:53:37.722,108
2022-07-17T18:53:38.533,108
2022-07-17T18:53:39.495,108
2022-07-17T18:53:40.456,108
2022-07-17T18:53:41.419,108
2022-07-17T18:53:42.571,108
2022-07-17T18:53:43.733,108
2022-07-17T18:53:44.685,108
2022-07-17T18:53:45.447,108
2022-07-17T18:53:46.408,108
2022-07-17T18:53:47.972,108
2022-07-17T18:53:48.524,108
2022-07-17T18:53:49.675,108
2022-07-17T18:53:51.037,108
2022-07-17T18:53:51.999,108
2022-07-17T18:53:52.711,108
2022-07-17T18:53:53.873,108
2022-07-17T18:53:55.194,108
2022-07-17T18:53:55.795,108
2022-07-17T18:53:56.856,108
2022-07-17T18:53:57.850,108
2022-07-17T18:53:58.911,108
2022-07-17T18:54:00.123,108
2022-07-17T18:54:00.784,108
2022-07-17T18:54:01.845,109
2022-07-17T18:54:02.857,109
2022-07-17T18:54:03.518,109
2022-07-17T18:54:04.920,109
2022-07-17T18:54:05.781,109
2022-07-17T18:54:06.943,109
2022-07-17T18:54:08.155,110
2022-07-17T18:54:08.566,110
2022-07-17T18:54:09.427,110
2022-07-17T18:54:10.854,110
2022-07-17T18:54:11.440,110
2022-07-17T18:54:12.442,111
2022-07-17T18:54:14.106,111
2022-07-17T18:54:14.518,112
2022-07-17T18:54:15.530,112
2022-07-17T18:54:16.542,112
2022-07-17T18:54:18.205,113
2022-07-17T18:54:18.556,113
2022-07-17T18:54:19.818,113
2022-07-17T18:54:20.779,113
2022-07-17T18:54:22.041,113
2022-07-17T18:54:22.802,113
2022-07-17T18:54:23.413,113
2022-07-17T18:54:24.765,113
2022-07-17T18:54:25.434,113
2022-07-17T18:54:26.988,114
2022-07-17T18:54:27.648,114
2022-07-17T18:54:28.709,114
2022-07-17T18:54:30.023,114
2022-07-17T18:54:30.533,114
2022-07-17T18:54:31.595,114
2022-07-17T18:54:32.896,114
2022-07-17T18:54:33.557,114
2022-07-17T18:54:34.818,114
2022-07-17T18:54:35.569,114
2022-07-17T18:54:37.033,114
2022-07-17T18:54:38.045,114
2022-07-17T18:54:38.706,114
2022-07-17T18:54:39.419,114
2022-07-17T18:54:40.872,114
2022-07-17T18:54:42.134,115
2022-07-17T18:54:42.595,115
2022-07-17T18:54:43.507,115
2022-07-17T18:54:44.518,115
2022-07-17T18:54:45.829,115
2022-07-17T18:54:46.440,115
2022-07-17T18:54:48.212,115
2022-07-17T18:54:48.563,115
2022-07-17T18:54:49.666,115
2022-07-17T18:54:50.880,115
2022-07-17T18:54:51.993,115
2022-07-17T18:54:52.954,115
2022-07-17T18:54:53.915,115
2022-07-17T18:54:54.466,115
2022-07-17T18:54:55.777,115
2022-07-17T18:54:56.939,115
2022-07-17T18:54:57.450,115
2022-07-17T18:54:58.612,115
2022-07-17T18:54:59.573,115
2022-07-17T18:55:00.485,116
2022-07-17T18:55:01.646,116
2022-07-17T18:55:03.098,115
2022-07-17T18:55:03.859,115
2022-07-17T18:55:04.771,115
2022-07-17T18:55:05.782,115
2022-07-17T18:55:06.833,115
2022-07-17T18:55:07.794,115
2022-07-17T18:55:09.056,115
2022-07-17T18:55:09.466,114
2022-07-17T18:55:10.928,114
2022-07-17T18:55:12.090,114
2022-07-17T18:55:12.540,114
2022-07-17T18:55:13.502,114
2022-07-17T18:55:15.163,114
2022-07-17T18:55:16.125,114
2022-07-17T18:55:16.986,114
2022-07-17T18:55:17.587,114
2022-07-17T18:55:19.209,114
2022-07-17T18:55:20.221,113
2022-07-17T18:55:21.072,113
2022-07-17T18:55:21.824,113
2022-07-17T18:55:22.985,114
2022-07-17T18:55:23.596,115
2022-07-17T18:55:24.607,115
2022-07-17T18:55:25.418,114
2022-07-17T18:55:26.981,114
2022-07-17T18:55:27.441,114
2022-07-17T18:55:28.795,117
2022-07-17T18:55:29.858,117
2022-07-17T18:55:31.020,116
2022-07-17T18:55:31.481,116
2022-07-17T18:55:32.992,115
2022-07-17T18:55:33.653,116
2022-07-17T18:55:34.414,118
2022-07-17T18:55:35.476,117
2022-07-17T18:55:37.037,116
2022-07-17T18:55:37.688,119
2022-07-17T18:55:39.051,118
2022-07-17T18:55:39.912,117
2022-07-17T18:55:40.874,117
2022-07-17T18:55:41.784,117
2022-07-17T18:55:42.895,117
2022-07-17T18:55:43.857,117
2022-07-17T18:55:44.954,118
2022-07-17T18:55:46.066,118
2022-07-17T18:55:47.187,127
2022-07-17T18:55:48.139,126
2022-07-17T18:55:48.650,125
2022-07-17T18:55:50.192,125
2022-07-17T18:55:50.893,125
2022-07-17T18:55:51.454,129
2022-07-17T18:55:52.566,128
2022-07-17T18:55:54.191,128
2022-07-17T18:55:54.834,128
2022-07-17T18:55:55.696,129
2022-07-17T18:55:57.161,131
2022-07-17T18:55:57.822,131
2022-07-17T18:55:59.084,130
2022-07-17T18:55:59.585,129
2022-07-17T18:56:00.596,130
2022-07-17T18:56:01.724,129
2022-07-17T18:56:03.182,129
2022-07-17T18:56:03.432,128
2022-07-17T18:56:04.494,127
2022-07-17T18:56:05.607,128
2022-07-17T18:56:06.911,127
2022-07-17T18:56:07.823,125
2022-07-17T18:56:08.875,124
2022-07-17T18:56:09.838,124
2022-07-17T18:56:10.741,120
2022-07-17T18:56:11.652,120
2022-07-17T18:56:12.814,119
2022-07-17T18:56:14.126,119
2022-07-17T18:56:16.048,123
2022-07-17T18:56:16.959,122
2022-07-17T18:56:17.713,121
2022-07-17T18:56:18.625,121
2022-07-17T18:56:19.636,123
2022-07-17T18:56:20.787,122
2022-07-17T18:56:21.798,122
2022-07-17T18:56:23.111,121
2022-07-17T18:56:23.773,123
2022-07-17T18:56:24.534,122
2022-07-17T18:56:25.586,122
2022-07-17T18:56:26.547,122
2022-07-17T18:56:27.760,122
2022-07-17T18:56:28.922,127
2022-07-17T18:56:30.195,126
2022-07-17T18:56:30.936,126
2022-07-17T18:56:32.048,126
2022-07-17T18:56:32.399,125
2022-07-17T18:56:34.111,127
2022-07-17T18:56:35.072,127
2022-07-17T18:56:35.973,126
2022-07-17T18:56:36.784,126
2022-07-17T18:56:37.695,128
2022-07-17T18:56:39.106,127
2022-07-17T18:56:39.817,126
2022-07-17T18:56:41.080,125
2022-07-17T18:56:42.191,127
2022-07-17T18:56:42.992,130
2022-07-17T18:56:43.954,129
2022-07-17T18:56:45.005,128
2022-07-17T18:56:46.176,127
2022-07-17T18:56:46.626,129
2022-07-17T18:56:47.587,128
2022-07-17T18:56:49.049,127
2022-07-17T18:56:49.850,126
2022-07-17T18:56:51.111,125
2022-07-17T18:56:51.722,126
2022-07-17T18:56:52.934,126
2022-07-17T18:56:53.595,125
2022-07-17T18:56:55.049,125
2022-07-17T18:56:55.860,125
2022-07-17T18:56:56.971,126
2022-07-17T18:56:57.781,125
2022-07-17T18:56:58.432,125
2022-07-17T18:57:00.084,124
2022-07-17T18:57:00.795,125
2022-07-17T18:57:01.806,125
2022-07-17T18:57:02.918,124
2022-07-17T18:57:04.160,124
2022-07-17T18:57:04.671,123
2022-07-17T18:57:05.782,125
2022-07-17T18:57:06.493,124
2022-07-17T18:57:07.955,124
2022-07-17T18:57:08.515,123
2022-07-17T18:57:09.626,121
2022-07-17T18:57:10.938,123
2022-07-17T18:57:11.450,123
2022-07-17T18:57:13.213,123
2022-07-17T18:57:13.914,123
2022-07-17T18:57:14.625,124
2022-07-17T18:57:15.986,124
2022-07-17T18:57:16.537,124
2022-07-17T18:57:18.101,124
2022-07-17T18:57:19.062,123
2022-07-17T18:57:19.874,124
2022-07-17T18:57:20.585,124
2022-07-17T18:57:21.597,124
2022-07-17T18:57:22.608,123
2022-07-17T18:57:23.550,122
2022-07-17T18:57:25.162,122
2022-07-17T18:57:25.734,122
2022-07-17T18:57:26.934,122
2022-07-17T18:57:27.595,122
2022-07-17T18:57:28.957,122
2022-07-17T18:57:29.417,122
2022-07-17T18:57:30.829,122
2022-07-17T18:57:31.490,121
2022-07-17T18:57:32.901,122
2022-07-17T18:57:33.753,121
2022-07-17T18:57:35.225,121
2022-07-17T18:57:35.625,120
2022-07-17T18:57:36.486,119
2022-07-17T18:57:38.209,121
2022-07-17T18:57:38.410,120
2022-07-17T18:57:39.521,120
2022-07-17T18:57:41.174,120
2022-07-17T18:57:42.025,122
2022-07-17T18:57:42.929,122
2022-07-17T18:57:43.390,122
2022-07-17T18:57:44.702,122
2022-07-17T18:57:45.414,122
2022-07-17T18:57:46.707,123
2022-07-17T18:57:48.020,123
2022-07-17T18:57:48.931,123
2022-07-17T18:57:50.043,123
2022-07-17T18:57:51.214,126
2022-07-17T18:57:51.515,126
2022-07-17T18:57:52.475,126
2022-07-17T18:57:54.189,126
2022-07-17T18:57:54.940,126
2022-07-17T18:57:55.502,125
2022-07-17T18:57:56.618,125
2022-07-17T18:57:57.779,125
2022-07-17T18:57:58.830,125
2022-07-17T18:57:59.893,125
2022-07-17T18:58:01.105,126
2022-07-17T18:58:01.465,126
2022-07-17T18:58:02.728,126
2022-07-17T18:58:03.682,125
2022-07-17T18:58:04.696,125
2022-07-17T18:58:05.858,126
2022-07-17T18:58:07.120,125
2022-07-17T18:58:07.530,125
2022-07-17T18:58:09.083,125
2022-07-17T18:58:09.694,124
2022-07-17T18:58:11.107,124
2022-07-17T18:58:11.919,124
2022-07-17T18:58:12.930,124
2022-07-17T18:58:14.201,124
2022-07-17T18:58:15.052,124
2022-07-17T18:58:15.663,124
2022-07-17T18:58:16.574,124
2022-07-17T18:58:17.576,124
2022-07-17T18:58:18.639,123
2022-07-17T18:58:19.450,123
2022-07-17T18:58:21.152,123
2022-07-17T18:58:22.013,123
2022-07-17T18:58:22.513,124
2022-07-17T18:58:23.975,123
2022-07-17T18:58:25.037,123
2022-07-17T18:58:26.148,123
2022-07-17T18:58:26.839,124
2022-07-17T18:58:27.550,124
2022-07-17T18:58:28.701,124
2022-07-17T18:58:29.562,124
2022-07-17T18:58:30.874,124
2022-07-17T18:58:31.836,124
2022-07-17T18:58:32.546,124
2022-07-17T18:58:34.108,124
2022-07-17T18:58:35.069,124
2022-07-17T18:58:35.970,124
2022-07-17T18:58:36.932,124
2022-07-17T18:58:37.843,125
2022-07-17T18:58:38.404,124
2022-07-17T18:58:39.968,124
2022-07-17T18:58:40.969,124
2022-07-17T18:58:41.530,124
2022-07-17T18:58:42.893,125
2022-07-17T18:58:44.105,124
2022-07-17T18:58:44.858,124
2022-07-17T18:58:45.669,124
2022-07-17T18:58:47.083,123
2022-07-17T18:58:47.694,123
2022-07-17T18:58:48.705,123
2022-07-17T18:58:49.666,122
2022-07-17T18:58:50.518,122
2022-07-17T18:58:51.880,122
2022-07-17T18:58:52.942,122
2022-07-17T18:58:53.553,121
2022-07-17T18:58:54.864,121
2022-07-17T18:58:55.825,120
2022-07-17T18:58:57.137,120
2022-07-17T18:58:58.148,119
2022-07-17T18:58:58.859,119
2022-07-17T18:59:00.060,118
2022-07-17T18:59:01.121,118
2022-07-17T18:59:01.582,118
2022-07-17T18:59:02.693,117
2022-07-17T18:59:03.954,117
2022-07-17T18:59:04.865,116
2022-07-17T18:59:06.127,115
2022-07-17T18:59:06.638,114
2022-07-17T18:59:08.099,112
2022-07-17T18:59:08.410,111
2022-07-17T18:59:09.873,107
2022-07-17T18:59:10.825,106
2022-07-17T18:59:11.687,106
2022-07-17T18:59:12.648,105
2022-07-17T18:59:13.961,105
2022-07-17T18:59:14.922,109
2022-07-17T18:59:16.034,108
2022-07-17T18:59:16.945,107
2022-07-17T18:59:17.697,107
2022-07-17T18:59:18.859,105
2022-07-17T18:59:19.820,105
2022-07-17T18:59:20.982,105
2022-07-17T18:59:21.942,105
2022-07-17T18:59:22.453,103
2022-07-17T18:59:23.815,62.1
2022-07-17T18:59:31.637,105
2022-07-17T18:59:32.598,102
2022-07-17T18:59:33.859,102
2022-07-17T18:59:34.811,102
2022-07-17T18:59:35.863,101
2022-07-17T18:59:36.665,120.7
2022-07-17T18:59:41.114,147.5
2022-07-17T18:59:42.025,102
2022-07-17T18:59:42.436,102
2022-07-17T18:59:44.088,102
2022-07-17T18:59:44.699,101
2022-07-17T18:59:45.610,101
2022-07-17T18:59:46.621,101
2022-07-17T18:59:47.582,100
2022-07-17T18:59:48.944,100
2022-07-17T18:59:49.855,100
2022-07-17T18:59:50.716,100
2022-07-17T18:59:51.677,101
2022-07-17T18:59:52.438,101
2022-07-17T18:59:53.999,101
2022-07-17T18:59:54.850,100
2022-07-17T18:59:55.462,100
2022-07-17T18:59:56.474,101
2022-07-17T18:59:57.786,101
2022-07-17T18:59:58.838,101
2022-07-17T18:59:59.848,101
2022-07-17T19:00:00.859,101
2022-07-17T19:00:01.420,101
2022-07-17T19:00:02.713,101
2022-07-17T19:00:03.524,101
2022-07-17T19:00:04.787,101
2022-07-17T19:00:05.950,101
2022-07-17T19:00:06.612,101
2022-07-17T19:00:07.854,101
2022-07-17T19:00:08.866,101
2022-07-17T19:00:10.127,101
2022-07-17T19:00:10.988,101
2022-07-17T19:00:11.849,101
2022-07-17T19:00:13.110,101
2022-07-17T19:00:14.632,101
2022-07-17T19:00:15.493,102
2022-07-17T19:00:16.956,102
2022-07-17T19:00:17.667,102
2022-07-17T19:00:18.519,102
2022-07-17T19:00:19.631,103
2022-07-17T19:00:20.542,103
2022-07-17T19:00:22.054,103
2022-07-17T19:00:22.865,103
2022-07-17T19:00:23.626,103
2022-07-17T19:00:24.737,103
2022-07-17T19:00:25.448,104
2022-07-17T19:00:27.000,104
2022-07-17T19:00:28.112,104
2022-07-17T19:00:28.572,107
2022-07-17T19:00:29.985,107
2022-07-17T19:00:30.897,107
2022-07-17T19:00:31.707,107
2022-07-17T19:00:32.768,107
2022-07-17T19:00:33.779,109
2022-07-17T19:00:34.891,108
2022-07-17T19:00:35.893,108
2022-07-17T19:00:37.055,108
2022-07-17T19:00:37.466,108
2022-07-17T19:00:38.728,108
2022-07-17T19:00:39.789,108
2022-07-17T19:00:40.950,108
2022-07-17T19:00:41.811,108
2022-07-17T19:00:42.773,113
2022-07-17T19:00:43.585,113
2022-07-17T19:00:45.138,113
2022-07-17T19:00:45.999,112
2022-07-17T19:00:46.560,112
2022-07-17T19:00:47.611,112
2022-07-17T19:00:49.184,112
2022-07-17T19:00:50.646,112
2022-07-17T19:00:51.907,109
2022-07-17T19:00:53.159,110
2022-07-17T19:00:53.620,110
2022-07-17T19:00:54.832,111
2022-07-17T19:00:56.093,113
2022-07-17T19:00:56.454,114
2022-07-17T19:00:58.066,114
2022-07-17T19:00:58.577,114
2022-07-17T19:00:59.988,113
2022-07-17T19:01:00.449,112
2022-07-17T19:01:01.560,112
2022-07-17T19:01:03.163,112
2022-07-17T19:01:03.624,111
2022-07-17T19:01:04.536,111
2022-07-17T19:01:06.147,113
2022-07-17T19:01:06.598,112
2022-07-17T19:01:08.060,111
2022-07-17T19:01:09.121,111
2022-07-17T19:01:09.984,111
2022-07-17T19:01:10.743,111
2022-07-17T19:01:12.146,110
2022-07-17T19:01:12.456,109
2022-07-17T19:01:13.670,109
2022-07-17T19:01:14.632,108
2022-07-17T19:01:15.894,108
2022-07-17T19:01:16.596,108
2022-07-17T19:01:17.657,107
2022-07-17T19:01:18.818,107
2022-07-17T19:01:19.979,106
2022-07-17T19:01:20.540,105
2022-07-17T19:01:21.602,105
2022-07-17T19:01:22.764,105
2022-07-17T19:01:23.775,105
2022-07-17T19:01:25.136,105
2022-07-17T19:01:26.598,104
2022-07-17T19:01:28.160,104
2022-07-17T19:01:29.021,103
2022-07-17T19:01:30.193,103
2022-07-17T19:01:30.845,102
2022-07-17T19:01:32.057,102
2022-07-17T19:01:33.068,98
2022-07-17T19:01:33.378,99
2022-07-17T19:01:34.479,99
2022-07-17T19:01:35.491,99
2022-07-17T19:01:36.703,100
2022-07-17T19:01:37.465,100
2022-07-17T19:01:38.777,100
2022-07-17T19:01:39.791,100
2022-07-17T19:01:41.053,100
2022-07-17T19:01:41.464,100
2022-07-17T19:01:42.916,108
2022-07-17T19:01:44.128,108
2022-07-17T19:01:44.638,107
2022-07-17T19:01:46.051,107
2022-07-17T19:01:46.761,107
2022-07-17T19:01:47.774,109
2022-07-17T19:01:48.885,108
2022-07-17T19:01:49.896,108
2022-07-17T19:01:50.638,107
2022-07-17T19:01:51.851,113
2022-07-17T19:01:52.362,112
2022-07-17T19:01:53.474,110
2022-07-17T19:01:55.238,110
2022-07-17T19:01:56.042,109
2022-07-17T19:01:57.005,112
2022-07-17T19:01:57.668,111
2022-07-17T19:01:58.420,111
2022-07-17T19:01:59.722,111
2022-07-17T19:02:00.683,111
2022-07-17T19:02:01.996,111
2022-07-17T19:02:03.157,111
2022-07-17T19:02:03.457,111
2022-07-17T19:02:04.418,111
2022-07-17T19:02:05.581,116
2022-07-17T19:02:07.134,115
2022-07-17T19:02:07.695,114
2022-07-17T19:02:08.455,114
2022-07-17T19:02:10.017,113
2022-07-17T19:02:11.238,115
2022-07-17T19:02:11.989,114
2022-07-17T19:02:13.151,114
2022-07-17T19:02:14.162,114
2022-07-17T19:02:15.074,118
2022-07-17T19:02:15.935,117
2022-07-17T19:02:16.838,116
2022-07-17T19:02:17.701,115
2022-07-17T19:02:18.865,114
2022-07-17T19:02:19.726,117
2022-07-17T19:02:20.537,116
2022-07-17T19:02:21.941,116
2022-07-17T19:02:22.703,114
2022-07-17T19:02:23.815,114
2022-07-17T19:02:24.576,113
2022-07-17T19:02:25.637,113
2022-07-17T19:02:26.848,113
2022-07-17T19:02:27.709,113
2022-07-17T19:02:28.671,117
2022-07-17T19:02:30.023,116
2022-07-17T19:02:30.784,115
2022-07-17T19:02:32.096,115
2022-07-17T19:02:32.657,114
2022-07-17T19:02:33.818,115
2022-07-17T19:02:34.829,115
2022-07-17T19:02:35.791,114
2022-07-17T19:02:37.103,114
2022-07-17T19:02:38.105,112
2022-07-17T19:02:39.117,112
2022-07-17T19:02:39.628,112
2022-07-17T19:02:40.590,112
2022-07-17T19:02:41.803,111
2022-07-17T19:02:42.965,112
2022-07-17T19:02:44.025,111
2022-07-17T19:02:44.536,111
2022-07-17T19:02:45.587,111
2022-07-17T19:02:46.548,111
2022-07-17T19:02:47.809,111
2022-07-17T19:02:48.561,111
2022-07-17T19:02:49.623,111
2022-07-17T19:02:50.634,111
2022-07-17T19:02:51.434,111
2022-07-17T19:02:53.046,110
2022-07-17T19:02:53.506,110
2022-07-17T19:02:54.684,110
2022-07-17T19:02:55.628,110
2022-07-17T19:02:56.539,111
2022-07-17T19:02:57.502,111
2022-07-17T19:02:58.454,111
2022-07-17T19:03:00.166,111
2022-07-17T19:03:01.117,112
2022-07-17T19:03:01.427,112
2022-07-17T19:03:02.390,111
2022-07-17T19:03:04.005,111
2022-07-17T19:03:04.917,111
2022-07-17T19:03:05.921,112
2022-07-17T19:03:06.834,112
2022-07-17T19:03:07.435,112
2022-07-17T19:03:08.996,112
2022-07-17T19:03:10.007,112
2022-07-17T19:03:12.169,112
2022-07-17T19:03:12.530,112
2022-07-17T19:03:13.541,112
2022-07-17T19:03:15.095,112
2022-07-17T19:03:15.956,112
2022-07-17T19:03:16.516,112
2022-07-17T19:03:18.188,112
2022-07-17T19:03:18.689,112
2022-07-17T19:03:19.601,112
2022-07-17T19:03:20.906,112
2022-07-17T19:03:22.020,112
2022-07-17T19:03:22.781,112
2022-07-17T19:03:24.094,112
2022-07-17T19:03:24.404,112
2022-07-17T19:03:25.966,112
2022-07-17T19:03:26.508,112
2022-07-17T19:03:27.621,112
2022-07-17T19:03:28.532,112
2022-07-17T19:03:30.084,112
2022-07-17T19:03:30.445,112
2022-07-17T19:03:31.846,112
2022-07-17T19:03:32.894,112
2022-07-17T19:03:34.103,113
2022-07-17T19:03:34.614,113
2022-07-17T19:03:35.475,113
2022-07-17T19:03:37.140,113
2022-07-17T19:03:37.602,113
2022-07-17T19:03:38.904,113
2022-07-17T19:03:39.915,113
2022-07-17T19:03:40.626,112
2022-07-17T19:03:41.687,112
2022-07-17T19:03:43.150,112
2022-07-17T19:03:43.661,112
2022-07-17T19:03:45.122,112
2022-07-17T19:03:45.783,112
2022-07-17T19:03:46.444,112
2022-07-17T19:03:47.946,112
2022-07-17T19:03:48.656,112
2022-07-17T19:03:50.118,111
2022-07-17T19:03:50.979,111
2022-07-17T19:03:51.840,113
2022-07-17T19:03:52.802,112
2022-07-17T19:03:53.713,112
2022-07-17T19:03:54.774,112
2022-07-17T19:03:56.136,111
2022-07-17T19:03:57.698,110
2022-07-17T19:03:58.810,109
2022-07-17T19:03:59.722,108
2022-07-17T19:04:00.833,108
2022-07-17T19:04:02.144,107
2022-07-17T19:04:02.655,106
2022-07-17T19:04:03.466,105
2022-07-17T19:04:04.677,104
2022-07-17T19:04:06.089,104
2022-07-17T19:04:06.600,104
2022-07-17T19:04:07.952,103
2022-07-17T19:04:08.963,103
2022-07-17T19:04:10.024,103
2022-07-17T19:04:10.836,104
2022-07-17T19:04:11.596,103
2022-07-17T19:04:12.607,103
2022-07-17T19:04:13.568,102
2022-07-17T19:04:14.580,102
2022-07-17T19:04:16.034,102
2022-07-17T19:04:16.896,102
2022-07-17T19:04:17.757,102
2022-07-17T19:04:18.768,102
2022-07-17T19:04:19.980,102
2022-07-17T19:04:20.992,102
2022-07-17T19:04:21.903,102
2022-07-17T19:04:22.514,102
2022-07-17T19:04:23.456,102
2022-07-17T19:04:24.770,102
2022-07-17T19:04:26.083,102
2022-07-17T19:04:26.894,102
2022-07-17T19:04:27.805,102
2022-07-17T19:04:28.765,103
2022-07-17T19:04:29.476,103
2022-07-17T19:04:30.529,102
2022-07-17T19:04:31.441,102
2022-07-17T19:04:32.604,102
2022-07-17T19:04:33.718,102
2022-07-17T19:04:34.873,101
2022-07-17T19:04:35.835,101
2022-07-17T19:04:36.796,101
2022-07-17T19:04:37.757,102
2022-07-17T19:04:38.467,101
2022-07-17T19:04:40.079,101
2022-07-17T19:04:41.042,101
2022-07-17T19:04:41.593,101
2022-07-17T19:04:42.959,100
2022-07-17T19:04:43.921,100
2022-07-17T19:04:44.632,99
2022-07-17T19:04:46.795,97
2022-07-17T19:04:47.405,94
2022-07-17T19:04:48.817,94
2022-07-17T19:04:50.128,94
2022-07-17T19:04:50.589,94
2022-07-17T19:04:51.955,100
2022-07-17T19:04:53.772,97
2022-07-17T19:04:54.533,93
2022-07-17T19:04:55.995,91
2022-07-17T19:04:56.596,89
2022-07-17T19:04:58.007,88
2022-07-17T19:04:58.969,87
2022-07-17T19:04:59.681,86
2022-07-17T19:05:00.653,86
2022-07-17T19:05:01.903,85
2022-07-17T19:05:02.714,85
2022-07-17T19:05:04.025,85
2022-07-17T19:05:05.197,85
2022-07-17T19:05:05.447,85
2022-07-17T19:05:06.900,87
2022-07-17T19:05:07.561,87
2022-07-17T19:05:08.772,86
2022-07-17T19:05:09.683,86
2022-07-17T19:05:10.494,85
2022-07-17T19:05:12.006,85
2022-07-17T19:05:12.416,84
2022-07-17T19:05:13.779,84
2022-07-17T19:05:15.201,80
2022-07-17T19:05:15.502,80
2022-07-17T19:05:16.754,80
2022-07-17T19:05:17.465,80
2022-07-17T19:05:19.066,81
2022-07-17T19:05:19.978,89
2022-07-17T19:05:22.002,88
2022-07-17T19:05:23.063,87
2022-07-17T19:05:23.914,85
2022-07-17T19:05:24.625,85
2022-07-17T19:05:25.887,85
2022-07-17T19:05:26.799,84
2022-07-17T19:05:27.911,84
2022-07-17T19:05:28.572,87
2022-07-17T19:05:30.025,86
2022-07-17T19:05:30.737,85
2022-07-17T19:05:31.399,83
2022-07-17T19:05:33.111,82
2022-07-17T19:05:33.823,81
2022-07-17T19:05:34.877,80
2022-07-17T19:05:35.990,79
2022-07-17T19:05:36.451,78
2022-07-17T19:05:38.064,79
2022-07-17T19:05:38.775,78
2022-07-17T19:05:40.036,77
2022-07-17T19:05:40.940,76
2022-07-17T19:05:42.041,75
2022-07-17T19:05:43.152,76
2022-07-17T19:05:43.963,75
2022-07-17T19:05:44.724,94.4
2022-07-17T19:05:45.685,73.5
2022-07-17T19:05:47.047,78.6
2022-07-17T19:05:47.708,94.0
2022-07-17T19:05:48.419,88.4
2022-07-17T19:05:49.631,68.4
2022-07-17T19:05:50.994,53.4
2022-07-17T19:05:52.207,113.3
2022-07-17T19:05:52.558,104.8
2022-07-17T19:05:54.124,139.2
2022-07-17T19:05:54.484,92.8
2022-07-17T19:05:55.895,82.5
2022-07-17T19:05:56.447,43.4
2022-07-17T19:05:58.010,62.3
2022-07-17T19:05:58.571,72.3
2022-07-17T19:06:00.192,95.7
2022-07-17T19:06:00.693,61.8
2022-07-17T19:06:02.054,75.1
2022-07-17T19:06:02.915,52.1
2022-07-17T19:06:03.866,60.3
