Time,Longitude,Latitude,ortho_fit
2022-07-17T18:45:00.477,-115.191243,36.204286,2146.00100642382
2022-07-17T18:45:01.492,-115.1912,36.204264,2151.68627281812
2022-07-17T18:45:02.414,-115.191178,36.204243,2155.65544211384
2022-07-17T18:45:03.484,-115.191135,36.204264,2159.20207007082
2022-07-17T18:45:05.141,-115.191071,36.204307,2162.9125623159
2022-07-17T18:45:06.102,-115.191114,36.204329,2164.34748253101
2022-07-17T18:45:08.813,-115.191114,36.204371,2166.69962809549
2022-07-17T18:45:11.836,-115.191135,36.20435,2167.76586844889
2022-07-17T18:45:12.906,-115.191114,36.204371,2167.88145943098
2022-07-17T18:45:13.914,-115.191135,36.20435,2167.92114155281
2022-07-17T18:45:14.977,-115.191114,36.204371,2167.89780771735
2022-07-17T18:45:17.156,-115.191135,36.20435,2167.61533575048
2022-07-17T18:45:18.141,-115.191114,36.204371,2167.41549286661
2022-07-17T18:45:19.836,-115.191135,36.20435,2167.10183030652
2022-07-17T18:45:22.406,-115.191114,36.204371,2167
2022-07-17T18:45:23.414,-115.191135,36.20435,2167
2022-07-17T18:45:25.375,-115.191114,36.204371,2167
2022-07-17T18:45:26.375,-115.191135,36.20435,2167
2022-07-17T18:45:28.414,-115.191114,36.204371,2167
2022-07-17T18:45:29.516,-115.191135,36.20435,2167
2022-07-17T18:45:30.461,-115.191114,36.204371,2167
2022-07-17T18:45:31.555,-115.191135,36.20435,2167
2022-07-17T18:45:34.094,-115.191114,36.204371,2167
2022-07-17T18:45:35.172,-115.191135,36.20435,2167
2022-07-17T18:45:36.109,-115.191114,36.204371,2167
2022-07-17T18:45:38.711,-115.191135,36.20435,2167
2022-07-17T18:45:40.391,-115.191114,36.204371,2167
2022-07-17T18:45:42.375,-115.191135,36.20435,2167
2022-07-17T18:45:43.203,-115.191114,36.204371,2167
2022-07-17T18:45:44.250,-115.191135,36.20435,2167
2022-07-17T18:45:45.227,-115.191114,36.204371,2167
2022-07-17T18:45:46.313,-115.191135,36.20435,2167
2022-07-17T18:45:48.570,-115.191114,36.204371,2167
2022-07-17T18:45:49.555,-115.191135,36.20435,2167
2022-07-17T18:45:50.453,-115.191114,36.204371,2167
2022-07-17T18:45:53.492,-115.191135,36.20435,2167
2022-07-17T18:45:55.266,-115.191114,36.204371,2167
2022-07-17T18:45:57.047,-115.191135,36.20435,2167
2022-07-17T18:45:58.461,-115.191114,36.204371,2167
2022-07-17T18:45:59.383,-115.191135,36.20435,2167
2022-07-17T18:46:00.430,-115.191114,36.204371,2167
2022-07-17T18:46:01.445,-115.191135,36.20435,2167
2022-07-17T18:46:03.703,-115.191114,36.204371,2167
2022-07-17T18:46:05.875,-115.191135,36.20435,2167
2022-07-17T18:46:11.375,-115.191114,36.204371,2167
2022-07-17T18:46:13.516,-115.191135,36.20435,2167
2022-07-17T18:46:15.695,-115.191114,36.204371,2167
2022-07-17T18:46:16.695,-115.191135,36.20435,2167
2022-07-17T18:46:17.594,-115.191114,36.204371,2167
2022-07-17T18:46:18.664,-115.191135,36.20435,2167
2022-07-17T18:46:19.672,-115.191114,36.204371,2167
2022-07-17T18:46:20.625,-115.191135,36.20435,2167
2022-07-17T18:46:23.742,-115.191114,36.204371,2167
2022-07-17T18:46:28.695,-115.191135,36.20435,2167
2022-07-17T18:46:30.977,-115.191114,36.204371,2167
2022-07-17T18:46:31.813,-115.191135,36.20435,2167
2022-07-17T18:46:32.813,-115.191114,36.204371,2167
2022-07-17T18:46:33.961,-115.191135,36.20435,2167
2022-07-17T18:46:36.023,-115.191114,36.204371,2167
2022-07-17T18:46:39.516,-115.191135,36.20435,2167
2022-07-17T18:46:40.492,-115.191114,36.204371,2167
2022-07-17T18:46:45.492,-115.191135,36.20435,2167
2022-07-17T18:46:47.336,-115.191114,36.204371,2167
2022-07-17T18:46:48.305,-115.191135,36.20435,2167
2022-07-17T18:46:49.344,-115.191114,36.204371,2167
2022-07-17T18:46:53.477,-115.191135,36.20435,2167
2022-07-17T18:46:56.164,-115.191114,36.204371,2167
2022-07-17T18:46:57.195,-115.191135,36.20435,2167
2022-07-17T18:46:58.836,-115.191114,36.204371,2167
2022-07-17T18:46:59.867,-115.191135,36.20435,2167
2022-07-17T18:47:02.984,-115.191114,36.204371,2167
2022-07-17T18:47:08.211,-115.191135,36.20435,2167
2022-07-17T18:47:09.234,-115.191114,36.204371,2167
2022-07-17T18:47:10.375,-115.191135,36.20435,2167
2022-07-17T18:47:24.977,-115.191114,36.204371,2167
2022-07-17T18:47:25.883,-115.191135,36.204393,2167
2022-07-17T18:47:26.914,-115.191114,36.204371,2167
2022-07-17T18:47:29.594,-115.191135,36.20435,2167
2022-07-17T18:47:30.625,-115.191135,36.204393,2167
2022-07-17T18:47:31.617,-115.191114,36.204371,2167
2022-07-17T18:47:32.688,-115.191135,36.204393,2167
2022-07-17T18:47:33.711,-115.191114,36.204371,2167
2022-07-17T18:47:34.625,-115.191135,36.204393,2167
2022-07-17T18:47:35.695,-115.191114,36.204371,2167
2022-07-17T18:47:37.828,-115.191135,36.204393,2167
2022-07-17T18:47:38.813,-115.191114,36.204371,2167
2022-07-17T18:47:39.867,-115.191135,36.204393,2167
2022-07-17T18:47:41.773,-115.191114,36.204371,2167
2022-07-17T18:47:43.852,-115.191135,36.204393,2167
2022-07-17T18:47:45.797,-115.191114,36.204371,2167
2022-07-17T18:47:46.781,-115.191135,36.204393,2167
2022-07-17T18:47:47.711,-115.191114,36.204371,2167
2022-07-17T18:47:48.703,-115.191135,36.204393,2167
2022-07-17T18:47:50.203,-115.191114,36.204371,2167
2022-07-17T18:47:51.156,-115.191135,36.204393,2167
2022-07-17T18:47:55.734,-115.191114,36.204371,2167
2022-07-17T18:47:56.672,-115.191135,36.204393,2167
2022-07-17T18:47:58.961,-115.191114,36.204371,2167
2022-07-17T18:47:59.938,-115.191135,36.204393,2167
2022-07-17T18:48:02.047,-115.191114,36.204371,2167
2022-07-17T18:48:07.195,-115.191135,36.204393,2167
2022-07-17T18:48:09.344,-115.191114,36.204371,2167
2022-07-17T18:48:10.227,-115.191135,36.204393,2167
2022-07-17T18:48:12.094,-115.191114,36.204371,2167
2022-07-17T18:48:13.969,-115.191135,36.204393,2167
2022-07-17T18:48:16.023,-115.191114,36.204371,2167
2022-07-17T18:48:17.883,-115.191135,36.204393,2167
2022-07-17T18:48:19.781,-115.191114,36.204371,2167
2022-07-17T18:48:20.688,-115.191135,36.204393,2167
2022-07-17T18:48:21.797,-115.191114,36.204371,2167
2022-07-17T18:48:22.742,-115.191135,36.204393,2167
2022-07-17T18:48:23.797,-115.191114,36.204371,2167
2022-07-17T18:48:24.805,-115.191135,36.204393,2167
2022-07-17T18:48:25.719,-115.191114,36.204371,2167
2022-07-17T18:48:26.656,-115.191135,36.204393,2167
2022-07-17T18:48:29.367,-115.191114,36.204371,2167
2022-07-17T18:48:30.313,-115.191135,36.204393,2167
2022-07-17T18:48:31.773,-115.191114,36.204371,2167
2022-07-17T18:48:32.727,-115.191135,36.20435,2167
2022-07-17T18:48:33.805,-115.191114,36.204371,2167
2022-07-17T18:48:34.758,-115.191135,36.20435,2167
2022-07-17T18:48:35.703,-115.191114,36.204371,2167
2022-07-17T18:48:36.703,-115.191135,36.20435,2167
2022-07-17T18:48:37.766,-115.191114,36.204371,2167
2022-07-17T18:48:38.672,-115.191135,36.20435,2167
2022-07-17T18:48:39.727,-115.191114,36.204371,2167
2022-07-17T18:48:40.758,-115.191135,36.20435,2167
2022-07-17T18:48:41.805,-115.191114,36.204371,2167
2022-07-17T18:48:42.648,-115.191135,36.20435,2167
2022-07-17T18:48:49.797,-115.191114,36.204371,2167
2022-07-17T18:48:50.781,-115.191135,36.20435,2167
2022-07-17T18:48:52.203,-115.191114,36.204371,2167
2022-07-17T18:48:54.688,-115.191135,36.20435,2167
2022-07-17T18:48:55.742,-115.191114,36.204371,2167
2022-07-17T18:48:56.672,-115.191135,36.20435,2167
2022-07-17T18:48:59.766,-115.191114,36.204371,2167
2022-07-17T18:49:00.797,-115.191135,36.20435,2167
2022-07-17T18:49:01.766,-115.191114,36.204371,2167
2022-07-17T18:49:04.281,-115.191135,36.20435,2167
2022-07-17T18:49:05.352,-115.191114,36.204371,2167
2022-07-17T18:49:07.508,-115.191135,36.20435,2167
2022-07-17T18:49:14.977,-115.191114,36.204371,2167
2022-07-17T18:49:15.984,-115.191135,36.20435,2167
2022-07-17T18:49:16.875,-115.191114,36.204371,2167
2022-07-17T18:49:17.453,-115.191135,36.20435,2167
2022-07-17T18:49:18.984,-115.191114,36.204371,2167
2022-07-17T18:49:19.484,-115.191135,36.20435,2167
2022-07-17T18:49:20.523,-115.191114,36.204371,2167
2022-07-17T18:49:23.438,-115.191135,36.20435,2167
2022-07-17T18:49:24.422,-115.191114,36.204371,2167
2022-07-17T18:49:25.414,-115.191135,36.20435,2167
2022-07-17T18:49:26.883,-115.191114,36.204371,2167
2022-07-17T18:49:27.875,-115.191135,36.20435,2167
2022-07-17T18:49:28.852,-115.191114,36.204371,2167
2022-07-17T18:49:29.969,-115.191135,36.20435,2167
2022-07-17T18:49:30.906,-115.191114,36.204371,2167
2022-07-17T18:49:31.898,-115.191135,36.20435,2167
2022-07-17T18:49:32.844,-115.191114,36.204371,2167
2022-07-17T18:49:33.875,-115.191135,36.20435,2167
2022-07-17T18:49:35.789,-115.191114,36.204371,2167
2022-07-17T18:49:37.906,-115.191135,36.204393,2167
2022-07-17T18:49:38.844,-115.191114,36.204371,2167
2022-07-17T18:49:40.297,-115.191135,36.204393,2167
2022-07-17T18:49:43.375,-115.191114,36.204371,2167
2022-07-17T18:49:45.922,-115.191135,36.204393,2167
2022-07-17T18:49:46.453,-115.191114,36.204371,2167
2022-07-17T18:49:47.953,-115.191135,36.204393,2167
2022-07-17T18:49:50.133,-115.191114,36.204371,2167
2022-07-17T18:49:51.188,-115.191135,36.204393,2167
2022-07-17T18:49:54.422,-115.191114,36.204371,2167
2022-07-17T18:49:57.039,-115.191135,36.204393,2167
2022-07-17T18:49:59.375,-115.191114,36.204371,2167
2022-07-17T18:50:00.383,-115.191135,36.204393,2167
2022-07-17T18:50:01.258,-115.191114,36.204371,2167
2022-07-17T18:50:04.297,-115.191135,36.204393,2167
2022-07-17T18:50:06.055,-115.191114,36.204371,2167
2022-07-17T18:50:07.063,-115.191135,36.204393,2167
2022-07-17T18:50:08.547,-115.191114,36.204371,2167
2022-07-17T18:50:09.609,-115.191135,36.204393,2167
2022-07-17T18:50:10.906,-115.191114,36.204371,2167
2022-07-17T18:50:11.953,-115.191135,36.204393,2167
2022-07-17T18:50:12.984,-115.191114,36.204371,2167
2022-07-17T18:50:15.055,-115.191135,36.204393,2167
2022-07-17T18:50:17.398,-115.191114,36.204371,2167
2022-07-17T18:50:19.445,-115.191135,36.204393,2167
2022-07-17T18:50:21.273,-115.191114,36.204371,2167
2022-07-17T18:50:22.266,-115.191135,36.204393,2167
2022-07-17T18:50:24.477,-115.191114,36.204371,2167
2022-07-17T18:50:25.430,-115.191135,36.204393,2167
2022-07-17T18:50:28.195,-115.191114,36.204371,2167
2022-07-17T18:50:29.195,-115.191135,36.204393,2167
2022-07-17T18:50:30.164,-115.191114,36.204371,2167
2022-07-17T18:50:31.063,-115.191135,36.204393,2167
2022-07-17T18:50:32.086,-115.191114,36.204371,2167
2022-07-17T18:50:35.484,-115.191135,36.204393,2167
2022-07-17T18:50:36.484,-115.191114,36.204371,2167
2022-07-17T18:50:37.508,-115.191135,36.204393,2167
2022-07-17T18:50:38.477,-115.191114,36.204371,2167
2022-07-17T18:50:40.719,-115.191135,36.204393,2167
2022-07-17T18:50:42.188,-115.191114,36.204371,2167
2022-07-17T18:50:43.219,-115.191135,36.204393,2167
2022-07-17T18:50:45.258,-115.191114,36.204371,2167
2022-07-17T18:50:47.219,-115.191135,36.204393,2167
2022-07-17T18:50:51.297,-115.191114,36.204371,2167
2022-07-17T18:50:52.305,-115.191135,36.204393,2167
2022-07-17T18:50:53.313,-115.191114,36.204371,2167
2022-07-17T18:50:54.367,-115.191135,36.204393,2167
2022-07-17T18:50:55.359,-115.191114,36.204371,2167
2022-07-17T18:50:56.750,-115.191135,36.204393,2167
2022-07-17T18:50:58.883,-115.191114,36.204371,2167
2022-07-17T18:51:01.898,-115.191135,36.204393,2167
2022-07-17T18:51:02.828,-115.191114,36.204371,2167
2022-07-17T18:51:03.859,-115.191135,36.204393,2167
2022-07-17T18:51:04.836,-115.191114,36.204371,2167
2022-07-17T18:51:05.836,-115.191135,36.204393,2167
2022-07-17T18:51:23.555,-115.1912,36.204479,2167
2022-07-17T18:51:24.547,-115.191178,36.204457,2167
2022-07-17T18:51:25.594,-115.1912,36.204479,2167
2022-07-17T18:51:26.727,-115.1912,36.204522,2167
2022-07-17T18:51:27.836,-115.191243,36.204522,2167
2022-07-17T18:51:28.836,-115.191243,36.204565,2167
2022-07-17T18:51:31.703,-115.191243,36.204607,2167
2022-07-17T18:51:32.688,-115.1912,36.204629,2167
2022-07-17T18:51:33.820,-115.191178,36.20465,2167
2022-07-17T18:51:37.539,-115.1912,36.204672,2167
2022-07-17T18:51:38.477,-115.191114,36.20465,2167
2022-07-17T18:51:39.570,-115.191135,36.204672,2167
2022-07-17T18:51:40.586,-115.191114,36.204693,2167
2022-07-17T18:51:42.727,-115.191135,36.204715,2167
2022-07-17T18:51:48.195,-115.191114,36.204693,2167
2022-07-17T18:51:50.320,-115.191135,36.204715,2167
2022-07-17T18:51:51.297,-115.191114,36.204693,2167
2022-07-17T18:51:52.336,-115.191135,36.204715,2167
2022-07-17T18:51:53.305,-115.191114,36.204693,2167
2022-07-17T18:51:54.797,-115.191135,36.204715,2167
2022-07-17T18:51:55.719,-115.191114,36.204693,2167
2022-07-17T18:51:56.719,-115.191135,36.204715,2167
2022-07-17T18:51:58.117,-115.191114,36.204693,2167
2022-07-17T18:51:59.188,-115.191135,36.204715,2167
2022-07-17T18:52:00.219,-115.191114,36.204693,2167
2022-07-17T18:52:01.148,-115.191135,36.204715,2167
2022-07-17T18:52:02.117,-115.191114,36.204693,2167
2022-07-17T18:52:03.148,-115.191071,36.204715,2167
2022-07-17T18:52:05.266,-115.191071,36.204736,2167
2022-07-17T18:52:06.758,-115.191071,36.204758,2167
2022-07-17T18:52:07.695,-115.191007,36.204801,2167
2022-07-17T18:52:09.867,-115.190964,36.204844,2167
2022-07-17T18:52:10.836,-115.190942,36.204886,2167
2022-07-17T18:52:11.805,-115.190899,36.204886,2167
2022-07-17T18:52:14.109,-115.190835,36.204972,2167
2022-07-17T18:52:15.180,-115.190792,36.204994,2167
2022-07-17T18:52:16.164,-115.190771,36.205015,2167
2022-07-17T18:52:17.117,-115.190728,36.20508,2167
2022-07-17T18:52:18.031,-115.190706,36.205122,2167
2022-07-17T18:52:19.203,-115.190728,36.205165,2167
2022-07-17T18:52:20.117,-115.190771,36.205208,2167
2022-07-17T18:52:21.211,-115.190792,36.205251,2167
2022-07-17T18:52:22.234,-115.190856,36.205316,2167
2022-07-17T18:52:23.344,-115.190899,36.205359,2167
2022-07-17T18:52:24.406,-115.190964,36.205401,2167
2022-07-17T18:52:25.477,-115.191028,36.205444,2167
2022-07-17T18:52:26.516,-115.191071,36.205487,2167
2022-07-17T18:52:27.461,-115.191135,36.20553,2167
2022-07-17T18:52:28.414,-115.191135,36.205573,2166.99438912229
2022-07-17T18:52:29.477,-115.191243,36.205637,2166.93876837796
2022-07-17T18:52:30.445,-115.191307,36.205723,2166.79942059829
2022-07-17T18:52:31.359,-115.191414,36.205766,2166.58059455762
2022-07-17T18:52:32.320,-115.191479,36.205852,2166.28107740588
2022-07-17T18:52:33.305,-115.19165,36.205959,2165.91411670997
2022-07-17T18:52:34.320,-115.191758,36.206045,2165.5108537475
2022-07-17T18:52:35.305,-115.191951,36.206195,2165.16491425753
2022-07-17T18:52:36.344,-115.192058,36.206324,2164.87402662594
2022-07-17T18:52:37.289,-115.19223,36.206431,2164.7094185764
2022-07-17T18:52:38.250,-115.192444,36.206582,2164.69568034419
2022-07-17T18:52:39.359,-115.192637,36.206753,2164.93825364896
2022-07-17T18:52:40.344,-115.192852,36.206903,2165.49458929881
2022-07-17T18:52:41.305,-115.193045,36.207075,2166.4072997032
2022-07-17T18:52:42.266,-115.193303,36.207268,2167.73594598589
2022-07-17T18:52:43.188,-115.193474,36.207418,2169.42491113991
2022-07-17T18:52:44.195,-115.193689,36.207633,2171.75323466762
2022-07-17T18:52:45.156,-115.193946,36.207826,2174.48023048922
2022-07-17T18:52:46.086,-115.194161,36.207998,2177.63919142925
2022-07-17T18:52:47.078,-115.194461,36.208234,2181.66975827662
2022-07-17T18:52:47.945,-115.194633,36.208384,2185.78782431969
2022-07-17T18:52:48.859,-115.194869,36.208556,2190.74858788143
2022-07-17T18:52:49.727,-115.195105,36.208749,2196.03844425362
2022-07-17T18:52:50.695,-115.19532,36.208963,2202.5420202233
2022-07-17T18:52:51.867,-115.195663,36.209199,2211.14323708295
2022-07-17T18:52:52.805,-115.195835,36.209328,2218.51238806663
2022-07-17T18:52:53.625,-115.196092,36.209543,2225.29694503139
2022-07-17T18:52:54.594,-115.196328,36.209736,2233.7324060433
2022-07-17T18:52:55.578,-115.196564,36.209929,2242.75830713979
2022-07-17T18:52:56.617,-115.196843,36.210144,2252.73680522322
2022-07-17T18:52:57.586,-115.197079,36.210294,2262.38451200868
2022-07-17T18:52:58.148,-115.197251,36.210423,2268.10961993298
2022-07-17T18:52:59.734,-115.19768,36.210744,2284.58504692776
2022-07-17T18:53:00.219,-115.19783,36.210895,2289.62877844908
2022-07-17T18:53:01.266,-115.198088,36.211131,2300.41662931458
2022-07-17T18:53:03.055,-115.198517,36.211495,2318.31742991098
2022-07-17T18:53:04.164,-115.198731,36.211689,2328.93280607814
2022-07-17T18:53:05.188,-115.198967,36.211903,2338.37735705126
2022-07-17T18:53:05.758,-115.199139,36.212053,2343.48684132877
2022-07-17T18:53:07.188,-115.199482,36.212354,2355.8217135533
2022-07-17T18:53:08.117,-115.199718,36.212568,2363.40655499817
2022-07-17T18:53:08.680,-115.199826,36.212676,2367.82780272101
2022-07-17T18:53:09.711,-115.200126,36.21289,2375.60740098075
2022-07-17T18:53:10.758,-115.200341,36.213126,2383.1369686967
2022-07-17T18:53:12.336,-115.200748,36.213491,2393.8301814879
2022-07-17T18:53:13.414,-115.200942,36.213727,2400.70004724311
2022-07-17T18:53:14.516,-115.201285,36.213963,2407.41044918327
2022-07-17T18:53:15.547,-115.201499,36.214242,2413.52237142154
2022-07-17T18:53:16.688,-115.201843,36.214499,2420.2676540891
2022-07-17T18:53:17.570,-115.202014,36.214693,2425.52719477927
2022-07-17T18:53:18.516,-115.202293,36.21495,2431.19408107673
2022-07-17T18:53:19.453,-115.202529,36.215143,2436.8009500643
2022-07-17T18:53:20.414,-115.202701,36.215379,2442.55300195626
2022-07-17T18:53:21.484,-115.20298,36.215658,2448.93301717054
2022-07-17T18:53:22.391,-115.203216,36.215873,2454.31186035464
2022-07-17T18:53:23.438,-115.203495,36.216152,2460.522315664
2022-07-17T18:53:24.477,-115.203753,36.216388,2466.67102902511
2022-07-17T18:53:25.555,-115.20401,36.216667,2473.0694931416
2022-07-17T18:53:26.578,-115.204225,36.216903,2479.24121285829
2022-07-17T18:53:27.609,-115.204461,36.217117,2485.70375865255
2022-07-17T18:53:28.617,-115.204675,36.217418,2492.39797746425
2022-07-17T18:53:29.586,-115.204933,36.217611,2499.25278830315
2022-07-17T18:53:30.602,-115.205212,36.217868,2506.91163858416
2022-07-17T18:53:31.578,-115.205448,36.218126,2514.7303723243
2022-07-17T18:53:32.516,-115.205727,36.218383,2522.69822435763
2022-07-17T18:53:33.375,-115.205963,36.218576,2530.39880766749
2022-07-17T18:53:34.398,-115.206242,36.21877,2540.04692876875
2022-07-17T18:53:35.867,-115.206692,36.219177,2554.76619205313
2022-07-17T18:53:36.898,-115.206971,36.219413,2565.66362007943
2022-07-17T18:53:38.000,-115.207272,36.219628,2577.76442286844
2022-07-17T18:53:38.961,-115.207593,36.219821,2588.57818709238
2022-07-17T18:53:39.945,-115.207958,36.219993,2599.81804204805
2022-07-17T18:53:40.875,-115.208302,36.220207,2610.53973567546
2022-07-17T18:53:41.867,-115.208645,36.220357,2622.03502567949
2022-07-17T18:53:42.859,-115.209074,36.220529,2633.51773549367
2022-07-17T18:53:43.688,-115.209353,36.220658,2643.04172423892
2022-07-17T18:53:44.578,-115.209653,36.220765,2653.12375517071
2022-07-17T18:53:45.688,-115.210125,36.220894,2665.40674298376
2022-07-17T18:53:46.828,-115.210576,36.221044,2677.6174524959
2022-07-17T18:53:47.828,-115.211048,36.221108,2688.02515322938
2022-07-17T18:53:48.789,-115.211391,36.221151,2697.81347348219
2022-07-17T18:53:49.930,-115.211906,36.221237,2709.22992853129
2022-07-17T18:53:51.000,-115.212336,36.22128,2719.82243996989
2022-07-17T18:53:51.906,-115.212765,36.221323,2728.7774244448
2022-07-17T18:53:52.906,-115.213215,36.221409,2738.72224170626
2022-07-17T18:53:54.047,-115.213687,36.221452,2750.20692091143
2022-07-17T18:53:55.070,-115.214138,36.221516,2760.65798109816
2022-07-17T18:53:56.016,-115.214481,36.221602,2770.51228568485
2022-07-17T18:53:56.570,-115.214739,36.221645,2776.39485651618
2022-07-17T18:53:57.500,-115.215104,36.221688,2786.49319401035
2022-07-17T18:53:58.930,-115.215726,36.221731,2802.59421020308
2022-07-17T18:53:59.805,-115.216069,36.221838,2812.76592396755
2022-07-17T18:54:00.891,-115.216606,36.221881,2825.62559035004
2022-07-17T18:54:02.016,-115.216992,36.221924,2839.09589497775
2022-07-17T18:54:03.398,-115.217528,36.22201,2855.72269586626
2022-07-17T18:54:04.461,-115.218065,36.222117,2868.47959417458
2022-07-17T18:54:05.477,-115.218494,36.222203,2880.60153562169
2022-07-17T18:54:06.570,-115.21888,36.222246,2893.5344107393
2022-07-17T18:54:07.570,-115.219288,36.222332,2905.22839128987
2022-07-17T18:54:08.461,-115.219696,36.222396,2915.52414198909
2022-07-17T18:54:09.570,-115.220146,36.222482,2928.15153353095
2022-07-17T18:54:10.531,-115.220511,36.222525,2938.87490415271
2022-07-17T18:54:11.586,-115.22094,36.22261,2950.37008510916
2022-07-17T18:54:12.719,-115.221455,36.222653,2962.36166431477
2022-07-17T18:54:13.672,-115.221927,36.222718,2972.17283994019
2022-07-17T18:54:15.047,-115.222485,36.222847,2985.91399549449
2022-07-17T18:54:16.125,-115.222914,36.222911,2996.38386624127
2022-07-17T18:54:17.148,-115.223343,36.222932,3006.14864625687
2022-07-17T18:54:18.078,-115.223794,36.222997,3014.89370339805
2022-07-17T18:54:19.008,-115.224137,36.22304,3023.5133055237
2022-07-17T18:54:20.055,-115.224609,36.223125,3033.04964398535
2022-07-17T18:54:20.984,-115.224953,36.22319,3041.35034168579
2022-07-17T18:54:21.898,-115.225403,36.223254,3049.35147404347
2022-07-17T18:54:22.945,-115.225768,36.223319,3058.29318265377
2022-07-17T18:54:23.930,-115.226219,36.223383,3066.46381571919
2022-07-17T18:54:24.836,-115.226648,36.223469,3073.75614528415
2022-07-17T18:54:25.898,-115.227077,36.223533,3082.03936967935
2022-07-17T18:54:26.805,-115.22742,36.223576,3088.93645682034
2022-07-17T18:54:28.000,-115.227935,36.223705,3097.84833212983
2022-07-17T18:54:29.031,-115.22845,36.223791,3105.39440150939
2022-07-17T18:54:29.898,-115.228794,36.223898,3111.61846880856
2022-07-17T18:54:30.938,-115.229158,36.223962,3118.87591422616
2022-07-17T18:54:32.125,-115.229695,36.22407,3126.84845616625
2022-07-17T18:54:32.945,-115.230038,36.224113,3132.16423686235
2022-07-17T18:54:33.922,-115.230446,36.22422,3138.30680985851
2022-07-17T18:54:34.828,-115.230854,36.224241,3143.81975036197
2022-07-17T18:54:35.781,-115.231218,36.224349,3149.44312939435
2022-07-17T18:54:36.797,-115.231647,36.224391,3155.26692601892
2022-07-17T18:54:38.250,-115.232334,36.224477,3163.32341378565
2022-07-17T18:54:39.180,-115.232742,36.224542,3168.3530662928
2022-07-17T18:54:40.320,-115.233257,36.224542,3174.47791986999
2022-07-17T18:54:41.422,-115.233665,36.22452,3180.46214207696
2022-07-17T18:54:42.531,-115.234244,36.224585,3186.65851831923
2022-07-17T18:54:43.398,-115.234609,36.224585,3191.6822242823
2022-07-17T18:54:44.336,-115.235081,36.224627,3197.27884665027
2022-07-17T18:54:45.461,-115.235596,36.224627,3204.15070761858
2022-07-17T18:54:46.430,-115.236003,36.22467,3210.16504813002
2022-07-17T18:54:47.406,-115.236411,36.224713,3216.30264718355
2022-07-17T18:54:48.516,-115.236948,36.224756,3223.39332298727
2022-07-17T18:54:49.406,-115.237291,36.224821,3229.20829305627
2022-07-17T18:54:50.391,-115.23772,36.224864,3235.83064214831
2022-07-17T18:54:51.250,-115.238171,36.224906,3241.77746574641
2022-07-17T18:54:52.086,-115.238514,36.224949,3247.72576596674
2022-07-17T18:54:53.039,-115.238922,36.224992,3254.71090221031
2022-07-17T18:54:54.078,-115.239394,36.225035,3262.59276886792
2022-07-17T18:54:55.906,-115.240166,36.225164,3277.0767669573
2022-07-17T18:54:56.938,-115.240552,36.225228,3285.43588336709
2022-07-17T18:54:57.930,-115.241024,36.225314,3293.51154115665
2022-07-17T18:54:58.813,-115.241368,36.225357,3300.70626380666
2022-07-17T18:54:59.836,-115.241883,36.225443,3309.04438787905
2022-07-17T18:55:00.859,-115.242248,36.225507,3317.34506531731
2022-07-17T18:55:01.898,-115.242698,36.225593,3325.667203399
2022-07-17T18:55:02.867,-115.243127,36.225657,3333.22354975665
2022-07-17T18:55:03.695,-115.243492,36.2257,3339.47508480687
2022-07-17T18:55:04.828,-115.243943,36.225829,3347.67229462725
2022-07-17T18:55:05.719,-115.244243,36.225872,3353.80524555815
2022-07-17T18:55:06.586,-115.244586,36.225979,3359.48857948196
2022-07-17T18:55:07.563,-115.245037,36.226087,3365.52235687554
2022-07-17T18:55:08.492,-115.245466,36.226151,3370.84811934192
2022-07-17T18:55:09.336,-115.245767,36.226258,3375.28984477546
2022-07-17T18:55:10.992,-115.246475,36.226387,3382.77655653538
2022-07-17T18:55:12.109,-115.246925,36.226537,3386.81333776808
2022-07-17T18:55:13.266,-115.247462,36.226666,3390.0716543077
2022-07-17T18:55:14.219,-115.247741,36.226709,3392.06598141005
2022-07-17T18:55:15.297,-115.248277,36.226859,3393.60121014885
2022-07-17T18:55:16.328,-115.248706,36.226966,3394.34676699955
2022-07-17T18:55:17.500,-115.249221,36.227095,3394.39949485103
2022-07-17T18:55:18.688,-115.249779,36.227181,3393.78548064357
2022-07-17T18:55:19.750,-115.250208,36.227267,3393.15281223922
2022-07-17T18:55:20.828,-115.250723,36.227374,3394.22041711549
2022-07-17T18:55:21.828,-115.251153,36.22746,3395.98202604751
2022-07-17T18:55:22.789,-115.251496,36.227546,3397.39333357328
2022-07-17T18:55:23.641,-115.251968,36.227653,3398.85222279307
2022-07-17T18:55:38.688,-115.258255,36.229241,3450.43434784508
2022-07-17T18:55:39.797,-115.258684,36.22937,3453.83115529397
2022-07-17T18:55:40.781,-115.259113,36.229434,3457.2216984602
2022-07-17T18:55:41.820,-115.259564,36.229563,3460.48300509242
2022-07-17T18:55:42.797,-115.259972,36.22967,3462.9439654309
2022-07-17T18:55:43.813,-115.260379,36.229734,3465.69676646023
2022-07-17T18:55:44.836,-115.260894,36.229885,3468.78311392029
2022-07-17T18:55:45.781,-115.261259,36.22997,3471.86616492282
2022-07-17T18:55:46.977,-115.26171,36.230078,3475.98408352523
2022-07-17T18:55:47.898,-115.262139,36.230206,3479.26796393256
2022-07-17T18:55:48.883,-115.262589,36.230314,3482.88623167646
2022-07-17T18:55:49.758,-115.262954,36.2304,3486.20064904307
2022-07-17T18:55:50.883,-115.263469,36.230528,3490.61586877605
2022-07-17T18:55:51.820,-115.263813,36.230636,3494.45420844505
2022-07-17T18:55:52.852,-115.264285,36.230764,3498.84669757436
2022-07-17T18:55:53.789,-115.264649,36.230872,3502.97491300561
2022-07-17T18:55:54.758,-115.265057,36.230979,3507.37792056003
2022-07-17T18:55:55.742,-115.265465,36.231086,3511.98801892884
2022-07-17T18:55:56.648,-115.265872,36.231215,3516.35179134336
2022-07-17T18:55:57.633,-115.266345,36.231322,3521.20648446454
2022-07-17T18:55:58.672,-115.266731,36.231451,3526.38882456072
2022-07-17T18:55:59.688,-115.26716,36.231558,3531.39703217388
2022-07-17T18:56:00.578,-115.267439,36.231644,3535.67978668361
2022-07-17T18:56:01.547,-115.267932,36.231816,3540.1995886001
2022-07-17T18:56:02.547,-115.268319,36.231923,3544.71926151463
2022-07-17T18:56:04.008,-115.268898,36.232095,3551.09411868939
2022-07-17T18:56:04.922,-115.269306,36.232202,3554.95812829175
2022-07-17T18:56:05.891,-115.269692,36.232352,3558.97538002535
2022-07-17T18:56:07.008,-115.270143,36.232481,3563.54698250937
2022-07-17T18:56:07.930,-115.270507,36.232631,3567.27953777955
2022-07-17T18:56:09.063,-115.271022,36.232781,3571.80161220762
2022-07-17T18:56:10.086,-115.271409,36.23291,3575.81212927896
2022-07-17T18:56:11.023,-115.271773,36.23306,3579.40789648418
2022-07-17T18:56:12.117,-115.272245,36.233189,3583.46921516792
2022-07-17T18:56:13.047,-115.272675,36.233318,3586.84128802443
2022-07-17T18:56:14.148,-115.273061,36.233425,3590.84156993185
2022-07-17T18:56:15.023,-115.273404,36.233554,3594.11863881147
2022-07-17T18:56:16.039,-115.273876,36.233704,3598.14268568752
2022-07-17T18:56:16.977,-115.27422,36.23379,3602.18135112568
2022-07-17T18:56:17.961,-115.274627,36.233919,3606.80750279543
2022-07-17T18:56:19.023,-115.275035,36.234069,3612.24725444218
2022-07-17T18:56:19.891,-115.275421,36.234198,3617.02979248404
2022-07-17T18:56:20.898,-115.27585,36.234348,3623.03670946685
2022-07-17T18:56:21.750,-115.276151,36.234455,3628.60647050646
2022-07-17T18:56:22.719,-115.276558,36.234605,3635.58123492376
2022-07-17T18:56:23.727,-115.276966,36.234777,3643.6389942658
2022-07-17T18:56:24.859,-115.277503,36.234906,3653.64130916481
2022-07-17T18:56:26.031,-115.278018,36.235099,3664.91855553087
2022-07-17T18:56:27.023,-115.278318,36.235185,3675.11326433672
2022-07-17T18:56:28.008,-115.278747,36.235335,3685.75592104575
2022-07-17T18:56:29.039,-115.279262,36.235528,3697.34611136195
2022-07-17T18:56:30.227,-115.279777,36.235657,3711.08274635105
2022-07-17T18:56:31.320,-115.280185,36.235807,3723.80064586812
2022-07-17T18:56:32.859,-115.280828,36.236022,3741.54020564952
2022-07-17T18:56:34.039,-115.281343,36.236215,3754.92649546369
2022-07-17T18:56:34.930,-115.281644,36.236365,3764.80540120016
2022-07-17T18:56:35.930,-115.282052,36.236472,3775.52318875867
2022-07-17T18:56:36.992,-115.282459,36.236644,3786.32309992445
2022-07-17T18:56:38.078,-115.282931,36.236858,3796.60350550539
2022-07-17T18:56:38.992,-115.283232,36.237009,3804.63745621563
2022-07-17T18:56:40.047,-115.283682,36.237202,3813.2198788544
2022-07-17T18:56:41.063,-115.284111,36.237352,3820.81852247605
2022-07-17T18:56:41.992,-115.284455,36.237481,3827.20960893924
2022-07-17T18:56:42.867,-115.284798,36.237652,3832.77181827401
2022-07-17T18:56:43.938,-115.285206,36.23791,3839.08062954405
2022-07-17T18:56:44.898,-115.285614,36.238081,3844.29888126864
2022-07-17T18:56:45.930,-115.285957,36.238275,3849.44703654505
2022-07-17T18:56:46.859,-115.286322,36.238446,3853.71577441541
2022-07-17T18:56:47.703,-115.286665,36.238596,3857.3070025703
2022-07-17T18:56:48.742,-115.28703,36.238768,3861.42064987663
2022-07-17T18:56:49.602,-115.28733,36.238961,3864.64393267121
2022-07-17T18:56:51.188,-115.287888,36.239283,3870.35242642547
2022-07-17T18:56:52.273,-115.28836,36.239498,3874.36272654301
2022-07-17T18:56:53.273,-115.288725,36.239669,3878.32818321651
2022-07-17T18:56:54.289,-115.28909,36.23982,3882.72421750147
2022-07-17T18:56:55.320,-115.289476,36.240034,3887.60191931046
2022-07-17T18:56:56.328,-115.289841,36.240184,3892.7361703245
2022-07-17T18:56:57.367,-115.290184,36.240399,3898.38910025765
2022-07-17T18:56:58.344,-115.290592,36.240592,3904.01141532973
2022-07-17T18:56:59.359,-115.290935,36.240785,3910.18986072284
2022-07-17T18:57:00.328,-115.291321,36.240957,3916.43372425752
2022-07-17T18:57:01.352,-115.291686,36.24115,3923.38104413718
2022-07-17T18:57:02.406,-115.292072,36.241343,3930.88482359543
2022-07-17T18:57:03.297,-115.292459,36.241515,3937.54041548297
2022-07-17T18:57:04.391,-115.292823,36.241708,3946.16248539533
2022-07-17T18:57:05.422,-115.293167,36.241901,3954.74434844242
2022-07-17T18:57:06.422,-115.293553,36.242115,3963.28599078085
2022-07-17T18:57:07.469,-115.293961,36.24233,3972.20715337917
2022-07-17T18:57:08.617,-115.294325,36.242545,3981.75386836012
2022-07-17T18:57:09.727,-115.294733,36.242781,3990.59971220738
2022-07-17T18:57:10.742,-115.295055,36.242974,3998.35102644739
2022-07-17T18:57:11.859,-115.295441,36.24321,4006.45683926513
2022-07-17T18:57:13.000,-115.295784,36.243424,4014.22185697456
2022-07-17T18:57:13.977,-115.296128,36.24366,4020.49444062954
2022-07-17T18:57:15.102,-115.296535,36.243896,4027.38044519944
2022-07-17T18:57:16.148,-115.296836,36.244133,4033.54149462663
2022-07-17T18:57:17.203,-115.297158,36.244347,4039.5460676664
2022-07-17T18:57:18.219,-115.29748,36.244605,4045.1230326404
2022-07-17T18:57:19.320,-115.297823,36.244884,4050.94320212212
2022-07-17T18:57:20.258,-115.298145,36.245141,4055.76600950754
2022-07-17T18:57:21.242,-115.298424,36.245441,4060.75370186097
2022-07-17T18:57:22.289,-115.298703,36.245635,4066.04925883138
2022-07-17T18:57:23.398,-115.299003,36.245892,4071.71347214716
2022-07-17T18:57:24.406,-115.299282,36.246192,4076.92937058411
2022-07-17T18:57:25.391,-115.299582,36.246407,4082.01872172191
2022-07-17T18:57:26.359,-115.299904,36.246686,4086.95902630538
2022-07-17T18:57:27.383,-115.300162,36.246922,4092.08368000819
2022-07-17T18:57:28.461,-115.30057,36.247201,4097.3436189486
2022-07-17T18:57:29.578,-115.300827,36.247458,4102.64749726368
2022-07-17T18:57:30.750,-115.301235,36.247737,4108.03232725168
2022-07-17T18:57:31.719,-115.301514,36.247995,4112.29307807467
2022-07-17T18:57:32.820,-115.301793,36.248252,4116.84523004904
2022-07-17T18:57:33.820,-115.302093,36.248467,4120.65761280432
2022-07-17T18:57:34.844,-115.302501,36.248789,4124.22232741666
2022-07-17T18:57:35.750,-115.302737,36.24896,4127.14951671766
2022-07-17T18:57:36.789,-115.303059,36.249197,4130.3899166935
2022-07-17T18:57:37.930,-115.303402,36.249475,4134.00454008964
2022-07-17T18:57:38.883,-115.303724,36.249712,4137.17046640164
2022-07-17T18:57:39.883,-115.304089,36.249948,4140.61587534511
2022-07-17T18:57:40.844,-115.304368,36.250184,4144.02421545133
2022-07-17T18:57:41.719,-115.304604,36.250377,4147.29685641018
2022-07-17T18:57:42.773,-115.304947,36.250634,4151.57906913321
2022-07-17T18:57:43.781,-115.305247,36.25087,4156.13326365361
2022-07-17T18:57:45.344,-115.305784,36.251256,4164.34131582293
2022-07-17T18:57:46.320,-115.306084,36.251493,4170.302777408
2022-07-17T18:57:47.344,-115.306427,36.251771,4177.2720007242
2022-07-17T18:57:48.461,-115.306771,36.252093,4185.55348827216
2022-07-17T18:57:49.484,-115.307114,36.252329,4193.6245982312
2022-07-17T18:57:50.539,-115.307415,36.252608,4202.34113991916
2022-07-17T18:57:51.594,-115.307758,36.252866,4211.49071088056
2022-07-17T18:57:52.578,-115.308058,36.253123,4220.46352341005
2022-07-17T18:57:53.539,-115.30838,36.253381,4229.64341536022
2022-07-17T18:57:54.438,-115.308702,36.253617,4238.56860371096
2022-07-17T18:57:55.617,-115.309067,36.253874,4250.62383307518
2022-07-17T18:57:56.672,-115.309474,36.254153,4261.62534085285
2022-07-17T18:57:57.617,-115.309753,36.254389,4271.57430830333
2022-07-17T18:57:58.742,-115.310161,36.254647,4283.44748188449
2022-07-17T18:57:59.648,-115.310462,36.254883,4292.96011123656
2022-07-17T18:58:00.797,-115.310783,36.255162,4304.81847218108
2022-07-17T18:58:01.828,-115.311105,36.255398,4315.12261338476
2022-07-17T18:58:02.867,-115.311513,36.25572,4325.04503939562
2022-07-17T18:58:03.914,-115.311813,36.255934,4334.47649100533
2022-07-17T18:58:04.883,-115.312157,36.256192,4342.73608714748
2022-07-17T18:58:05.797,-115.312393,36.256363,4350.14955854958
2022-07-17T18:58:06.844,-115.312736,36.256642,4358.26701847243
2022-07-17T18:58:07.938,-115.313079,36.256943,4366.39780401081
2022-07-17T18:58:08.891,-115.31338,36.257157,4373.19459017012
2022-07-17T18:58:09.781,-115.313616,36.25735,4379.28363669537
2022-07-17T18:58:10.828,-115.313873,36.257629,4386.10032597567
2022-07-17T18:58:11.719,-115.314195,36.257865,4391.5825431806
2022-07-17T18:58:12.828,-115.314496,36.258123,4397.97170905831
2022-07-17T18:58:13.852,-115.314839,36.258402,4403.4393453298
2022-07-17T18:58:14.953,-115.315139,36.258659,4408.87898874309
2022-07-17T18:58:16.000,-115.315483,36.258917,4413.64437095862
2022-07-17T18:58:17.008,-115.315783,36.259174,4417.89094004609
2022-07-17T18:58:18.070,-115.316126,36.259453,4422.06046197241
2022-07-17T18:58:19.219,-115.316448,36.259732,4426.33602185691
2022-07-17T18:58:20.258,-115.316856,36.260011,4430.0250659334
2022-07-17T18:58:21.328,-115.317178,36.26029,4433.61533377769
2022-07-17T18:58:22.469,-115.317521,36.260569,4437.24022406616
2022-07-17T18:58:23.469,-115.317886,36.260827,4440.32543256011
2022-07-17T18:58:24.500,-115.318165,36.261084,4443.52404566167
2022-07-17T18:58:25.523,-115.318508,36.261342,4446.81097477998
2022-07-17T18:58:26.617,-115.318809,36.261578,4450.49844278105
2022-07-17T18:58:27.617,-115.31913,36.261835,4454.0542371882
2022-07-17T18:58:28.570,-115.319452,36.262093,4457.60570298477
2022-07-17T18:58:29.531,-115.319774,36.26235,4461.35858419547
2022-07-17T18:58:30.680,-115.320117,36.262672,4466.11299179749
2022-07-17T18:58:31.742,-115.320396,36.262929,4470.80544651119
2022-07-17T18:58:32.672,-115.320675,36.263208,4475.18572216865
2022-07-17T18:58:33.742,-115.32104,36.263444,4480.60681438436
2022-07-17T18:58:34.859,-115.321383,36.263831,4486.805647226
2022-07-17T18:58:36.008,-115.321662,36.264045,4493.86331793874
2022-07-17T18:58:37.078,-115.322049,36.264367,4501.05770015553
2022-07-17T18:58:38.172,-115.322371,36.264603,4508.914910024
2022-07-17T18:58:39.180,-115.322692,36.264861,4516.49518232527
2022-07-17T18:58:40.242,-115.323079,36.26514,4524.73678779472
2022-07-17T18:58:41.188,-115.323315,36.265376,4532.25335381272
2022-07-17T18:58:42.141,-115.323594,36.26559,4539.98229767307
2022-07-17T18:58:43.094,-115.323894,36.265826,4547.84810227542
2022-07-17T18:58:44.133,-115.324194,36.266062,4556.56222682851
2022-07-17T18:58:45.289,-115.324602,36.266384,4566.40577127882
2022-07-17T18:58:46.211,-115.324838,36.266577,4574.31125196554
2022-07-17T18:58:47.188,-115.325096,36.266835,4582.69198490418
2022-07-17T18:58:48.164,-115.325418,36.267071,4591.03864271162
2022-07-17T18:58:49.242,-115.325761,36.267414,4600.2557747972
2022-07-17T18:58:50.328,-115.326061,36.26765,4609.57226774736
2022-07-17T18:58:51.383,-115.326297,36.267908,4618.63363956684
2022-07-17T18:58:52.391,-115.326641,36.268208,4627.28328190946
2022-07-17T18:58:53.469,-115.32692,36.26853,4636.51800266589
2022-07-17T18:58:54.344,-115.327156,36.268744,4644.02016143482
2022-07-17T18:58:55.391,-115.327456,36.268981,4653.01537602764
2022-07-17T18:58:56.320,-115.327778,36.269259,4660.99189732818
2022-07-17T18:58:57.344,-115.328035,36.269495,4669.74755592614
2022-07-17T18:58:58.320,-115.328357,36.269753,4678.01930079567
2022-07-17T18:58:59.344,-115.328636,36.27001,4686.58360746573
2022-07-17T18:59:00.398,-115.328872,36.270268,4695.26599170801
2022-07-17T18:59:01.469,-115.329258,36.27059,4703.89833992677
2022-07-17T18:59:02.469,-115.329559,36.270847,4711.70153267817
2022-07-17T18:59:03.531,-115.329838,36.271083,4719.58915575723
2022-07-17T18:59:04.648,-115.330181,36.271362,4727.30723918086
2022-07-17T18:59:05.672,-115.330439,36.271641,4733.81115504882
2022-07-17T18:59:06.555,-115.330675,36.271834,4738.97310885401
2022-07-17T18:59:07.484,-115.330932,36.272092,4743.96033182658
2022-07-17T18:59:08.555,-115.33119,36.272349,4749.18453071413
2022-07-17T18:59:09.563,-115.33149,36.272607,4753.66641453232
2022-07-17T18:59:10.594,-115.33179,36.272843,4757.90325478455
2022-07-17T18:59:11.641,-115.332134,36.273186,4761.92849869685
2022-07-17T18:59:12.555,-115.33237,36.273358,4765.25692684532
2022-07-17T18:59:13.375,-115.332606,36.273551,4768.13395920365
2022-07-17T18:59:14.398,-115.332928,36.273787,4771.64676969778
2022-07-17T18:59:15.461,-115.333335,36.274066,4775.27339595555
2022-07-17T18:59:16.484,-115.333657,36.274302,4778.77266318856
2022-07-17T18:59:17.609,-115.333958,36.274517,4782.64439284684
2022-07-17T18:59:18.563,-115.334237,36.274753,4785.92725710123
2022-07-17T18:59:19.578,-115.33458,36.274989,4789.3878094923
2022-07-17T18:59:20.641,-115.334923,36.275246,4792.91234574551
2022-07-17T18:59:21.523,-115.335224,36.275439,4795.69028382025
2022-07-17T18:59:22.383,-115.335438,36.275611,4798.23273516001
2022-07-17T18:59:23.508,-115.335846,36.27589,4801.29492043632
2022-07-17T18:59:24.531,-115.336168,36.276104,4803.81082865509
2022-07-17T18:59:25.563,-115.336468,36.276362,4806.10051671578
2022-07-17T18:59:26.633,-115.336812,36.276619,4808.25304723839
2022-07-17T18:59:27.570,-115.337112,36.276855,4809.97264900347
2022-07-17T18:59:28.539,-115.337455,36.277092,4811.55201271598
2022-07-17T18:59:30.203,-115.337927,36.277456,4813.67491497147
2022-07-17T18:59:31.383,-115.338335,36.277778,4814.81790236254
2022-07-17T18:59:32.289,-115.3387,36.278036,4815.63562459247
2022-07-17T18:59:33.305,-115.339022,36.27825,4816.63884178739
2022-07-17T18:59:34.398,-115.339344,36.278508,4817.9477280527
2022-07-17T18:59:35.359,-115.339622,36.278765,4819.35672255319
2022-07-17T18:59:36.445,-115.34003,36.279087,4821.25401501118
2022-07-17T18:59:37.523,-115.340374,36.279323,4823.44662944217
2022-07-17T18:59:38.461,-115.34061,36.279602,4825.63228148292
2022-07-17T18:59:39.578,-115.340931,36.279838,4828.58459435945
2022-07-17T18:59:40.422,-115.341167,36.280053,4831.02497079054
2022-07-17T18:59:41.484,-115.341511,36.280375,4834.27080551841
2022-07-17T18:59:42.969,-115.341961,36.280718,4838.9340960571
2022-07-17T18:59:44.008,-115.342262,36.280975,4842.16490634049
2022-07-17T18:59:45.039,-115.342605,36.281297,4845.27237118737
2022-07-17T18:59:46.195,-115.342884,36.281555,4848.56354102344
2022-07-17T18:59:47.148,-115.343227,36.281855,4851.09777407515
2022-07-17T18:59:48.148,-115.343463,36.282113,4853.58512370441
2022-07-17T18:59:49.023,-115.343699,36.282349,4855.63890860825
2022-07-17T18:59:50.039,-115.344064,36.28267,4857.92129666419
2022-07-17T18:59:51.141,-115.344365,36.282949,4860.3469193575
2022-07-17T18:59:52.234,-115.344708,36.283228,4862.78855902096
2022-07-17T18:59:53.328,-115.345051,36.283615,4865.35322803997
2022-07-17T18:59:54.445,-115.345459,36.283937,4868.19114982379
2022-07-17T18:59:55.445,-115.345738,36.284215,4871.01241530506
2022-07-17T18:59:56.375,-115.345974,36.284494,4873.94864168083
2022-07-17T18:59:57.328,-115.34621,36.284773,4877.32641523076
2022-07-17T18:59:58.234,-115.346446,36.285009,4880.88567862585
2022-07-17T18:59:59.172,-115.346725,36.285331,4884.89597769723
2022-07-17T19:00:00.125,-115.346982,36.28561,4889.28890645602
2022-07-17T19:00:01.109,-115.347283,36.285911,4894.16130938812
2022-07-17T19:00:02.641,-115.347691,36.286426,4902.42541008783
2022-07-17T19:00:03.711,-115.34797,36.286726,4908.67288134905
2022-07-17T19:00:04.766,-115.348206,36.287026,4915.17641816911
2022-07-17T19:00:05.766,-115.348442,36.287327,4921.53767660363
2022-07-17T19:00:06.750,-115.348721,36.287606,4927.80135120475
2022-07-17T19:00:07.773,-115.348957,36.287928,4934.14923343906
2022-07-17T19:00:08.750,-115.349236,36.288249,4939.97033559261
2022-07-17T19:00:09.633,-115.349407,36.288486,4945.00105701639
2022-07-17T19:00:10.602,-115.349665,36.288764,4950.25987311388
2022-07-17T19:00:11.703,-115.349965,36.289151,4955.87686883907
2022-07-17T19:00:12.805,-115.350201,36.289451,4961.10937986127
2022-07-17T19:00:13.820,-115.35048,36.289752,4965.61041704166
2022-07-17T19:00:14.766,-115.350716,36.29003,4969.551615432
2022-07-17T19:00:15.820,-115.350952,36.290352,4973.66109507101
2022-07-17T19:00:16.789,-115.351231,36.290674,4977.19636384148
2022-07-17T19:00:17.945,-115.351467,36.291039,4981.16145011033
2022-07-17T19:00:18.859,-115.351768,36.291339,4984.15596882467
2022-07-17T19:00:19.813,-115.351939,36.291618,4987.22901993805
2022-07-17T19:00:20.781,-115.352154,36.291919,4990.3463488253
2022-07-17T19:00:21.930,-115.352497,36.292284,4994.11166185901
2022-07-17T19:00:22.914,-115.352712,36.292584,4997.46947615747
2022-07-17T19:00:23.750,-115.352883,36.292863,5000.46452770748
2022-07-17T19:00:24.695,-115.353119,36.293142,5004.0646965423
2022-07-17T19:00:25.820,-115.353398,36.293485,5008.73828629184
2022-07-17T19:00:27.000,-115.353699,36.29385,5014.15387241672
2022-07-17T19:00:27.914,-115.35387,36.29415,5018.74836702686
2022-07-17T19:00:28.883,-115.354171,36.294494,5024.01236815563
2022-07-17T19:00:29.930,-115.354385,36.294794,5030.13686301198
2022-07-17T19:00:30.875,-115.354578,36.295094,5036.04958798147
2022-07-17T19:00:31.891,-115.354836,36.295395,5042.84258032973
2022-07-17T19:00:33.055,-115.355136,36.29576,5051.17935520562
2022-07-17T19:00:33.984,-115.355308,36.296039,5058.25543669208
2022-07-17T19:00:35.031,-115.355566,36.29636,5066.62088060168
2022-07-17T19:00:35.984,-115.355823,36.296639,5074.50033927932
2022-07-17T19:00:37.023,-115.356038,36.296918,5083.3158851568
2022-07-17T19:00:38.055,-115.356338,36.297283,5092.26929651137
2022-07-17T19:00:39.125,-115.356553,36.297584,5101.70134709342
2022-07-17T19:00:40.172,-115.356853,36.297905,5111.03034417533
2022-07-17T19:00:41.211,-115.357068,36.298227,5120.33268774644
2022-07-17T19:00:42.211,-115.357325,36.298506,5129.27981964216
2022-07-17T19:00:43.273,-115.357604,36.298871,5138.70809727823
2022-07-17T19:00:44.219,-115.35784,36.299107,5147.00775819739
2022-07-17T19:00:45.359,-115.35814,36.299472,5156.88745741221
2022-07-17T19:00:46.242,-115.358398,36.299794,5164.46153422529
2022-07-17T19:00:47.266,-115.358613,36.300094,5173.18923840859
2022-07-17T19:00:48.305,-115.358913,36.300395,5182.02679523277
2022-07-17T19:00:49.781,-115.359192,36.300824,5194.63926840801
2022-07-17T19:00:50.672,-115.359471,36.301124,5202.34126300387
2022-07-17T19:00:52.211,-115.359771,36.301532,5215.98718948387
2022-07-17T19:00:53.133,-115.36005,36.301854,5224.35914068081
2022-07-17T19:00:54.266,-115.360329,36.302218,5234.78492632466
2022-07-17T19:00:55.180,-115.360501,36.302454,5243.28226348274
2022-07-17T19:00:56.141,-115.36078,36.302776,5252.26817004182
2022-07-17T19:00:57.141,-115.361016,36.303077,5261.59961197566
2022-07-17T19:00:58.266,-115.361316,36.303506,5272.05948194096
2022-07-17T19:00:59.281,-115.361531,36.303806,5281.47798472266
2022-07-17T19:01:00.344,-115.361767,36.304085,5291.3566650579
2022-07-17T19:01:01.461,-115.362003,36.304514,5301.75641657692
2022-07-17T19:01:02.492,-115.362239,36.304793,5311.32375434294
2022-07-17T19:01:03.555,-115.362453,36.305137,5321.06070966504
2022-07-17T19:01:04.633,-115.362647,36.305437,5330.67529259479
2022-07-17T19:01:05.492,-115.362904,36.305737,5338.0651469031
2022-07-17T19:01:06.484,-115.363162,36.306038,5346.24786725431
2022-07-17T19:01:07.359,-115.363333,36.306317,5353.12114188658
2022-07-17T19:01:08.289,-115.363591,36.306617,5360.00564041629
2022-07-17T19:01:09.406,-115.363805,36.306875,5367.60124655399
2022-07-17T19:01:10.336,-115.364063,36.307197,5373.30688085354
2022-07-17T19:01:11.492,-115.364342,36.307518,5379.56916256359
2022-07-17T19:01:13.070,-115.364685,36.308033,5386.70014399135
2022-07-17T19:01:14.000,-115.364921,36.308248,5390.24318475197
2022-07-17T19:01:15.063,-115.365136,36.308634,5393.85170086022
2022-07-17T19:01:16.211,-115.365393,36.308935,5397.44202863408
2022-07-17T19:01:17.180,-115.365651,36.309214,5400.41162856049
2022-07-17T19:01:18.656,-115.366058,36.309686,5405.14806940936
2022-07-17T19:01:20.109,-115.366445,36.31005,5410.33041589121
2022-07-17T19:01:21.133,-115.366681,36.310308,5414.48465724946
2022-07-17T19:01:22.133,-115.36696,36.310608,5419.00480983418
2022-07-17T19:01:23.172,-115.36726,36.310909,5424.2098655334
2022-07-17T19:01:24.063,-115.367539,36.311166,5429.11367448676
2022-07-17T19:01:25.039,-115.367839,36.311467,5434.98628393423
2022-07-17T19:01:26.195,-115.368075,36.311724,5442.58449684167
2022-07-17T19:01:27.289,-115.368419,36.312046,5450.37294786306
2022-07-17T19:01:28.305,-115.368698,36.312325,5458.12765411188
2022-07-17T19:01:29.211,-115.368869,36.312561,5465.45126485992
2022-07-17T19:01:30.180,-115.369127,36.312797,5473.66261276862
2022-07-17T19:01:31.281,-115.36947,36.313162,5483.27332501805
2022-07-17T19:01:32.281,-115.369728,36.313441,5492.04405739934
2022-07-17T19:01:33.461,-115.370007,36.313806,5502.22782701596
2022-07-17T19:01:34.359,-115.370243,36.31402,5509.80094112576
2022-07-17T19:01:35.445,-115.370522,36.314342,5518.77543871624
2022-07-17T19:01:36.453,-115.370758,36.314664,5526.8395632213
2022-07-17T19:01:37.531,-115.370972,36.314943,5535.06038899947
2022-07-17T19:01:39.195,-115.371315,36.315436,5546.74323580795
2022-07-17T19:01:40.211,-115.371573,36.315737,5553.22312729849
2022-07-17T19:01:41.211,-115.37183,36.316037,5559.1541064031
2022-07-17T19:01:42.203,-115.372045,36.316338,5564.70299769393
2022-07-17T19:01:43.063,-115.372238,36.316638,5569.32605343296
2022-07-17T19:01:44.500,-115.372581,36.317067,5576.78685296535
2022-07-17T19:01:45.516,-115.372818,36.31741,5581.87799176569
2022-07-17T19:01:46.359,-115.373032,36.317647,5585.98208861147
2022-07-17T19:01:47.477,-115.373333,36.318011,5591.23911452751
2022-07-17T19:01:48.555,-115.373569,36.31829,5596.09567304784
2022-07-17T19:01:49.523,-115.373783,36.318612,5600.31783943285
2022-07-17T19:01:50.602,-115.374041,36.318934,5604.88721350304
2022-07-17T19:01:51.727,-115.37432,36.319256,5609.47077035682
2022-07-17T19:01:52.563,-115.374513,36.319535,5612.76013280592
2022-07-17T19:01:53.586,-115.374749,36.319878,5616.67081979743
2022-07-17T19:01:54.766,-115.375049,36.320243,5621.08508629647
2022-07-17T19:01:55.953,-115.375328,36.320672,5625.46644665896
2022-07-17T19:01:56.852,-115.375564,36.320994,5628.74386546016
2022-07-17T19:01:57.852,-115.375779,36.321294,5632.33826429641
2022-07-17T19:01:58.914,-115.376015,36.321638,5636.09041272673
2022-07-17T19:01:59.984,-115.376251,36.321938,5639.83049838311
2022-07-17T19:02:01.047,-115.37653,36.322303,5643.569553676
2022-07-17T19:02:01.953,-115.376701,36.322582,5646.84154983723
2022-07-17T19:02:02.906,-115.376894,36.322904,5650.4094398858
2022-07-17T19:02:03.883,-115.377152,36.323225,5654.22389818085
2022-07-17T19:02:05.500,-115.37756,36.32374,5660.86840062812
2022-07-17T19:02:06.516,-115.377774,36.324019,5665.22348871649
2022-07-17T19:02:07.422,-115.377946,36.324298,5669.17299235144
2022-07-17T19:02:08.461,-115.378246,36.32462,5673.73919811455
2022-07-17T19:02:09.445,-115.378482,36.324921,5678.04626164804
2022-07-17T19:02:10.461,-115.378761,36.325221,5682.4190618705
2022-07-17T19:02:11.367,-115.378954,36.325457,5686.22655619878
2022-07-17T19:02:12.367,-115.379212,36.325736,5690.23823351133
2022-07-17T19:02:13.406,-115.379405,36.326058,5694.05960741866
2022-07-17T19:02:14.266,-115.379684,36.326337,5696.78714903591
2022-07-17T19:02:15.320,-115.379877,36.326659,5699.6044279664
2022-07-17T19:02:16.438,-115.380135,36.326938,5702.1714720325
2022-07-17T19:02:17.313,-115.380414,36.327217,5704.23142004334
2022-07-17T19:02:18.297,-115.380585,36.327538,5706.75256451524
2022-07-17T19:02:19.320,-115.380864,36.327839,5709.69267220485
2022-07-17T19:02:20.414,-115.3811,36.328161,5713.320959917
2022-07-17T19:02:21.531,-115.381401,36.328483,5717.66396928444
2022-07-17T19:02:22.516,-115.381637,36.328804,5722.03999600045
2022-07-17T19:02:23.461,-115.381851,36.329126,5726.65338834667
2022-07-17T19:02:24.523,-115.382109,36.329405,5732.3196949946
2022-07-17T19:02:25.352,-115.38228,36.329684,5737.22064701242
2022-07-17T19:02:26.297,-115.382538,36.330006,5743.47522774692
2022-07-17T19:02:27.164,-115.38271,36.330221,5749.97474871643
2022-07-17T19:02:28.164,-115.382967,36.330521,5758.49492817827
2022-07-17T19:02:29.031,-115.383203,36.330757,5766.71659965004
2022-07-17T19:02:30.125,-115.383503,36.331079,5778.0724749083
2022-07-17T19:02:31.117,-115.383804,36.331379,5789.19646020531
2022-07-17T19:02:32.711,-115.384254,36.33183,5808.24850681374
2022-07-17T19:02:33.625,-115.38449,36.332023,5819.39511930646
2022-07-17T19:02:34.797,-115.384834,36.332388,5833.5735848852
2022-07-17T19:02:35.953,-115.385177,36.332753,5847.10527349429
2022-07-17T19:02:36.961,-115.385435,36.332989,5858.43872005847
2022-07-17T19:02:38.063,-115.385778,36.333375,5870.30708932537
2022-07-17T19:02:39.211,-115.386035,36.333654,5882.13874352124
2022-07-17T19:02:40.305,-115.386379,36.333976,5892.89664628716
2022-07-17T19:02:41.344,-115.386658,36.334298,5902.52660828204
2022-07-17T19:02:42.344,-115.386894,36.334577,5911.08355519134
2022-07-17T19:02:43.242,-115.387194,36.334856,5918.12398237446
2022-07-17T19:02:44.117,-115.387409,36.335092,5924.48400179504
2022-07-17T19:02:45.188,-115.387623,36.335413,5931.81353077286
2022-07-17T19:02:46.266,-115.387967,36.335778,5938.80098292295
2022-07-17T19:02:47.391,-115.388181,36.336079,5945.71180436219
2022-07-17T19:02:48.742,-115.388546,36.336508,5953.48916332505
2022-07-17T19:02:49.734,-115.388761,36.336808,5958.90504604818
2022-07-17T19:02:50.672,-115.388954,36.337152,5963.9189728023
2022-07-17T19:02:51.656,-115.389233,36.337473,5969.15489304407
2022-07-17T19:02:52.813,-115.389404,36.337774,5975.4062329337
2022-07-17T19:02:53.844,-115.389683,36.33816,5981.21613915036
2022-07-17T19:02:54.820,-115.389919,36.338375,5986.95741366791
2022-07-17T19:02:55.750,-115.390112,36.338718,5992.64609185859
2022-07-17T19:02:56.742,-115.39037,36.339018,5998.98327728806
2022-07-17T19:02:57.656,-115.390563,36.339319,6005.11064665227
2022-07-17T19:02:58.711,-115.390842,36.339662,6012.51901100385
2022-07-17T19:02:59.773,-115.391035,36.339984,6020.31856428933
2022-07-17T19:03:00.883,-115.391271,36.340392,6028.83308566751
2022-07-17T19:03:01.914,-115.391529,36.340714,6037.04806272038
2022-07-17T19:03:02.883,-115.391743,36.341014,6045.01157045851
2022-07-17T19:03:03.867,-115.391979,36.341357,6053.28727689954
2022-07-17T19:03:04.961,-115.392151,36.341658,6062.66031723373
2022-07-17T19:03:05.906,-115.392387,36.342001,6070.85262778829
2022-07-17T19:03:06.984,-115.392623,36.342301,6080.1809246903
2022-07-17T19:03:07.867,-115.392838,36.342645,6087.69789895606
2022-07-17T19:03:08.961,-115.393031,36.342967,6096.7938325873
2022-07-17T19:03:09.961,-115.393288,36.343267,6104.88130075012
2022-07-17T19:03:10.977,-115.393503,36.34361,6112.84765338214
2022-07-17T19:03:11.813,-115.393739,36.343803,6119.1436714644
2022-07-17T19:03:12.695,-115.393975,36.344147,6125.42895907271
2022-07-17T19:03:13.664,-115.394189,36.344447,6131.80581523914
2022-07-17T19:03:14.844,-115.394425,36.344812,6138.79697446868
2022-07-17T19:03:15.945,-115.394661,36.345155,6144.60465595399
2022-07-17T19:03:17.070,-115.394962,36.345563,6149.83077987738
2022-07-17T19:03:17.977,-115.395069,36.345842,6153.45926520901
2022-07-17T19:03:18.906,-115.395305,36.346164,6156.56230691829
2022-07-17T19:03:19.836,-115.395477,36.346443,6159.06286870355
2022-07-17T19:03:20.891,-115.395713,36.346872,6161.26750334911
2022-07-17T19:03:21.906,-115.395927,36.347215,6162.8711776149
2022-07-17T19:03:22.813,-115.396099,36.347537,6163.94125899391
2022-07-17T19:03:23.914,-115.396335,36.347945,6164.7576731833
2022-07-17T19:03:24.781,-115.396507,36.348267,6165.02149240505
2022-07-17T19:03:25.844,-115.396721,36.348717,6165.01364944545
2022-07-17T19:03:26.867,-115.396893,36.349061,6164.75853863373
2022-07-17T19:03:27.805,-115.397065,36.349382,6164.38368568926
2022-07-17T19:03:28.891,-115.397301,36.349854,6163.86150052948
2022-07-17T19:03:29.945,-115.397472,36.350198,6163.42617868183
2022-07-17T19:03:30.961,-115.397708,36.350584,6163.6015409061
2022-07-17T19:03:31.984,-115.39788,36.35097,6164.84657221643
2022-07-17T19:03:32.938,-115.398116,36.351335,6167.04008660191
2022-07-17T19:03:33.945,-115.398395,36.3517,6170.41446978242
2022-07-17T19:03:35.047,-115.398674,36.352108,6175.32700285792
2022-07-17T19:03:36.047,-115.398932,36.352451,6180.83736775722
2022-07-17T19:03:36.961,-115.399103,36.35273,6186.63028615567
2022-07-17T19:03:38.047,-115.399404,36.353159,6194.33201993776
2022-07-17T19:03:39.055,-115.39964,36.353481,6202.14795131425
2022-07-17T19:03:40.133,-115.399854,36.353846,6211.13905934936
2022-07-17T19:03:41.273,-115.400155,36.354275,6221.35425215801
2022-07-17T19:03:42.422,-115.400391,36.354575,6232.25847879886
2022-07-17T19:03:43.344,-115.400627,36.354918,6241.28106535633
2022-07-17T19:03:44.281,-115.400841,36.355262,6250.56575687767
2022-07-17T19:03:45.281,-115.401099,36.355627,6260.62655676604
2022-07-17T19:03:46.313,-115.401313,36.355948,6270.81548748385
2022-07-17T19:03:47.344,-115.401549,36.35627,6280.31273319683
2022-07-17T19:03:48.336,-115.401828,36.356592,6288.34603370627
2022-07-17T19:03:49.484,-115.402043,36.357,6295.84421259618
2022-07-17T19:03:50.328,-115.402215,36.357279,6300.19781249782
2022-07-17T19:03:51.273,-115.402429,36.357622,6303.9980921759
2022-07-17T19:03:52.313,-115.402687,36.357965,6306.55986951217
2022-07-17T19:03:53.313,-115.402901,36.35833,6307.14901643721
2022-07-17T19:03:54.328,-115.403073,36.358652,6306.33667822727
2022-07-17T19:03:55.258,-115.403309,36.359017,6305.33048643877
2022-07-17T19:03:56.234,-115.403438,36.359296,6304.51994940286
2022-07-17T19:03:57.125,-115.403588,36.359661,6303.94363489321
2022-07-17T19:03:58.258,-115.403888,36.360068,6303.24899285293
2022-07-17T19:03:59.273,-115.404081,36.360412,6302.57923887552
2022-07-17T19:04:00.141,-115.404253,36.360691,6301.99751184448
2022-07-17T19:04:01.078,-115.404446,36.361034,6301.51254745373
2022-07-17T19:04:02.125,-115.404661,36.361399,6301.39084328531
2022-07-17T19:04:03.023,-115.404768,36.361721,6301.81494901832
2022-07-17T19:04:04.055,-115.405004,36.36215,6302.9174051517
2022-07-17T19:04:05.117,-115.405262,36.36245,6304.8516227541
2022-07-17T19:04:06.227,-115.405412,36.362836,6307.74637836701
2022-07-17T19:04:07.211,-115.405605,36.363137,6311.02791416574
2022-07-17T19:04:08.273,-115.405884,36.363566,6315.29143698697
2022-07-17T19:04:09.391,-115.406055,36.363909,6320.55291195742
2022-07-17T19:04:10.406,-115.406291,36.364253,6325.98362546243
2022-07-17T19:04:11.305,-115.406463,36.364596,6331.21711247019
2022-07-17T19:04:12.211,-115.406635,36.364832,6336.58028254511
2022-07-17T19:04:13.195,-115.406806,36.365197,6342.39867374632
2022-07-17T19:04:14.242,-115.407085,36.365626,6348.49321922877
2022-07-17T19:04:15.305,-115.407236,36.365948,6354.51891206327
2022-07-17T19:04:16.297,-115.407429,36.366313,6359.9663451591
2022-07-17T19:04:17.203,-115.407536,36.36657,6364.81829242616
2022-07-17T19:04:18.188,-115.407751,36.366935,6369.99343325714
2022-07-17T19:04:19.094,-115.407944,36.367257,6374.67854228458
2022-07-17T19:04:20.008,-115.408115,36.367536,6379.33618451164
2022-07-17T19:04:21.031,-115.408287,36.367857,6384.52713124604
2022-07-17T19:04:21.992,-115.408523,36.368179,6389.45809568363
2022-07-17T19:04:23.047,-115.408738,36.368544,6395.00395424559
2022-07-17T19:04:24.094,-115.408974,36.368845,6400.60576748463
2022-07-17T19:04:25.195,-115.40921,36.369188,6406.52719282894
2022-07-17T19:04:26.203,-115.409381,36.369488,6411.91335684315
2022-07-17T19:04:27.273,-115.409617,36.369874,6417.57430164827
2022-07-17T19:04:28.242,-115.409832,36.370153,6422.67946076763
2022-07-17T19:04:30.242,-115.410283,36.370797,6433.17946603103
2022-07-17T19:04:31.344,-115.410497,36.371076,6439.03238634658
2022-07-17T19:04:32.414,-115.41069,36.371377,6444.8747520721
2022-07-17T19:04:33.438,-115.410905,36.371677,6450.62875671851
2022-07-17T19:04:34.406,-115.411141,36.371977,6456.20156776913
2022-07-17T19:04:35.516,-115.411377,36.372342,6462.75644151095
2022-07-17T19:04:36.508,-115.411613,36.372621,6468.78748438101
2022-07-17T19:04:37.445,-115.411785,36.372943,6474.66850935386
2022-07-17T19:04:38.445,-115.412021,36.373222,6481.17440573431
2022-07-17T19:04:39.648,-115.412192,36.373587,6489.30463867487
2022-07-17T19:04:40.633,-115.412364,36.373823,6496.20867509126
2022-07-17T19:04:41.688,-115.4126,36.374145,6503.89761841741
2022-07-17T19:04:42.633,-115.412772,36.374381,6511.04942962112
2022-07-17T19:04:43.586,-115.412986,36.374681,6518.52037496974
2022-07-17T19:04:44.648,-115.413201,36.375046,6527.19876047368
2022-07-17T19:04:45.625,-115.41333,36.375282,6535.53285762815
2022-07-17T19:04:47.031,-115.413587,36.37569,6548.1110395164
2022-07-17T19:04:48.016,-115.41378,36.375968,6557.2776554821
2022-07-17T19:04:49.047,-115.413952,36.376333,6567.11844902828
2022-07-17T19:04:50.086,-115.414124,36.376612,6577.20692458894
2022-07-17T19:04:51.086,-115.414295,36.376913,6587.0255698347
2022-07-17T19:04:51.984,-115.414402,36.377192,6595.87470186725
2022-07-17T19:04:53.086,-115.414639,36.377556,6606.70083936772
2022-07-17T19:04:54.023,-115.414746,36.377792,6615.84723513075
2022-07-17T19:04:55.023,-115.414875,36.378114,6625.53631955203
2022-07-17T19:04:56.016,-115.415046,36.378393,6635.09703342656
2022-07-17T19:04:57.102,-115.415218,36.378758,6645.42728046863
2022-07-17T19:04:57.992,-115.415325,36.379037,6653.74874467242
2022-07-17T19:04:59.008,-115.415475,36.379316,6663.05538714509
2022-07-17T19:04:59.984,-115.415604,36.379616,6671.80739048075
2022-07-17T19:05:01.023,-115.415754,36.37996,6680.884436167
2022-07-17T19:05:02.039,-115.41584,36.38026,6689.4682814353
2022-07-17T19:05:03.039,-115.41599,36.380582,6697.58152663494
2022-07-17T19:05:03.977,-115.416119,36.380904,6704.8818793843
2022-07-17T19:05:05.094,-115.416248,36.381269,6713.18199118659
2022-07-17T19:05:06.125,-115.416398,36.381547,6720.49322509591
2022-07-17T19:05:07.094,-115.416527,36.381869,6727.08653918311
2022-07-17T19:05:08.063,-115.416698,36.382213,6733.45405737966
2022-07-17T19:05:09.016,-115.416806,36.382427,6739.57079421218
2022-07-17T19:05:10.086,-115.417042,36.382813,6746.34474917948
2022-07-17T19:05:11.133,-115.417149,36.383092,6752.92501825703
2022-07-17T19:05:12.195,-115.417342,36.383457,6759.61309540671
2022-07-17T19:05:13.258,-115.417514,36.383822,6766.37324921841
2022-07-17T19:05:14.422,-115.417728,36.384165,6773.90172204445
2022-07-17T19:05:15.492,-115.4179,36.38453,6780.92757360559
2022-07-17T19:05:16.469,-115.418029,36.384852,6787.37153579995
2022-07-17T19:05:17.617,-115.418179,36.385152,6794.88480252902
2022-07-17T19:05:18.516,-115.418329,36.385517,6800.69104762254
2022-07-17T19:05:19.484,-115.418522,36.385796,6806.85588549711
2022-07-17T19:05:20.352,-115.418651,36.386075,6812.33974434414
2022-07-17T19:05:21.297,-115.418801,36.386397,6818.35873274905
2022-07-17T19:05:22.344,-115.418866,36.386719,6825.11933719311
2022-07-17T19:05:23.477,-115.419102,36.387084,6832.38494849967
2022-07-17T19:05:24.484,-115.419273,36.387427,6838.59710783878
2022-07-17T19:05:25.305,-115.419381,36.387641,6843.32116134575
2022-07-17T19:05:26.164,-115.419509,36.38792,6847.7776595709
2022-07-17T19:05:27.352,-115.419681,36.388307,6853.01064811671
2022-07-17T19:05:28.445,-115.419917,36.388671,6856.90939388345
2022-07-17T19:05:29.523,-115.420067,36.389015,6859.9301459535
2022-07-17T19:05:30.422,-115.420196,36.389272,6861.74545602836
2022-07-17T19:05:31.445,-115.420411,36.389658,6862.83098595269
2022-07-17T19:05:32.352,-115.420539,36.389916,6862.77197150403
2022-07-17T19:05:33.234,-115.420711,36.390152,6861.75357706389
2022-07-17T19:05:34.273,-115.420883,36.390517,6859.43703643879
2022-07-17T19:05:35.469,-115.421162,36.390924,6855.61704187112
2022-07-17T19:05:36.516,-115.421312,36.391225,6851.52432746827
2022-07-17T19:05:37.539,-115.421569,36.391568,6847.07009798629
2022-07-17T19:05:38.523,-115.421784,36.39189,6842.55264142099
2022-07-17T19:05:39.539,-115.421956,36.392212,6837.84364533834
2022-07-17T19:05:40.508,-115.422192,36.392577,6833.495751164
2022-07-17T19:05:41.406,-115.422363,36.392813,6829.75231378961
2022-07-17T19:05:42.367,-115.422599,36.393178,6826.17473985949
2022-07-17T19:05:43.414,-115.422835,36.393521,6822.92506711253
2022-07-17T19:05:44.297,-115.423114,36.393907,6820.80045830715
2022-07-17T19:05:45.414,-115.42335,36.394207,6818.74961290743
2022-07-17T19:05:46.469,-115.423651,36.394637,6817.33020868152
2022-07-17T19:05:47.383,-115.423887,36.394916,6816.42048919413
2022-07-17T19:05:48.406,-115.424187,36.395237,6815.66222177282
2022-07-17T19:05:49.305,-115.424466,36.395559,6815.14617683124
2022-07-17T19:05:50.398,-115.424767,36.395924,6814.597884208
2022-07-17T19:05:51.523,-115.42511,36.396332,6813.89819153108
2022-07-17T19:05:52.648,-115.425453,36.396697,6812.67458615244
2022-07-17T19:05:53.664,-115.425754,36.397061,6811.14506148424
2022-07-17T19:05:54.648,-115.426033,36.397383,6809.49047524733
2022-07-17T19:05:55.813,-115.426333,36.397705,6807.5088469227
2022-07-17T19:05:56.789,-115.426655,36.398027,6805.82552956992
2022-07-17T19:05:57.625,-115.426891,36.398306,6804.31034670974
2022-07-17T19:05:58.469,-115.427148,36.398628,6802.64898690085
2022-07-17T19:05:59.492,-115.427449,36.398993,6800.36437967363
2022-07-17T19:06:00.625,-115.427792,36.399293,6797.54416402822
2022-07-17T19:06:01.688,-115.428157,36.399701,6794.77305395008
2022-07-17T19:06:02.695,-115.428436,36.400044,6792.33994919529
2022-07-17T19:06:03.539,-115.42865,36.400323,6790.59398278661
2022-07-17T19:06:04.539,-115.429015,36.400602,6788.89603009368
2022-07-17T19:06:05.484,-115.429294,36.400945,6787.5823629302
2022-07-17T19:06:06.359,-115.429573,36.401224,6786.65516506085
2022-07-17T19:06:07.336,-115.429852,36.401525,6786.03011992558
2022-07-17T19:06:08.422,-115.430152,36.401868,6785.94955122636
2022-07-17T19:06:09.297,-115.430496,36.402168,6786.43982319738
2022-07-17T19:06:10.383,-115.430775,36.402512,6787.83720617834
2022-07-17T19:06:11.477,-115.431182,36.402876,6790.125774161
2022-07-17T19:06:12.586,-115.431483,36.403198,6793.3050047138
2022-07-17T19:06:13.508,-115.43174,36.403563,6796.52878457874
2022-07-17T19:06:14.594,-115.432062,36.403906,6800.81385803699
2022-07-17T19:06:15.516,-115.432384,36.404207,6804.76128355184
2022-07-17T19:06:16.398,-115.432663,36.404486,6808.77290701689
2022-07-17T19:06:17.477,-115.433006,36.40485,6813.99940012128
2022-07-17T19:06:18.508,-115.433285,36.405151,6819.37587980387
2022-07-17T19:06:19.578,-115.433629,36.405494,6825.38890716481
2022-07-17T19:06:20.594,-115.433929,36.405795,6831.27284185394
2022-07-17T19:06:21.492,-115.434272,36.406138,6836.2955584152
2022-07-17T19:06:22.477,-115.434573,36.406417,6841.37127223346
2022-07-17T19:06:23.414,-115.434809,36.406653,6845.66424504518
2022-07-17T19:06:24.414,-115.435131,36.406953,6849.6695903374
2022-07-17T19:06:25.539,-115.435517,36.407275,6853.54748965078
2022-07-17T19:06:26.523,-115.43586,36.407576,6856.42207666672
2022-07-17T19:06:27.633,-115.436161,36.407876,6858.99944180421
2022-07-17T19:06:28.578,-115.43644,36.408176,6860.55493929333
2022-07-17T19:06:29.609,-115.436783,36.408455,6861.56945388888
2022-07-17T19:06:30.609,-115.437083,36.408734,6861.89953254549
2022-07-17T19:06:31.477,-115.437405,36.409056,6861.68772882017
2022-07-17T19:06:32.398,-115.437641,36.409292,6860.98990937733
2022-07-17T19:06:33.297,-115.437963,36.409571,6859.85201151281
2022-07-17T19:06:34.469,-115.438306,36.409957,6857.69996204713
2022-07-17T19:06:35.563,-115.438671,36.410193,6855.04548380532
2022-07-17T19:06:36.523,-115.439014,36.410515,6852.32420320486
2022-07-17T19:06:37.484,-115.439293,36.410794,6849.36420510559
2022-07-17T19:06:38.375,-115.439594,36.41103,6846.48726906225
2022-07-17T19:06:39.383,-115.439894,36.411352,6843.12256623983
2022-07-17T19:06:40.484,-115.440302,36.411674,6839.33480921938
2022-07-17T19:06:41.508,-115.440624,36.411996,6835.72208615225
2022-07-17T19:06:42.539,-115.440946,36.412275,6832.00609791759
2022-07-17T19:06:43.617,-115.44131,36.412575,6828.01318845559
2022-07-17T19:06:44.633,-115.441654,36.412876,6824.11311121926
2022-07-17T19:06:45.773,-115.441997,36.413262,6819.57402315922
2022-07-17T19:06:46.719,-115.44234,36.413541,6815.68643389815
2022-07-17T19:06:47.758,-115.442641,36.413863,6811.29133176394
2022-07-17T19:06:48.742,-115.442963,36.414185,6806.99377885761
2022-07-17T19:06:49.727,-115.443285,36.414506,6802.52726170926
2022-07-17T19:06:50.750,-115.443542,36.414828,6797.6621090931
2022-07-17T19:06:51.664,-115.443864,36.415172,6793.08521337572
2022-07-17T19:06:52.797,-115.444164,36.415472,6787.07834983492
2022-07-17T19:06:53.766,-115.444443,36.415815,6781.65534407533
2022-07-17T19:06:54.773,-115.444744,36.416159,6775.78798002278
2022-07-17T19:06:55.914,-115.44513,36.416566,6769.02158884985
2022-07-17T19:06:57.023,-115.445452,36.416888,6763.35540092973
2022-07-17T19:06:58.023,-115.445774,36.41721,6761.63254056989
2022-07-17T19:06:59.039,-115.446031,36.417532,6760.95527648677
2022-07-17T19:07:14.406,-115.45131,36.42251,6764.89045021404
2022-07-17T19:07:15.367,-115.451696,36.422853,6764.39531714133
2022-07-17T19:07:16.359,-115.451996,36.423111,6763.59234179353
2022-07-17T19:07:17.273,-115.45234,36.423454,6763.44905840815
2022-07-17T19:07:18.203,-115.45264,36.42369,6766.72257954598
2022-07-17T19:07:19.039,-115.452876,36.423905,6770.44666613295
2022-07-17T19:07:19.977,-115.453262,36.424162,6774.11335976777
2022-07-17T19:07:21.008,-115.453627,36.424463,6777.54705244444
2022-07-17T19:07:22.133,-115.454035,36.424806,6780.65288376827
2022-07-17T19:07:23.070,-115.4544,36.425085,6782.83640693403
2022-07-17T19:07:24.117,-115.454786,36.425364,6784.98063279509
2022-07-17T19:07:25.180,-115.455151,36.425622,6786.92599135169
2022-07-17T19:07:26.188,-115.455494,36.425922,6788.55930892381
2022-07-17T19:07:27.273,-115.455966,36.426244,6790.02667810694
2022-07-17T19:07:28.266,-115.456352,36.426544,6791.02577250289
2022-07-17T19:07:29.336,-115.456717,36.426802,6791.65746354449
2022-07-17T19:07:30.289,-115.457103,36.427102,6791.8112397257
2022-07-17T19:07:31.320,-115.457489,36.42736,6791.53332496186
2022-07-17T19:07:32.305,-115.457833,36.427639,6790.83827143726
2022-07-17T19:07:33.289,-115.458241,36.427917,6789.77503115753
2022-07-17T19:07:34.289,-115.458584,36.428154,6788.39298424852
2022-07-17T19:07:35.438,-115.459013,36.428432,6786.56100163503
2022-07-17T19:07:36.430,-115.459378,36.428647,6784.85748093793
2022-07-17T19:07:37.484,-115.45985,36.428969,6782.91709656834
2022-07-17T19:07:38.500,-115.460236,36.429226,6780.83193038558
2022-07-17T19:07:39.453,-115.460579,36.429484,6778.63647064268
2022-07-17T19:07:40.648,-115.460987,36.429741,6775.62370878432
2022-07-17T19:07:41.734,-115.461459,36.430063,6772.74421714432
2022-07-17T19:07:42.797,-115.461845,36.430299,6769.94325853
2022-07-17T19:07:43.828,-115.46221,36.430514,6767.48098986822
2022-07-17T19:07:44.836,-115.462704,36.43075,6765.53503467641
2022-07-17T19:07:46.000,-115.463219,36.430943,6763.99778753326
2022-07-17T19:07:47.117,-115.463798,36.431072,6763.22558572056
2022-07-17T19:07:48.164,-115.46427,36.431179,6763.10682751522
2022-07-17T19:07:49.289,-115.464849,36.431179,6763.58576533883
2022-07-17T19:07:50.195,-115.465257,36.431136,6764.41714704298
2022-07-17T19:07:51.336,-115.465772,36.430986,6766.24386781952
2022-07-17T19:07:52.375,-115.466201,36.430793,6768.82375663616
2022-07-17T19:07:53.414,-115.466609,36.430621,6772.6500762556
2022-07-17T19:07:54.250,-115.466888,36.430428,6776.47379848974
2022-07-17T19:07:55.438,-115.467253,36.430063,6782.58041609571
2022-07-17T19:07:56.336,-115.46751,36.429698,6787.37137101026
2022-07-17T19:07:57.328,-115.467703,36.429355,6792.45600828201
2022-07-17T19:07:58.469,-115.467832,36.428905,6797.53250960334
2022-07-17T19:07:59.594,-115.467918,36.428518,6801.42108660175
2022-07-17T19:08:00.500,-115.467896,36.428111,6803.66490914795
2022-07-17T19:08:01.539,-115.467854,36.427681,6805.23225184677
2022-07-17T19:08:02.688,-115.467746,36.427231,6805.79920327535
2022-07-17T19:08:03.719,-115.467596,36.426845,6805.3565642115
2022-07-17T19:08:04.773,-115.467446,36.426458,6804.02507436283
2022-07-17T19:08:05.805,-115.467253,36.426094,6801.83818436121
2022-07-17T19:08:06.914,-115.466888,36.425643,6798.41147782885
2022-07-17T19:08:07.891,-115.466652,36.4253,6794.33923152905
2022-07-17T19:08:08.836,-115.466416,36.425042,6789.6214274051
2022-07-17T19:08:09.734,-115.466073,36.424699,6784.63807180064
2022-07-17T19:08:10.578,-115.465772,36.42442,6779.68332809362
2022-07-17T19:08:11.609,-115.46545,36.424119,6773.48463519033
2022-07-17T19:08:12.594,-115.465086,36.423776,6767.56691791588
2022-07-17T19:08:13.656,-115.464613,36.423411,6761.14153215527
2022-07-17T19:08:14.641,-115.464377,36.423132,6755.21709642223
2022-07-17T19:08:15.625,-115.46397,36.422832,6749.48376111292
2022-07-17T19:08:16.617,-115.463562,36.42251,6744.01645150395
2022-07-17T19:08:17.789,-115.46309,36.422102,6737.9467568935
2022-07-17T19:08:18.656,-115.462704,36.421824,6733.69731679956
2022-07-17T19:08:19.586,-115.462425,36.421545,6729.37215099319
2022-07-17T19:08:20.570,-115.461974,36.421223,6725.11141308441
2022-07-17T19:08:21.523,-115.461609,36.420922,6721.32693653785
2022-07-17T19:08:22.445,-115.461266,36.420686,6717.96542922844
2022-07-17T19:08:23.328,-115.46088,36.420321,6714.97496353309
2022-07-17T19:08:24.305,-115.460536,36.420043,6711.83313032391
2022-07-17T19:08:25.195,-115.460193,36.419764,6709.01693944511
2022-07-17T19:08:26.266,-115.459721,36.419399,6705.56202652902
2022-07-17T19:08:27.297,-115.459356,36.419077,6702.10321922414
2022-07-17T19:08:28.414,-115.458927,36.418755,6698.18572921806
2022-07-17T19:08:29.570,-115.458412,36.418347,6693.95548235789
2022-07-17T19:08:30.570,-115.458004,36.418004,6690.28159093013
2022-07-17T19:08:31.586,-115.457618,36.417704,6686.72309321417
2022-07-17T19:08:32.609,-115.457253,36.41736,6683.49676975798
2022-07-17T19:08:33.469,-115.456803,36.417017,6681.10564538579
2022-07-17T19:08:34.570,-115.456438,36.416695,6678.49562061081
2022-07-17T19:08:35.570,-115.455945,36.416373,6676.61897575574
2022-07-17T19:08:36.570,-115.455558,36.416051,6675.24529708078
2022-07-17T19:08:37.570,-115.455151,36.415751,6674.35702522765
2022-07-17T19:08:38.586,-115.454743,36.415386,6673.9895309035
2022-07-17T19:08:39.539,-115.454292,36.415107,6674.21765933713
2022-07-17T19:08:40.625,-115.453863,36.414785,6675.28331253556
2022-07-17T19:08:41.836,-115.453327,36.414378,6677.60309479974
2022-07-17T19:08:42.867,-115.452812,36.413991,6680.50209382112
2022-07-17T19:08:44.023,-115.45234,36.413691,6684.66395692746
2022-07-17T19:08:45.180,-115.451825,36.413262,6689.68188594002
2022-07-17T19:08:46.195,-115.451417,36.412983,6694.71716755525
2022-07-17T19:08:47.219,-115.450923,36.412618,6700.33796584974
2022-07-17T19:08:48.195,-115.450408,36.412361,6706.13788809339
2022-07-17T19:08:49.258,-115.449829,36.412082,6712.84296292163
2022-07-17T19:08:50.227,-115.449421,36.411953,6719.14861575149
2022-07-17T19:08:51.141,-115.448864,36.411846,6725.09919369043
2022-07-17T19:08:52.164,-115.44837,36.411803,6731.57256616198
2022-07-17T19:08:53.219,-115.447834,36.411803,6737.82903215791
2022-07-17T19:08:54.180,-115.447319,36.411867,6742.99409928067
2022-07-17T19:08:55.047,-115.446975,36.41191,6747.15846522345
2022-07-17T19:08:56.000,-115.446503,36.412039,6751.152153416
2022-07-17T19:08:57.016,-115.446095,36.412189,6754.72991269996
2022-07-17T19:08:58.055,-115.445623,36.412468,6757.80122571484
2022-07-17T19:08:59.094,-115.445302,36.412725,6760.36720782505
2022-07-17T19:09:00.195,-115.445044,36.412983,6762.60920762425
2022-07-17T19:09:01.227,-115.444851,36.413305,6764.29148485821
2022-07-17T19:09:02.227,-115.444744,36.413627,6765.51676755699
2022-07-17T19:09:03.188,-115.444679,36.413949,6766.28191121609
2022-07-17T19:09:04.188,-115.444679,36.414335,6766.62064776797
2022-07-17T19:09:05.078,-115.444744,36.414635,6766.5282783564
2022-07-17T19:09:06.047,-115.444851,36.414914,6766.04164924329
2022-07-17T19:09:07.188,-115.445087,36.415279,6765.03612257321
2022-07-17T19:09:08.141,-115.445387,36.415579,6763.89271692976
2022-07-17T19:09:09.109,-115.445709,36.415837,6762.49221746682
2022-07-17T19:09:10.180,-115.446031,36.416051,6760.74889311985
2022-07-17T19:09:11.234,-115.44646,36.416287,6758.82230635407
2022-07-17T19:09:12.406,-115.446911,36.416523,6756.25558789407
2022-07-17T19:09:13.367,-115.447319,36.416738,6753.82236712885
2022-07-17T19:09:14.391,-115.447705,36.416931,6751.17179116475
2022-07-17T19:09:15.484,-115.44822,36.41721,6748.62011287156
2022-07-17T19:09:16.609,-115.448606,36.417403,6746.4574303275
2022-07-17T19:09:17.625,-115.449035,36.417618,6744.9990114027
2022-07-17T19:09:18.688,-115.44955,36.417897,6744.04344675102
2022-07-17T19:09:19.648,-115.449829,36.418068,6743.72842534747
2022-07-17T19:09:20.820,-115.45028,36.418347,6744.00916175258
2022-07-17T19:09:21.984,-115.450795,36.418626,6744.9553528214
2022-07-17T19:09:23.008,-115.451181,36.418884,6746.3547012421
2022-07-17T19:09:24.008,-115.45161,36.419077,6748.27816522775
2022-07-17T19:09:25.078,-115.452061,36.419356,6751.01000939098
2022-07-17T19:09:26.156,-115.452468,36.419592,6754.45031922149
2022-07-17T19:09:27.211,-115.452919,36.419806,6758.44822127802
2022-07-17T19:09:28.266,-115.45337,36.420085,6762.98990679225
2022-07-17T19:09:29.305,-115.453799,36.420321,6767.74797133377
2022-07-17T19:09:30.359,-115.454185,36.420557,6772.57147436093
2022-07-17T19:09:31.188,-115.454528,36.420772,6776.17486412179
2022-07-17T19:09:32.148,-115.454915,36.420987,6779.9866449281
2022-07-17T19:09:33.188,-115.455322,36.42118,6783.65647920547
2022-07-17T19:09:34.125,-115.45573,36.421437,6786.64597448108
2022-07-17T19:09:35.305,-115.456266,36.421716,6790.14898515313
2022-07-17T19:09:36.461,-115.456717,36.421995,6793.42041344072
2022-07-17T19:09:37.500,-115.457146,36.422188,6796.15635937789
2022-07-17T19:09:38.484,-115.457532,36.422424,6798.56685224559
2022-07-17T19:09:39.406,-115.457897,36.422617,6800.70948776827
2022-07-17T19:09:40.570,-115.458369,36.422896,6803.5137668918
2022-07-17T19:09:41.656,-115.458884,36.423132,6806.51726739059
2022-07-17T19:09:42.750,-115.45927,36.423347,6809.97358647562
2022-07-17T19:09:43.711,-115.4597,36.423583,6813.07212019859
2022-07-17T19:09:44.797,-115.460064,36.423798,6816.44597544922
2022-07-17T19:09:45.852,-115.460515,36.423969,6819.65970721449
2022-07-17T19:09:46.898,-115.461051,36.424248,6822.83184689513
2022-07-17T19:09:47.766,-115.461395,36.424377,6825.4383321692
2022-07-17T19:09:48.750,-115.461781,36.42457,6828.3148315687
2022-07-17T19:09:49.805,-115.46221,36.424806,6831.18650385816
2022-07-17T19:09:50.828,-115.462639,36.424978,6833.50496942044
2022-07-17T19:09:51.797,-115.46309,36.425214,6835.22002669409
2022-07-17T19:09:52.781,-115.463498,36.425407,6836.47572277871
2022-07-17T19:09:53.680,-115.46397,36.425643,6837.18896556763
2022-07-17T19:09:54.617,-115.464313,36.425772,6837.48573166671
2022-07-17T19:09:55.609,-115.464699,36.426051,6837.29689344168
2022-07-17T19:09:56.469,-115.46515,36.426244,6836.70938517974
2022-07-17T19:09:57.469,-115.465558,36.426458,6835.52521041047
2022-07-17T19:09:58.555,-115.466008,36.426651,6833.67675154218
2022-07-17T19:09:59.438,-115.466373,36.426802,6831.92366029132
2022-07-17T19:10:00.430,-115.466759,36.426995,6829.88530483807
2022-07-17T19:10:01.398,-115.467253,36.427209,6827.89388927334
2022-07-17T19:10:02.289,-115.467682,36.427424,6826.09136232874
2022-07-17T19:10:03.188,-115.468025,36.427553,6824.34549984346
2022-07-17T19:10:04.211,-115.468476,36.427724,6822.50660399373
2022-07-17T19:10:05.055,-115.468948,36.427917,6821.16023024296
2022-07-17T19:10:06.125,-115.469356,36.428111,6819.74962054824
2022-07-17T19:10:07.125,-115.469806,36.428325,6818.69074376654
2022-07-17T19:10:08.289,-115.470321,36.428561,6817.75262445646
2022-07-17T19:10:09.266,-115.47075,36.428797,6817.26327381195
2022-07-17T19:10:10.188,-115.471094,36.428947,6816.77145632788
2022-07-17T19:10:11.102,-115.471523,36.429205,6816.10206851755
2022-07-17T19:10:12.070,-115.471909,36.429462,6815.08921473513
2022-07-17T19:10:13.125,-115.472252,36.429698,6813.54439670465
2022-07-17T19:10:14.102,-115.472617,36.429956,6811.76265551944
2022-07-17T19:10:15.156,-115.472939,36.430299,6809.5054280899
2022-07-17T19:10:16.219,-115.473261,36.430621,6806.84618582351
2022-07-17T19:10:17.078,-115.473518,36.430943,6804.21800665305
2022-07-17T19:10:18.258,-115.473754,36.431351,6799.51971991509
2022-07-17T19:10:19.367,-115.47384,36.431737,6793.74496112339
2022-07-17T19:10:20.352,-115.473969,36.432123,6787.50266545067
2022-07-17T19:10:21.320,-115.474012,36.432531,6780.37550136767
2022-07-17T19:10:22.375,-115.474033,36.432917,6771.58643467814
2022-07-17T19:10:23.430,-115.474012,36.433325,6762.10438988452
2022-07-17T19:10:24.445,-115.473926,36.433733,6752.69844834316
2022-07-17T19:10:25.531,-115.473754,36.434183,6742.56156000077
2022-07-17T19:10:26.711,-115.473454,36.434655,6731.82365883659
2022-07-17T19:10:27.727,-115.473197,36.435041,6723.10003984781
2022-07-17T19:10:28.852,-115.472896,36.435385,6714.14551732667
2022-07-17T19:10:29.977,-115.472424,36.43575,6706.05760691394
2022-07-17T19:10:31.109,-115.471973,36.436071,6698.92682927295
2022-07-17T19:10:32.070,-115.471501,36.436307,6693.74664373728
2022-07-17T19:10:33.039,-115.471158,36.436479,6689.40198543951
2022-07-17T19:10:34.031,-115.470665,36.436651,6685.9342182652
2022-07-17T19:10:35.156,-115.470085,36.436801,6683.28675424121
2022-07-17T19:10:36.180,-115.469527,36.436908,6681.98183767761
2022-07-17T19:10:37.078,-115.468991,36.43693,6681.23573451688
2022-07-17T19:10:37.922,-115.468605,36.43693,6680.82026015873
2022-07-17T19:10:38.992,-115.468068,36.436908,6680.79559510263
2022-07-17T19:10:39.922,-115.46751,36.436844,6681.27943106769
2022-07-17T19:10:40.891,-115.466952,36.436715,6682.13161959529
2022-07-17T19:10:41.836,-115.466545,36.436629,6683.13912265566
2022-07-17T19:10:42.859,-115.465965,36.436393,6684.33483071268
2022-07-17T19:10:43.945,-115.46545,36.4362,6685.62542364803
2022-07-17T19:10:44.922,-115.465021,36.435964,6686.78325817856
2022-07-17T19:10:45.945,-115.464528,36.43575,6687.93415385211
2022-07-17T19:10:47.016,-115.464098,36.435513,6688.84563334177
2022-07-17T19:10:47.969,-115.463669,36.435235,6689.38394481073
2022-07-17T19:10:49.039,-115.463219,36.434956,6689.79718542369
2022-07-17T19:10:50.117,-115.462747,36.434612,6690.04275402141
2022-07-17T19:10:51.000,-115.462403,36.434333,6690.1772081186
2022-07-17T19:10:51.930,-115.462017,36.434054,6690.3227409032
2022-07-17T19:10:53.047,-115.461631,36.433733,6690.53668472482
2022-07-17T19:10:54.008,-115.461223,36.433368,6690.71567314678
2022-07-17T19:10:54.922,-115.46088,36.433046,6690.79257669116
2022-07-17T19:10:55.867,-115.460536,36.432681,6690.67660247197
2022-07-17T19:10:56.891,-115.460107,36.432338,6690.20945442517
2022-07-17T19:10:57.875,-115.459785,36.431952,6689.31758148324
2022-07-17T19:10:58.820,-115.459507,36.431673,6687.99393430504
2022-07-17T19:10:59.836,-115.459056,36.431308,6686.05520209033
2022-07-17T19:11:00.867,-115.458648,36.4309,6683.61112539766
2022-07-17T19:11:01.906,-115.458241,36.430535,6680.76466676518
2022-07-17T19:11:02.867,-115.457897,36.430149,6677.87219931301
2022-07-17T19:11:03.891,-115.457489,36.429784,6674.58984754288
2022-07-17T19:11:04.828,-115.457211,36.429527,6671.44560277739
2022-07-17T19:11:05.836,-115.456846,36.429183,6667.89189440959
2022-07-17T19:11:06.828,-115.45646,36.428797,6664.19891148313
2022-07-17T19:11:07.891,-115.456009,36.428368,6660.10201245429
2022-07-17T19:11:08.867,-115.455666,36.428003,6656.40970660288
2022-07-17T19:11:09.836,-115.455387,36.427681,6653.05275661458
2022-07-17T19:11:10.859,-115.454979,36.427274,6650.05259754116
2022-07-17T19:11:11.906,-115.454571,36.426909,6647.50078733462
2022-07-17T19:11:13.000,-115.454206,36.426523,6645.11985407507
2022-07-17T19:11:14.063,-115.453799,36.426094,6642.8959539632
2022-07-17T19:11:15.047,-115.45352,36.425815,6640.80689363635
2022-07-17T19:11:15.922,-115.453155,36.425493,6638.93677712734
2022-07-17T19:11:17.031,-115.452747,36.425128,6636.60555205925
2022-07-17T19:11:18.078,-115.45234,36.424742,6634.49127842872
2022-07-17T19:11:18.992,-115.452039,36.424463,6632.69988925912
2022-07-17T19:11:19.867,-115.451653,36.424162,6630.94967067409
2022-07-17T19:11:20.820,-115.451374,36.423883,6628.85398071333
2022-07-17T19:11:21.891,-115.450923,36.423519,6626.07245869501
2022-07-17T19:11:23.000,-115.450537,36.423175,6622.57112359168
2022-07-17T19:11:23.992,-115.450237,36.422875,6618.93072659844
2022-07-17T19:11:25.000,-115.449829,36.42251,6614.80091869047
2022-07-17T19:11:26.016,-115.449486,36.422188,6610.28834469034
2022-07-17T19:11:26.992,-115.449185,36.421866,6605.8109106886
2022-07-17T19:11:27.969,-115.448799,36.421502,6601.38598472634
2022-07-17T19:11:28.883,-115.448477,36.421158,6597.45603472455
2022-07-17T19:11:29.883,-115.448177,36.420815,6593.53950059124
2022-07-17T19:11:30.969,-115.447791,36.420472,6589.79377176069
2022-07-17T19:11:31.961,-115.44749,36.420085,6586.76602877948
2022-07-17T19:11:33.039,-115.447147,36.419764,6583.84323098675
2022-07-17T19:11:33.977,-115.446846,36.419399,6581.63812511338
2022-07-17T19:11:35.109,-115.44646,36.418948,6579.45310557864
2022-07-17T19:11:35.961,-115.446224,36.418669,6578.16487193699
2022-07-17T19:11:37.063,-115.445817,36.418219,6576.97994123233
2022-07-17T19:11:37.938,-115.445538,36.41794,6576.48340982187
2022-07-17T19:11:38.945,-115.445216,36.417575,6576.4382061343
2022-07-17T19:11:40.008,-115.444915,36.41721,6577.04542463899
2022-07-17T19:11:41.102,-115.444508,36.416738,6578.39795008036
2022-07-17T19:11:42.133,-115.444164,36.416373,6580.36429403553
2022-07-17T19:11:43.219,-115.443821,36.416008,6583.18074322739
2022-07-17T19:11:44.188,-115.443456,36.415665,6586.32983829468
2022-07-17T19:11:45.211,-115.44307,36.415279,6590.27929234054
2022-07-17T19:11:46.336,-115.442684,36.414871,6595.31422447511
2022-07-17T19:11:47.461,-115.442212,36.414421,6601.03919985607
2022-07-17T19:11:48.289,-115.441933,36.414142,6605.69425087669
2022-07-17T19:11:49.219,-115.441654,36.41382,6611.35087369969
2022-07-17T19:11:50.148,-115.441289,36.413434,6617.42724657258
2022-07-17T19:11:51.219,-115.44101,36.41309,6624.93250404983
2022-07-17T19:11:52.172,-115.440645,36.412704,6632.06489736167
2022-07-17T19:11:53.250,-115.440388,36.412318,6640.71486245268
2022-07-17T19:11:54.148,-115.440066,36.41191,6648.47418477393
2022-07-17T19:11:55.000,-115.43983,36.411631,6656.36390898763
2022-07-17T19:11:56.070,-115.439422,36.411159,6667.34073340869
2022-07-17T19:11:57.117,-115.439122,36.410794,6677.48061718251
2022-07-17T19:11:58.156,-115.438843,36.410451,6685.35894431911
2022-07-17T19:11:59.156,-115.438499,36.410065,6691.89191801141
2022-07-17T19:12:00.109,-115.438199,36.409721,6698.03394949289
2022-07-17T19:12:01.156,-115.437877,36.409335,6704.92772388247
2022-07-17T19:12:15.453,-115.433457,36.404228,6685.62263823994
2022-07-17T19:12:16.469,-115.433049,36.403756,6680.82136067376
2022-07-17T19:12:17.563,-115.43277,36.403391,6675.52789961237
2022-07-17T19:12:18.586,-115.43247,36.403005,6670.35121542648
2022-07-17T19:12:19.609,-115.432148,36.40264,6664.31885541788
2022-07-17T19:12:20.711,-115.431805,36.40219,6656.75661247631
2022-07-17T19:12:21.711,-115.431547,36.401803,6650.27094812427
2022-07-17T19:12:22.797,-115.431225,36.401417,6643.8607898049
2022-07-17T19:12:23.742,-115.430946,36.400967,6638.78040220277
2022-07-17T19:12:24.789,-115.430667,36.40058,6633.68181658877
2022-07-17T19:12:25.867,-115.430367,36.400087,6628.96962311122
2022-07-17T19:12:26.727,-115.430195,36.399765,6625.57757893197
2022-07-17T19:12:27.633,-115.429981,36.399443,6622.33956497429
2022-07-17T19:12:28.641,-115.429723,36.399014,6619.13425310659
2022-07-17T19:12:29.641,-115.429401,36.398585,6616.4367733195
2022-07-17T19:12:30.672,-115.429122,36.39807,6614.29753433667
2022-07-17T19:12:31.633,-115.428886,36.397748,6612.91865481619
2022-07-17T19:12:32.641,-115.428565,36.39734,6611.89576281873
2022-07-17T19:12:33.680,-115.4282,36.396868,6611.08048987358
2022-07-17T19:12:34.602,-115.427964,36.396546,6610.56388191643
2022-07-17T19:12:35.680,-115.42762,36.396074,6610.28279522023
2022-07-17T19:12:36.609,-115.42732,36.395752,6610.33271074501
2022-07-17T19:12:37.703,-115.426977,36.39528,6610.68803852781
2022-07-17T19:12:38.750,-115.426655,36.394873,6611.2236242738
2022-07-17T19:12:39.648,-115.426376,36.394551,6611.71349539312
2022-07-17T19:12:40.617,-115.426097,36.394165,6612.15684102058
2022-07-17T19:12:41.617,-115.425732,36.393778,6612.45207323618
2022-07-17T19:12:42.578,-115.425453,36.393414,6612.45024700089
2022-07-17T19:12:43.672,-115.425045,36.392963,6612.07871920248
2022-07-17T19:12:44.750,-115.424767,36.392534,6611.34166403514
2022-07-17T19:12:45.641,-115.424488,36.392212,6610.46462864959
2022-07-17T19:12:46.563,-115.424166,36.391847,6609.31098091307
2022-07-17T19:12:47.430,-115.423887,36.391568,6608.00562338016
2022-07-17T19:12:48.508,-115.423479,36.391096,6606.0957946355
2022-07-17T19:12:49.531,-115.423114,36.390753,6604.06652391324
2022-07-17T19:12:50.477,-115.422771,36.390345,6602.25335780091
2022-07-17T19:12:51.547,-115.422428,36.389959,6600.39692691098
2022-07-17T19:12:52.617,-115.42202,36.389616,6598.7282164439
2022-07-17T19:12:53.750,-115.421612,36.389186,6597.12245136394
2022-07-17T19:12:54.898,-115.42114,36.388714,6595.59116985339
2022-07-17T19:12:55.906,-115.420754,36.388371,6594.2004743844
2022-07-17T19:12:56.938,-115.420368,36.388028,6592.67524259923
2022-07-17T19:12:57.867,-115.420024,36.387641,6591.22405026589
2022-07-17T19:12:58.852,-115.419724,36.387362,6589.6806810803
2022-07-17T19:12:59.883,-115.419273,36.386955,6588.09682955487
2022-07-17T19:13:00.789,-115.418994,36.386676,6586.6240415636
2022-07-17T19:13:01.656,-115.41863,36.38629,6585.08090512506
2022-07-17T19:13:02.656,-115.418243,36.385946,6583.17523267202
2022-07-17T19:13:03.703,-115.417857,36.38556,6581.23649799544
2022-07-17T19:13:04.547,-115.417578,36.385281,6579.86835591605
2022-07-17T19:13:05.602,-115.417213,36.384938,6578.49491861392
2022-07-17T19:13:06.680,-115.416763,36.384466,6577.54887955054
2022-07-17T19:13:07.758,-115.416462,36.384165,6577.03945297237
2022-07-17T19:13:08.867,-115.41599,36.383693,6577.00697189749
2022-07-17T19:13:09.797,-115.415711,36.383414,6577.40910573624
2022-07-17T19:13:10.883,-115.415282,36.382985,6578.35510617613
2022-07-17T19:13:11.867,-115.414917,36.382642,6579.54055090938
2022-07-17T19:13:12.953,-115.414596,36.382298,6581.66658569157
2022-07-17T19:13:13.898,-115.414231,36.381955,6584.64027528646
2022-07-17T19:13:14.828,-115.413952,36.381676,6588.60867138722
2022-07-17T19:13:15.719,-115.413651,36.381311,6593.30544631487
2022-07-17T19:13:16.773,-115.413265,36.38099,6599.89395449753
2022-07-17T19:13:17.891,-115.412922,36.380582,6607.98178965752
2022-07-17T19:13:19.063,-115.412514,36.380217,6617.52590895373
2022-07-17T19:13:19.969,-115.4123,36.379938,6625.52678103084
2022-07-17T19:13:21.008,-115.411956,36.379638,6635.1025178523
2022-07-17T19:13:22.039,-115.411656,36.379359,6644.77947381501
2022-07-17T19:13:22.992,-115.411377,36.379037,6653.8852076682
2022-07-17T19:13:24.070,-115.411034,36.378672,6664.39926093328
2022-07-17T19:13:25.039,-115.410798,36.378436,6673.95615616245
2022-07-17T19:13:26.109,-115.410433,36.37805,6684.70932517362
2022-07-17T19:13:27.039,-115.410218,36.377835,6694.32973095025
2022-07-17T19:13:28.164,-115.409918,36.377449,6706.35754936118
2022-07-17T19:13:29.320,-115.409617,36.377041,6719.12239273548
2022-07-17T19:13:30.258,-115.409381,36.376741,6729.59441264545
2022-07-17T19:13:31.273,-115.409102,36.376376,6740.94093021912
2022-07-17T19:13:32.258,-115.408909,36.376097,6751.91023883583
2022-07-17T19:13:33.383,-115.40863,36.375775,6764.3133331333
2022-07-17T19:13:34.453,-115.408394,36.375453,6775.90251572095
2022-07-17T19:13:35.398,-115.408158,36.375175,6785.9074002588
2022-07-17T19:13:36.422,-115.407879,36.374917,6796.46907717348
2022-07-17T19:13:37.398,-115.407579,36.37466,6806.23352626904
2022-07-17T19:13:38.563,-115.407236,36.374338,6817.47430876669
2022-07-17T19:13:39.422,-115.407,36.374145,6825.47776080134
2022-07-17T19:13:40.438,-115.406678,36.373909,6834.63071678718
2022-07-17T19:13:41.438,-115.40642,36.37363,6843.25910647244
2022-07-17T19:13:42.477,-115.405991,36.373351,6851.73870895459
2022-07-17T19:13:43.539,-115.405712,36.373115,6859.8114563007
2022-07-17T19:13:44.508,-115.405412,36.372836,6866.62745796155
2022-07-17T19:13:45.578,-115.40509,36.372621,6873.52699107844
2022-07-17T19:13:46.648,-115.404768,36.372385,6879.73025618101
2022-07-17T19:13:47.664,-115.40436,36.372106,6884.98986053308
2022-07-17T19:13:48.727,-115.403996,36.371891,6889.86751830584
2022-07-17T19:13:49.688,-115.403717,36.371677,6893.77366045789
2022-07-17T19:13:50.570,-115.403438,36.371505,6896.95523957528
2022-07-17T19:13:51.633,-115.40303,36.371291,6900.30904081438
2022-07-17T19:13:52.563,-115.402665,36.371119,6902.85120988703
2022-07-17T19:13:53.617,-115.402343,36.370926,6905.33049032657
2022-07-17T19:13:54.500,-115.401914,36.370797,6907.14815469579
2022-07-17T19:13:55.492,-115.401528,36.370604,6908.97816134962
2022-07-17T19:13:56.477,-115.401142,36.370432,6910.59354163812
2022-07-17T19:13:57.633,-115.400798,36.370196,6912.22100068647
2022-07-17T19:13:58.664,-115.400455,36.370003,6913.43520943524
2022-07-17T19:13:59.609,-115.400047,36.369832,6914.42915084249
2022-07-17T19:14:00.563,-115.399683,36.369596,6915.3463844266
2022-07-17T19:14:01.547,-115.399296,36.369359,6916.16104716008
2022-07-17T19:14:02.547,-115.398932,36.369166,6916.75835957408
2022-07-17T19:14:03.539,-115.39861,36.368909,6917.01216474735
2022-07-17T19:14:04.641,-115.398288,36.368694,6916.86278490924
2022-07-17T19:14:05.539,-115.397923,36.368458,6916.41748156208
2022-07-17T19:14:06.461,-115.397644,36.368265,6915.64168553558
2022-07-17T19:14:07.563,-115.397236,36.367986,6914.29210140529
2022-07-17T19:14:08.688,-115.39685,36.367686,6912.47352825095
2022-07-17T19:14:09.719,-115.396485,36.36745,6910.36396086808
2022-07-17T19:14:10.844,-115.396099,36.367214,6907.40796022447
2022-07-17T19:14:11.789,-115.395777,36.366978,6904.24096707956
2022-07-17T19:14:12.773,-115.395348,36.36672,6900.22669281998
2022-07-17T19:14:13.867,-115.394962,36.366398,6894.92972957281
2022-07-17T19:14:14.844,-115.394619,36.366162,6889.47840169699
2022-07-17T19:14:15.781,-115.394254,36.365905,6883.62752057783
2022-07-17T19:14:16.734,-115.393867,36.365626,6877.06679929056
2022-07-17T19:14:17.703,-115.393503,36.365304,6869.81201716538
2022-07-17T19:14:18.680,-115.393116,36.365025,6862.07248344346
2022-07-17T19:14:19.711,-115.39273,36.364746,6853.65405596334
2022-07-17T19:14:20.641,-115.392451,36.364467,6845.99555155896
2022-07-17T19:14:21.742,-115.391915,36.364145,6837.01511729056
2022-07-17T19:14:22.633,-115.391614,36.363909,6829.88074808369
2022-07-17T19:14:23.570,-115.391228,36.363609,6822.55629475106
2022-07-17T19:14:24.492,-115.390799,36.363308,6815.56849728189
2022-07-17T19:14:25.570,-115.390434,36.363008,6807.69897070402
2022-07-17T19:14:26.617,-115.390048,36.362708,6800.38573832907
2022-07-17T19:14:27.492,-115.38964,36.362407,6794.54505011933
2022-07-17T19:14:28.500,-115.389233,36.36215,6788.18175336981
2022-07-17T19:14:29.438,-115.388868,36.361914,6782.66209303327
2022-07-17T19:14:30.422,-115.388482,36.361592,6777.30753241429
2022-07-17T19:14:31.398,-115.388052,36.361291,6772.42434433967
2022-07-17T19:14:32.305,-115.387688,36.360991,6768.23712837136
2022-07-17T19:14:33.438,-115.387237,36.360691,6763.42318306801
2022-07-17T19:14:34.453,-115.386829,36.36039,6759.42881883996
2022-07-17T19:14:35.555,-115.386314,36.360025,6755.35621336842
2022-07-17T19:14:36.570,-115.385907,36.359725,6751.7805417379
2022-07-17T19:14:38.117,-115.385263,36.359253,6746.68618411214
2022-07-17T19:14:39.219,-115.384834,36.358974,6743.41071454961
2022-07-17T19:14:40.250,-115.384383,36.358695,6740.71082441081
2022-07-17T19:14:41.273,-115.383911,36.358373,6738.48193645238
2022-07-17T19:14:42.430,-115.383461,36.358116,6736.56031118913
2022-07-17T19:14:43.359,-115.382967,36.357815,6735.54031906943
2022-07-17T19:14:44.344,-115.382602,36.357515,6735.0231059602
2022-07-17T19:14:45.367,-115.382152,36.357257,6735.11011918328
2022-07-17T19:14:46.461,-115.381744,36.356957,6735.99771408973
2022-07-17T19:14:47.578,-115.381229,36.356592,6737.92472193969
2022-07-17T19:14:48.680,-115.380714,36.35627,6740.90171992286
2022-07-17T19:14:49.602,-115.380371,36.356056,6744.2372547649
2022-07-17T19:14:50.719,-115.379856,36.355734,6749.33830330759
2022-07-17T19:14:51.633,-115.379555,36.355498,6754.42122966243
2022-07-17T19:14:52.703,-115.379105,36.355176,6761.57661841973
2022-07-17T19:14:53.813,-115.378718,36.354918,6770.5397623061
2022-07-17T19:14:54.930,-115.378311,36.354597,6781.35957018221
2022-07-17T19:14:55.820,-115.37801,36.354403,6791.46732726083
2022-07-17T19:14:56.898,-115.377603,36.354125,6805.71859893235
2022-07-17T19:14:57.898,-115.377216,36.353846,6821.05800703825
2022-07-17T19:14:58.852,-115.37698,36.353674,6837.54988187151
