2022-07-17T18:45:01.398,194.8
2022-07-17T18:45:01.805,194.7
2022-07-17T18:45:02.398,194.5
2022-07-17T18:45:02.859,194.4
2022-07-17T18:45:03.594,194.5
2022-07-17T18:45:03.938,194.5
2022-07-17T18:45:04.398,194.6
2022-07-17T18:45:05.039,194.8
2022-07-17T18:45:05.594,195.0
2022-07-17T18:45:06.055,195.1
2022-07-17T18:45:07.039,195.3
2022-07-17T18:45:08.164,195.4
2022-07-17T18:45:08.797,195.5
2022-07-17T18:45:09.164,195.5
2022-07-17T18:45:09.594,195.5
2022-07-17T18:45:10.195,195.5
2022-07-17T18:45:11.195,195.4
2022-07-17T18:45:12.406,195.1
2022-07-17T18:45:13.195,194.8
2022-07-17T18:45:13.492,194.5
2022-07-17T18:45:14.414,194.2
2022-07-17T18:45:14.797,194.1
2022-07-17T18:45:15.313,194.0
2022-07-17T18:45:15.594,193.9
2022-07-17T18:45:16.273,193.9
2022-07-17T18:45:16.594,193.9
2022-07-17T18:45:17.180,193.9
2022-07-17T18:45:18.102,194.0
2022-07-17T18:45:18.398,194.1
2022-07-17T18:45:19.070,194.2
2022-07-17T18:45:19.398,194.3
2022-07-17T18:45:20.117,194.4
2022-07-17T18:45:20.797,194.4
2022-07-17T18:45:21.172,194.5
2022-07-17T18:45:22.117,194.5
2022-07-17T18:45:22.594,194.6
2022-07-17T18:45:22.945,194.6
2022-07-17T18:45:23.375,194.7
2022-07-17T18:45:23.797,194.8
2022-07-17T18:45:24.422,194.9
2022-07-17T18:45:24.859,194.9
2022-07-17T18:45:25.195,195.0
2022-07-17T18:45:25.453,195.0
2022-07-17T18:45:25.961,194.9
2022-07-17T18:45:26.398,194.9
2022-07-17T18:45:27.055,194.8
2022-07-17T18:45:27.586,194.7
2022-07-17T18:45:27.992,194.6
2022-07-17T18:45:28.398,194.5
2022-07-17T18:45:29.125,194.4
2022-07-17T18:45:29.594,194.3
2022-07-17T18:45:30.227,194.3
2022-07-17T18:45:30.813,194.4
2022-07-17T18:45:31.984,194.5
2022-07-17T18:45:32.563,194.6
2022-07-17T18:45:33.031,194.6
2022-07-17T18:45:33.492,194.7
2022-07-17T18:45:34.055,194.7
2022-07-17T18:45:34.539,194.8
2022-07-17T18:45:35.055,194.8
2022-07-17T18:45:35.547,194.9
2022-07-17T18:45:36.094,195.0
2022-07-17T18:45:36.398,195.0
2022-07-17T18:45:37.094,195.0
2022-07-17T18:45:37.398,195.0
2022-07-17T18:45:38.141,194.8
2022-07-17T18:45:38.711,194.6
2022-07-17T18:45:39.164,194.2
2022-07-17T18:45:39.703,193.6
2022-07-17T18:45:40.234,193.1
2022-07-17T18:45:40.594,192.6
2022-07-17T18:45:41.156,192.2
2022-07-17T18:45:41.570,191.9
2022-07-17T18:45:42.195,191.7
2022-07-17T18:45:42.594,191.5
2022-07-17T18:45:43.078,191.4
2022-07-17T18:45:43.641,191.4
2022-07-17T18:45:44.172,191.4
2022-07-17T18:45:44.625,191.5
2022-07-17T18:45:45.148,191.6
2022-07-17T18:45:45.555,191.8
2022-07-17T18:45:45.977,192.0
2022-07-17T18:45:46.406,192.2
2022-07-17T18:45:46.984,192.3
2022-07-17T18:45:47.484,192.4
2022-07-17T18:45:47.797,192.5
2022-07-17T18:45:48.070,192.6
2022-07-17T18:45:48.602,192.7
2022-07-17T18:45:49.078,192.7
2022-07-17T18:45:49.500,192.6
2022-07-17T18:45:50.102,192.5
2022-07-17T18:45:50.586,192.2
2022-07-17T18:45:51.031,192.0
2022-07-17T18:45:51.438,191.7
2022-07-17T18:45:51.797,191.4
2022-07-17T18:45:52.398,191.1
2022-07-17T18:45:53.023,190.8
2022-07-17T18:45:53.398,190.5
2022-07-17T18:45:54.148,190.1
2022-07-17T18:45:54.594,189.8
2022-07-17T18:45:55.023,189.5
2022-07-17T18:45:55.438,189.3
2022-07-17T18:45:55.797,189.0
2022-07-17T18:45:56.516,188.8
2022-07-17T18:45:56.984,188.6
2022-07-17T18:45:57.531,188.3
2022-07-17T18:45:58.023,188.2
2022-07-17T18:45:58.570,188.0
2022-07-17T18:45:59.156,187.9
2022-07-17T18:45:59.617,187.8
2022-07-17T18:46:00.055,187.8
2022-07-17T18:46:00.539,187.8
2022-07-17T18:46:01.070,187.9
2022-07-17T18:46:01.586,187.9
2022-07-17T18:46:02.164,188.0
2022-07-17T18:46:02.750,188.1
2022-07-17T18:46:03.195,188.2
2022-07-17T18:46:03.875,188.2
2022-07-17T18:46:04.398,188.2
2022-07-17T18:46:04.945,188.2
2022-07-17T18:46:05.383,188.3
2022-07-17T18:46:05.789,188.3
2022-07-17T18:46:06.344,188.3
2022-07-17T18:46:06.797,188.3
2022-07-17T18:46:07.523,188.3
2022-07-17T18:46:07.797,188.4
2022-07-17T18:46:08.422,188.3
2022-07-17T18:46:08.930,188.3
2022-07-17T18:46:09.398,188.1
2022-07-17T18:46:10.055,187.8
2022-07-17T18:46:10.477,187.6
2022-07-17T18:46:11.063,187.3
2022-07-17T18:46:11.469,187.1
2022-07-17T18:46:12.031,187.0
2022-07-17T18:46:12.398,186.8
2022-07-17T18:46:13.164,186.7
2022-07-17T18:46:13.750,186.6
2022-07-17T18:46:14.328,186.5
2022-07-17T18:46:14.594,186.5
2022-07-17T18:46:14.891,186.6
2022-07-17T18:46:15.195,186.6
2022-07-17T18:46:15.820,186.6
2022-07-17T18:46:16.398,186.6
2022-07-17T18:46:16.813,186.6
2022-07-17T18:46:17.266,186.6
2022-07-17T18:46:17.727,186.7
2022-07-17T18:46:18.188,186.8
2022-07-17T18:46:18.680,186.9
2022-07-17T18:46:19.188,187.1
2022-07-17T18:46:19.734,187.3
2022-07-17T18:46:20.273,187.4
2022-07-17T18:46:20.711,187.5
2022-07-17T18:46:21.195,187.6
2022-07-17T18:46:21.742,187.7
2022-07-17T18:46:22.289,187.8
2022-07-17T18:46:22.828,188.0
2022-07-17T18:46:23.359,188.1
2022-07-17T18:46:23.883,188.3
2022-07-17T18:46:24.336,188.4
2022-07-17T18:46:24.797,188.4
2022-07-17T18:46:25.289,188.5
2022-07-17T18:46:25.797,188.4
2022-07-17T18:46:26.195,188.3
2022-07-17T18:46:27.008,188.2
2022-07-17T18:46:27.523,187.9
2022-07-17T18:46:27.797,187.7
2022-07-17T18:46:28.359,187.5
2022-07-17T18:46:28.789,187.3
2022-07-17T18:46:29.352,187.1
2022-07-17T18:46:29.766,187.0
2022-07-17T18:46:30.289,186.9
2022-07-17T18:46:30.594,186.9
2022-07-17T18:46:31.164,186.8
2022-07-17T18:46:31.688,186.8
2022-07-17T18:46:32.156,186.8
2022-07-17T18:46:32.688,186.8
2022-07-17T18:46:33.195,186.8
2022-07-17T18:46:33.703,186.8
2022-07-17T18:46:34.117,186.8
2022-07-17T18:46:34.523,186.9
2022-07-17T18:46:35.055,187.0
2022-07-17T18:46:35.578,187.2
2022-07-17T18:46:36.133,187.5
2022-07-17T18:46:36.711,187.9
2022-07-17T18:46:37.195,188.3
2022-07-17T18:46:37.859,188.8
2022-07-17T18:46:38.266,189.1
2022-07-17T18:46:38.594,189.3
2022-07-17T18:46:39.195,189.3
2022-07-17T18:46:39.836,189.3
2022-07-17T18:46:40.242,189.2
2022-07-17T18:46:40.781,189.0
2022-07-17T18:46:41.367,188.7
2022-07-17T18:46:41.781,188.4
2022-07-17T18:46:42.281,188.1
2022-07-17T18:46:42.797,187.7
2022-07-17T18:46:43.195,187.3
2022-07-17T18:46:43.883,186.9
2022-07-17T18:46:44.195,186.6
2022-07-17T18:46:44.867,186.3
2022-07-17T18:46:45.352,185.9
2022-07-17T18:46:45.797,185.6
2022-07-17T18:46:46.195,185.2
2022-07-17T18:46:46.906,184.9
2022-07-17T18:46:47.359,184.6
2022-07-17T18:46:47.797,184.5
2022-07-17T18:46:48.453,184.4
2022-07-17T18:46:48.898,184.4
2022-07-17T18:46:49.398,184.4
2022-07-17T18:46:49.930,184.5
2022-07-17T18:46:50.398,184.6
2022-07-17T18:46:51.000,184.8
2022-07-17T18:46:51.523,185.0
2022-07-17T18:46:51.797,185.1
2022-07-17T18:46:52.070,185.2
2022-07-17T18:46:52.398,185.3
2022-07-17T18:46:53.125,185.4
2022-07-17T18:46:53.539,185.5
2022-07-17T18:46:53.797,185.6
2022-07-17T18:46:54.133,185.7
2022-07-17T18:46:54.656,185.8
2022-07-17T18:46:55.063,186.0
2022-07-17T18:46:55.617,186.2
2022-07-17T18:46:56.141,186.4
2022-07-17T18:46:56.602,186.6
2022-07-17T18:46:57.023,186.9
2022-07-17T18:46:57.523,187.1
2022-07-17T18:46:58.031,187.4
2022-07-17T18:46:58.555,187.6
2022-07-17T18:46:59.109,187.9
2022-07-17T18:46:59.594,188.1
2022-07-17T18:47:00.141,188.4
2022-07-17T18:47:00.586,188.5
2022-07-17T18:47:01.148,188.6
2022-07-17T18:47:01.594,188.5
2022-07-17T18:47:02.227,188.4
2022-07-17T18:47:02.797,188.2
2022-07-17T18:47:03.195,188.0
2022-07-17T18:47:03.781,187.6
2022-07-17T18:47:04.797,186.8
2022-07-17T18:47:05.594,185.7
2022-07-17T18:47:06.195,184.6
2022-07-17T18:47:06.758,183.5
2022-07-17T18:47:07.797,182.4
2022-07-17T18:47:08.195,181.4
2022-07-17T18:47:08.914,180.8
2022-07-17T18:47:09.484,180.7
2022-07-17T18:47:09.953,180.9
2022-07-17T18:47:10.594,181.8
2022-07-17T18:47:24.594,181.8
2022-07-17T18:47:25.797,181.7
2022-07-17T18:47:26.594,181.0
2022-07-17T18:47:26.922,181.1
2022-07-17T18:47:27.195,181.2
2022-07-17T18:47:27.797,181.1
2022-07-17T18:47:28.594,180.9
2022-07-17T18:47:28.875,180.5
2022-07-17T18:47:29.797,180.2
2022-07-17T18:47:30.398,179.9
2022-07-17T18:47:31.031,179.7
2022-07-17T18:47:32.078,179.5
2022-07-17T18:47:32.398,179.3
2022-07-17T18:47:32.984,179.1
2022-07-17T18:47:33.594,178.9
2022-07-17T18:47:34.039,178.8
2022-07-17T18:47:34.797,178.7
2022-07-17T18:47:35.109,178.7
2022-07-17T18:47:35.398,178.7
2022-07-17T18:47:36.031,178.8
2022-07-17T18:47:36.594,179.0
2022-07-17T18:47:37.148,179.2
2022-07-17T18:47:37.680,179.5
2022-07-17T18:47:38.133,179.8
2022-07-17T18:47:38.680,180.0
2022-07-17T18:47:39.133,180.3
2022-07-17T18:47:39.727,180.5
2022-07-17T18:47:40.203,180.6
2022-07-17T18:47:40.609,180.8
2022-07-17T18:47:41.055,181.0
2022-07-17T18:47:41.648,181.2
2022-07-17T18:47:42.063,181.4
2022-07-17T18:47:42.539,181.4
2022-07-17T18:47:42.797,181.3
2022-07-17T18:47:43.523,181.1
2022-07-17T18:47:44.016,180.8
2022-07-17T18:47:44.547,180.4
2022-07-17T18:47:44.797,180.2
2022-07-17T18:47:45.195,180.0
2022-07-17T18:47:45.469,179.8
2022-07-17T18:47:46.070,179.6
2022-07-17T18:47:46.398,179.4
2022-07-17T18:47:47.086,179.2
2022-07-17T18:47:47.492,178.9
2022-07-17T18:47:48.070,178.7
2022-07-17T18:47:48.398,178.5
2022-07-17T18:47:49.086,178.3
2022-07-17T18:47:49.664,178.1
2022-07-17T18:47:50.164,177.9
2022-07-17T18:47:50.609,177.8
2022-07-17T18:47:51.039,177.8
2022-07-17T18:47:51.563,177.8
2022-07-17T18:47:52.094,177.8
2022-07-17T18:47:52.672,177.8
2022-07-17T18:47:53.203,177.9
2022-07-17T18:47:53.633,177.9
2022-07-17T18:47:54.063,178.0
2022-07-17T18:47:54.555,178.0
2022-07-17T18:47:55.055,178.1
2022-07-17T18:47:55.539,178.2
2022-07-17T18:47:55.992,178.3
2022-07-17T18:47:56.438,178.5
2022-07-17T18:47:56.984,178.7
2022-07-17T18:47:57.445,178.9
2022-07-17T18:47:57.797,179.0
2022-07-17T18:47:58.313,179.2
2022-07-17T18:47:58.820,179.3
2022-07-17T18:47:59.391,179.5
2022-07-17T18:47:59.828,179.8
2022-07-17T18:48:00.422,180.1
2022-07-17T18:48:00.945,180.3
2022-07-17T18:48:01.477,180.3
2022-07-17T18:48:01.953,180.3
2022-07-17T18:48:02.398,180.1
2022-07-17T18:48:02.992,180.0
2022-07-17T18:48:03.563,179.8
2022-07-17T18:48:04.055,179.7
2022-07-17T18:48:04.500,179.7
2022-07-17T18:48:04.992,179.6
2022-07-17T18:48:05.461,179.6
2022-07-17T18:48:05.875,179.5
2022-07-17T18:48:06.383,179.4
2022-07-17T18:48:06.797,179.3
2022-07-17T18:48:07.195,179.2
2022-07-17T18:48:07.742,179.2
2022-07-17T18:48:08.336,179.3
2022-07-17T18:48:08.789,179.4
2022-07-17T18:48:09.219,179.6
2022-07-17T18:48:09.695,179.8
2022-07-17T18:48:10.250,180.1
2022-07-17T18:48:10.773,180.3
2022-07-17T18:48:11.305,180.4
2022-07-17T18:48:11.766,180.5
2022-07-17T18:48:12.195,180.6
2022-07-17T18:48:12.758,180.6
2022-07-17T18:48:13.195,180.6
2022-07-17T18:48:13.875,180.6
2022-07-17T18:48:14.781,180.3
2022-07-17T18:48:15.242,180.0
2022-07-17T18:48:15.594,179.5
2022-07-17T18:48:16.398,179.2
2022-07-17T18:48:16.758,179.0
2022-07-17T18:48:17.305,179.0
2022-07-17T18:48:17.594,179.0
2022-07-17T18:48:17.859,179.0
2022-07-17T18:48:18.195,179.0
2022-07-17T18:48:18.961,179.1
2022-07-17T18:48:19.477,179.2
2022-07-17T18:48:19.953,179.3
2022-07-17T18:48:20.500,179.3
2022-07-17T18:48:20.938,179.2
2022-07-17T18:48:21.422,179.3
2022-07-17T18:48:21.797,179.4
2022-07-17T18:48:22.438,179.6
2022-07-17T18:48:22.797,179.9
2022-07-17T18:48:23.461,180.4
2022-07-17T18:48:24.055,180.9
2022-07-17T18:48:24.594,181.4
2022-07-17T18:48:25.172,181.8
2022-07-17T18:48:25.594,182.0
2022-07-17T18:48:26.164,182.2
2022-07-17T18:48:26.570,182.4
2022-07-17T18:48:26.984,182.5
2022-07-17T18:48:27.578,182.7
2022-07-17T18:48:28.164,182.9
2022-07-17T18:48:28.688,183.0
2022-07-17T18:48:29.125,183.2
2022-07-17T18:48:29.547,183.4
2022-07-17T18:48:30.078,183.6
2022-07-17T18:48:30.398,183.8
2022-07-17T18:48:31.008,184.0
2022-07-17T18:48:31.398,184.2
2022-07-17T18:48:32.086,184.4
2022-07-17T18:48:32.500,184.4
2022-07-17T18:48:33.023,184.5
2022-07-17T18:48:33.594,184.4
2022-07-17T18:48:34.063,184.4
2022-07-17T18:48:34.594,184.4
2022-07-17T18:48:35.156,184.4
2022-07-17T18:48:36.070,184.4
2022-07-17T18:48:36.594,184.5
2022-07-17T18:48:37.047,184.5
2022-07-17T18:48:37.398,184.7
2022-07-17T18:48:38.133,184.9
2022-07-17T18:48:39.133,185.2
2022-07-17T18:48:39.398,185.4
2022-07-17T18:48:40.055,185.5
2022-07-17T18:48:40.625,185.7
2022-07-17T18:48:41.094,185.9
2022-07-17T18:48:42.094,186.2
2022-07-17T18:48:42.594,186.6
2022-07-17T18:48:43.117,186.9
2022-07-17T18:48:43.594,187.1
2022-07-17T18:48:44.141,187.4
2022-07-17T18:48:44.594,187.7
2022-07-17T18:48:45.133,188.0
2022-07-17T18:48:45.594,188.2
2022-07-17T18:48:46.141,188.4
2022-07-17T18:48:46.586,188.6
2022-07-17T18:48:47.156,188.7
2022-07-17T18:48:47.594,188.8
2022-07-17T18:48:48.078,188.9
2022-07-17T18:48:48.398,188.9
2022-07-17T18:48:49.016,188.9
2022-07-17T18:48:49.797,188.8
2022-07-17T18:48:50.594,188.8
2022-07-17T18:48:51.117,188.8
2022-07-17T18:48:51.797,188.7
2022-07-17T18:48:52.195,188.7
2022-07-17T18:48:53.336,188.6
2022-07-17T18:48:53.750,188.5
2022-07-17T18:48:54.195,188.4
2022-07-17T18:48:54.727,188.3
2022-07-17T18:48:55.141,188.2
2022-07-17T18:48:55.594,188.2
2022-07-17T18:48:56.180,188.4
2022-07-17T18:48:57.211,188.6
2022-07-17T18:48:57.594,188.8
2022-07-17T18:48:58.109,189.0
2022-07-17T18:48:58.594,189.2
2022-07-17T18:48:59.195,189.2
2022-07-17T18:48:59.688,189.3
2022-07-17T18:49:00.242,189.5
2022-07-17T18:49:00.656,189.6
2022-07-17T18:49:01.227,189.8
2022-07-17T18:49:01.672,190.0
2022-07-17T18:49:02.133,190.3
2022-07-17T18:49:03.031,190.7
2022-07-17T18:49:03.398,191.1
2022-07-17T18:49:04.109,191.4
2022-07-17T18:49:05.117,191.7
2022-07-17T18:49:05.594,192.0
2022-07-17T18:49:06.188,192.2
2022-07-17T18:49:07.195,192.2
2022-07-17T18:49:08.234,192.1
2022-07-17T18:49:08.672,192.1
2022-07-17T18:49:09.094,192.0
2022-07-17T18:49:09.398,192.0
2022-07-17T18:49:10.016,192.0
2022-07-17T18:49:11.039,191.8
2022-07-17T18:49:11.633,191.5
2022-07-17T18:49:12.156,191.2
2022-07-17T18:49:12.797,190.9
2022-07-17T18:49:13.180,190.6
2022-07-17T18:49:14.258,190.4
2022-07-17T18:49:14.773,190.2
2022-07-17T18:49:15.313,190.1
2022-07-17T18:49:15.594,190.1
2022-07-17T18:49:16.203,190.1
2022-07-17T18:49:16.797,190.1
2022-07-17T18:49:17.398,190.2
2022-07-17T18:49:17.898,190.2
2022-07-17T18:49:18.195,190.1
2022-07-17T18:49:18.898,190.0
2022-07-17T18:49:19.594,189.7
2022-07-17T18:49:19.945,189.5
2022-07-17T18:49:20.367,189.3
2022-07-17T18:49:20.969,189.1
2022-07-17T18:49:21.398,188.8
2022-07-17T18:49:21.961,188.6
2022-07-17T18:49:22.797,188.5
2022-07-17T18:49:23.398,188.5
2022-07-17T18:49:24.047,188.7
2022-07-17T18:49:24.594,188.9
2022-07-17T18:49:25.164,189.1
2022-07-17T18:49:25.797,189.3
2022-07-17T18:49:26.180,189.4
2022-07-17T18:49:26.664,189.5
2022-07-17T18:49:27.195,189.6
2022-07-17T18:49:27.594,189.6
2022-07-17T18:49:28.203,189.7
2022-07-17T18:49:28.594,189.7
2022-07-17T18:49:29.203,189.8
2022-07-17T18:49:29.750,189.8
2022-07-17T18:49:30.195,189.9
2022-07-17T18:49:30.836,190.1
2022-07-17T18:49:31.305,190.2
2022-07-17T18:49:31.594,190.2
2022-07-17T18:49:32.422,190.1
2022-07-17T18:49:32.797,189.8
2022-07-17T18:49:33.195,189.3
2022-07-17T18:49:33.805,188.8
2022-07-17T18:49:34.336,188.3
2022-07-17T18:49:34.594,187.9
2022-07-17T18:49:35.273,187.8
2022-07-17T18:49:36.227,187.8
2022-07-17T18:49:36.594,187.9
2022-07-17T18:49:37.359,188.2
2022-07-17T18:49:37.930,188.4
2022-07-17T18:49:38.383,188.8
2022-07-17T18:49:39.492,189.2
2022-07-17T18:49:40.398,189.6
2022-07-17T18:49:41.477,189.8
2022-07-17T18:49:41.797,189.8
2022-07-17T18:49:42.445,189.9
2022-07-17T18:49:43.289,189.9
2022-07-17T18:49:43.742,190.1
2022-07-17T18:49:44.313,190.2
2022-07-17T18:49:44.797,190.3
2022-07-17T18:49:45.422,190.3
2022-07-17T18:49:45.797,190.4
2022-07-17T18:49:46.391,190.3
2022-07-17T18:49:46.797,190.2
2022-07-17T18:49:47.539,190.2
2022-07-17T18:49:47.984,190.2
2022-07-17T18:49:48.453,190.2
2022-07-17T18:49:49.039,190.4
2022-07-17T18:49:49.398,190.5
2022-07-17T18:49:50.125,190.8
2022-07-17T18:49:50.398,191.1
2022-07-17T18:49:51.195,191.4
2022-07-17T18:49:51.688,191.7
2022-07-17T18:49:52.594,192.0
2022-07-17T18:49:53.172,192.2
2022-07-17T18:49:53.633,192.3
2022-07-17T18:49:54.398,192.3
2022-07-17T18:49:54.688,192.4
2022-07-17T18:49:55.195,192.4
2022-07-17T18:49:55.617,192.4
2022-07-17T18:49:56.195,192.4
2022-07-17T18:49:56.633,192.5
2022-07-17T18:49:57.398,192.6
2022-07-17T18:49:58.594,192.7
2022-07-17T18:49:59.570,192.7
2022-07-17T18:49:59.977,192.6
2022-07-17T18:50:00.398,192.6
2022-07-17T18:50:01.508,192.6
2022-07-17T18:50:01.797,192.7
2022-07-17T18:50:02.102,192.7
2022-07-17T18:50:02.625,192.7
2022-07-17T18:50:03.063,192.7
2022-07-17T18:50:03.617,192.7
2022-07-17T18:50:04.125,192.7
2022-07-17T18:50:04.578,192.7
2022-07-17T18:50:05.039,192.7
2022-07-17T18:50:05.539,192.7
2022-07-17T18:50:05.797,192.7
2022-07-17T18:50:06.070,192.6
2022-07-17T18:50:06.484,192.5
2022-07-17T18:50:06.797,192.4
2022-07-17T18:50:07.609,192.2
2022-07-17T18:50:08.039,192.0
2022-07-17T18:50:08.578,191.9
2022-07-17T18:50:09.141,191.7
2022-07-17T18:50:09.398,191.6
2022-07-17T18:50:10.109,191.4
2022-07-17T18:50:10.398,191.1
2022-07-17T18:50:10.648,191.0
2022-07-17T18:50:11.172,190.8
2022-07-17T18:50:11.594,190.6
2022-07-17T18:50:12.188,190.3
2022-07-17T18:50:12.734,190.0
2022-07-17T18:50:13.195,189.8
2022-07-17T18:50:13.750,189.5
2022-07-17T18:50:14.328,189.2
2022-07-17T18:50:14.594,188.8
2022-07-17T18:50:14.844,188.6
2022-07-17T18:50:15.352,188.3
2022-07-17T18:50:15.914,188.0
2022-07-17T18:50:16.195,187.6
2022-07-17T18:50:16.516,187.3
2022-07-17T18:50:16.992,187.0
2022-07-17T18:50:17.555,186.6
2022-07-17T18:50:18.023,186.3
2022-07-17T18:50:18.398,186.0
2022-07-17T18:50:18.922,185.8
2022-07-17T18:50:19.195,185.6
2022-07-17T18:50:19.836,185.5
2022-07-17T18:50:20.398,185.5
2022-07-17T18:50:21.000,185.5
2022-07-17T18:50:21.492,185.6
2022-07-17T18:50:21.992,185.7
2022-07-17T18:50:22.438,185.8
2022-07-17T18:50:22.961,186.0
2022-07-17T18:50:23.391,186.1
2022-07-17T18:50:23.797,186.3
2022-07-17T18:50:24.352,186.6
2022-07-17T18:50:24.813,186.9
2022-07-17T18:50:25.289,187.3
2022-07-17T18:50:25.594,187.6
2022-07-17T18:50:26.586,187.8
2022-07-17T18:50:27.398,188.1
2022-07-17T18:50:27.906,188.2
2022-07-17T18:50:28.359,188.2
2022-07-17T18:50:29.320,188.0
2022-07-17T18:50:29.797,187.8
2022-07-17T18:50:30.195,187.6
2022-07-17T18:50:30.859,187.4
2022-07-17T18:50:31.195,187.2
2022-07-17T18:50:32.398,186.9
2022-07-17T18:50:33.547,186.8
2022-07-17T18:50:34.109,186.8
2022-07-17T18:50:34.594,186.9
2022-07-17T18:50:35.195,187.1
2022-07-17T18:50:35.695,187.3
2022-07-17T18:50:36.000,187.4
2022-07-17T18:50:36.625,187.5
2022-07-17T18:50:37.156,187.6
2022-07-17T18:50:37.578,187.7
2022-07-17T18:50:38.398,187.8
2022-07-17T18:50:39.195,187.8
2022-07-17T18:50:39.734,187.8
2022-07-17T18:50:40.594,187.6
2022-07-17T18:50:40.852,187.5
2022-07-17T18:50:41.398,187.5
2022-07-17T18:50:41.945,187.5
2022-07-17T18:50:42.195,187.5
2022-07-17T18:50:42.883,187.4
2022-07-17T18:50:43.398,187.3
2022-07-17T18:50:43.805,187.2
2022-07-17T18:50:44.250,187.0
2022-07-17T18:50:44.750,186.8
2022-07-17T18:50:45.195,186.7
2022-07-17T18:50:45.664,186.6
2022-07-17T18:50:46.703,186.6
2022-07-17T18:50:47.273,186.7
2022-07-17T18:50:47.688,186.9
2022-07-17T18:50:48.234,187.2
2022-07-17T18:50:48.766,187.4
2022-07-17T18:50:49.211,187.6
2022-07-17T18:50:49.656,187.8
2022-07-17T18:50:50.094,188.0
2022-07-17T18:50:50.508,188.2
2022-07-17T18:50:50.977,188.4
2022-07-17T18:50:51.406,188.6
2022-07-17T18:50:51.898,188.9
2022-07-17T18:50:52.195,189.1
2022-07-17T18:50:53.219,189.2
2022-07-17T18:50:54.297,189.1
2022-07-17T18:50:55.297,188.7
2022-07-17T18:50:55.797,188.4
2022-07-17T18:50:56.328,188.2
2022-07-17T18:50:56.594,188.3
2022-07-17T18:50:57.227,188.4
2022-07-17T18:50:57.805,188.6
2022-07-17T18:50:58.195,188.7
2022-07-17T18:50:59.195,188.7
2022-07-17T18:51:00.094,189.0
2022-07-17T18:51:00.594,189.5
2022-07-17T18:51:01.172,190.1
2022-07-17T18:51:01.703,190.6
2022-07-17T18:51:02.203,191.0
2022-07-17T18:51:02.797,191.3
2022-07-17T18:51:03.242,191.6
2022-07-17T18:51:03.594,191.9
2022-07-17T18:51:04.305,192.3
2022-07-17T18:51:05.344,192.7
2022-07-17T18:51:05.883,192.9
2022-07-17T18:51:06.352,192.3
2022-07-17T18:51:08.469,192.6
2022-07-17T18:51:23.047,192.1
2022-07-17T18:51:23.398,192.1
2022-07-17T18:51:23.969,191.3
2022-07-17T18:51:24.797,191.3
2022-07-17T18:51:25.195,191.5
2022-07-17T18:51:25.984,191.5
2022-07-17T18:51:26.398,191.6
2022-07-17T18:51:27.063,191.6
2022-07-17T18:51:27.797,191.6
2022-07-17T18:51:28.078,191.6
2022-07-17T18:51:29.039,191.8
2022-07-17T18:51:30.016,192.1
2022-07-17T18:51:31.094,192.3
2022-07-17T18:51:32.172,192.2
2022-07-17T18:51:33.281,192.0
2022-07-17T18:51:33.594,191.7
2022-07-17T18:51:34.195,191.4
2022-07-17T18:51:35.398,191.1
2022-07-17T18:51:36.195,190.9
2022-07-17T18:51:36.508,190.9
2022-07-17T18:51:37.391,190.9
2022-07-17T18:51:38.195,191.0
2022-07-17T18:51:38.461,191.0
2022-07-17T18:51:39.273,191.0
2022-07-17T18:51:39.797,190.8
2022-07-17T18:51:40.219,190.7
2022-07-17T18:51:40.594,190.6
2022-07-17T18:51:41.281,190.5
2022-07-17T18:51:41.797,190.5
2022-07-17T18:51:42.305,190.4
2022-07-17T18:51:42.797,190.2
2022-07-17T18:51:43.328,190.0
2022-07-17T18:51:43.797,189.8
2022-07-17T18:51:44.297,189.5
2022-07-17T18:51:45.320,189.1
2022-07-17T18:51:45.797,188.9
2022-07-17T18:51:46.383,188.7
2022-07-17T18:51:47.320,188.5
2022-07-17T18:51:47.594,188.5
2022-07-17T18:51:48.336,188.5
2022-07-17T18:51:49.445,188.7
2022-07-17T18:51:50.578,189.1
2022-07-17T18:51:51.531,189.4
2022-07-17T18:51:52.398,189.6
2022-07-17T18:51:53.398,189.7
2022-07-17T18:51:54.195,189.6
2022-07-17T18:51:54.453,189.4
2022-07-17T18:51:55.195,189.2
2022-07-17T18:51:55.563,189.0
2022-07-17T18:51:56.438,188.7
2022-07-17T18:51:56.797,188.3
2022-07-17T18:51:57.398,188.0
2022-07-17T18:51:58.539,187.8
2022-07-17T18:51:58.797,187.6
2022-07-17T18:51:59.195,187.6
2022-07-17T18:52:00.414,187.7
2022-07-17T18:52:00.797,187.7
2022-07-17T18:52:01.445,187.7
2022-07-17T18:52:02.461,187.6
2022-07-17T18:52:03.320,187.6
2022-07-17T18:52:03.797,187.6
2022-07-17T18:52:04.328,187.6
2022-07-17T18:52:05.211,187.7
2022-07-17T18:52:06.242,187.8
2022-07-17T18:52:06.797,188.0
2022-07-17T18:52:07.141,188.0
2022-07-17T18:52:08.148,188.1
2022-07-17T18:52:08.398,188.2
2022-07-17T18:52:09.234,188.2
2022-07-17T18:52:10.195,188.3
2022-07-17T18:52:11.273,188.4
2022-07-17T18:52:11.797,188.4
2022-07-17T18:52:12.320,188.4
2022-07-17T18:52:13.203,188.3
2022-07-17T18:52:13.594,188.2
2022-07-17T18:52:14.203,188.1
2022-07-17T18:52:14.594,187.9
2022-07-17T18:52:15.195,187.7
2022-07-17T18:52:16.195,187.4
2022-07-17T18:52:17.195,187.2
2022-07-17T18:52:18.367,187.1
2022-07-17T18:52:19.438,187.2
2022-07-17T18:52:19.797,187.3
2022-07-17T18:52:20.422,187.5
2022-07-17T18:52:21.195,187.6
2022-07-17T18:52:22.352,187.7
2022-07-17T18:52:23.289,187.8
2022-07-17T18:52:23.797,187.8
2022-07-17T18:52:24.203,187.8
2022-07-17T18:52:24.594,187.8
2022-07-17T18:52:25.289,187.8
2022-07-17T18:52:25.594,187.9
2022-07-17T18:52:26.352,187.9
2022-07-17T18:52:27.000,187.8
2022-07-17T18:52:27.305,187.8
2022-07-17T18:52:28.289,187.8
2022-07-17T18:52:28.797,187.7
2022-07-17T18:52:29.328,187.6
2022-07-17T18:52:30.414,187.4
2022-07-17T18:52:31.336,187.3
2022-07-17T18:52:31.594,187.3
2022-07-17T18:52:32.398,187.3
2022-07-17T18:52:33.398,187.4
2022-07-17T18:52:34.539,187.5
2022-07-17T18:52:35.508,187.7
2022-07-17T18:52:36.523,187.7
2022-07-17T18:52:37.594,187.7
2022-07-17T18:52:38.195,187.7
2022-07-17T18:52:38.672,187.7
2022-07-17T18:52:39.758,187.8
2022-07-17T18:52:40.594,188.1
2022-07-17T18:52:41.594,188.3
2022-07-17T18:52:42.398,188.6
2022-07-17T18:52:42.672,188.7
2022-07-17T18:52:43.398,188.7
2022-07-17T18:52:43.656,188.8
2022-07-17T18:52:44.570,188.8
2022-07-17T18:52:45.438,188.8
2022-07-17T18:52:46.398,188.7
2022-07-17T18:52:47.438,188.7
2022-07-17T18:52:47.797,188.6
2022-07-17T18:52:48.398,188.5
2022-07-17T18:52:49.531,188.5
2022-07-17T18:52:49.797,188.5
2022-07-17T18:52:50.469,188.5
2022-07-17T18:52:50.797,188.4
2022-07-17T18:52:51.195,188.3
2022-07-17T18:52:51.461,188.2
2022-07-17T18:52:52.195,188.1
2022-07-17T18:52:52.469,188.2
2022-07-17T18:52:53.398,188.6
2022-07-17T18:52:54.398,189.0
2022-07-17T18:52:55.523,189.4
2022-07-17T18:52:55.797,189.5
2022-07-17T18:52:56.195,189.6
2022-07-17T18:52:56.625,189.6
2022-07-17T18:52:57.195,189.6
2022-07-17T18:52:57.648,189.7
2022-07-17T18:52:58.594,189.7
2022-07-17T18:52:59.398,189.7
2022-07-17T18:53:00.594,189.6
2022-07-17T18:53:01.664,189.5
2022-07-17T18:53:02.398,189.5
2022-07-17T18:53:02.844,189.4
2022-07-17T18:53:03.195,189.4
2022-07-17T18:53:03.891,189.5
2022-07-17T18:53:04.398,189.5
2022-07-17T18:53:04.938,189.6
2022-07-17T18:53:05.594,189.7
2022-07-17T18:53:06.031,189.8
2022-07-17T18:53:06.594,189.9
2022-07-17T18:53:06.930,189.9
2022-07-17T18:53:07.594,190.0
2022-07-17T18:53:07.852,190.0
2022-07-17T18:53:08.398,190.0
2022-07-17T18:53:08.766,190.0
2022-07-17T18:53:09.195,190.0
2022-07-17T18:53:09.758,190.0
2022-07-17T18:53:10.594,190.1
2022-07-17T18:53:11.195,190.3
2022-07-17T18:53:11.797,190.4
2022-07-17T18:53:12.195,190.5
2022-07-17T18:53:12.859,190.6
2022-07-17T18:53:13.195,190.6
2022-07-17T18:53:13.734,190.6
2022-07-17T18:53:14.195,190.6
2022-07-17T18:53:14.727,190.6
2022-07-17T18:53:15.195,190.6
2022-07-17T18:53:15.867,190.7
2022-07-17T18:53:16.398,190.8
2022-07-17T18:53:16.992,191.0
2022-07-17T18:53:17.797,191.2
2022-07-17T18:53:18.164,191.4
2022-07-17T18:53:18.594,191.5
2022-07-17T18:53:19.195,191.5
2022-07-17T18:53:20.359,191.6
2022-07-17T18:53:21.344,191.6
2022-07-17T18:53:21.594,191.6
2022-07-17T18:53:22.383,191.6
2022-07-17T18:53:23.398,191.6
2022-07-17T18:53:24.195,191.6
2022-07-17T18:53:25.367,191.7
2022-07-17T18:53:26.430,191.8
2022-07-17T18:53:27.195,191.8
2022-07-17T18:53:28.195,191.9
2022-07-17T18:53:29.359,192.1
2022-07-17T18:53:30.195,192.3
2022-07-17T18:53:31.141,192.4
2022-07-17T18:53:32.008,192.4
2022-07-17T18:53:32.992,192.2
2022-07-17T18:53:33.797,192.0
2022-07-17T18:53:34.195,191.8
2022-07-17T18:53:35.125,191.6
2022-07-17T18:53:36.133,191.5
2022-07-17T18:53:36.398,191.3
2022-07-17T18:53:37.203,191.3
2022-07-17T18:53:38.039,191.3
2022-07-17T18:53:38.992,191.5
2022-07-17T18:53:40.070,191.8
2022-07-17T18:53:40.594,192.1
2022-07-17T18:53:41.078,192.3
2022-07-17T18:53:42.109,192.5
2022-07-17T18:53:43.031,192.7
2022-07-17T18:53:43.797,192.9
2022-07-17T18:53:44.398,193.0
2022-07-17T18:53:44.992,193.2
2022-07-17T18:53:45.797,193.2
2022-07-17T18:53:46.750,193.1
2022-07-17T18:53:47.594,192.9
2022-07-17T18:53:48.594,192.7
2022-07-17T18:53:48.898,192.6
2022-07-17T18:53:49.797,192.5
2022-07-17T18:53:50.398,192.4
2022-07-17T18:53:51.039,192.3
2022-07-17T18:53:52.203,192.3
2022-07-17T18:53:52.594,192.4
2022-07-17T18:53:53.266,192.5
2022-07-17T18:53:53.594,192.5
2022-07-17T18:53:54.125,192.6
2022-07-17T18:53:54.398,192.6
2022-07-17T18:53:55.055,192.7
2022-07-17T18:53:55.914,192.8
2022-07-17T18:53:56.398,192.8
2022-07-17T18:53:56.875,192.9
2022-07-17T18:53:57.594,192.9
2022-07-17T18:53:57.930,192.9
2022-07-17T18:53:58.797,192.9
2022-07-17T18:53:59.594,192.8
2022-07-17T18:53:59.922,192.8
2022-07-17T18:54:00.398,192.8
2022-07-17T18:54:00.789,192.8
2022-07-17T18:54:01.398,192.8
2022-07-17T18:54:01.820,192.8
2022-07-17T18:54:02.398,192.8
2022-07-17T18:54:02.836,192.8
2022-07-17T18:54:03.195,192.9
2022-07-17T18:54:03.945,193.0
2022-07-17T18:54:04.398,193.1
2022-07-17T18:54:04.898,193.3
2022-07-17T18:54:05.398,193.4
2022-07-17T18:54:05.875,193.4
2022-07-17T18:54:06.398,193.5
2022-07-17T18:54:06.836,193.5
2022-07-17T18:54:07.594,193.5
2022-07-17T18:54:08.195,193.4
2022-07-17T18:54:08.914,193.3
2022-07-17T18:54:09.398,193.2
2022-07-17T18:54:09.906,193.0
2022-07-17T18:54:10.789,192.8
2022-07-17T18:54:11.797,192.6
2022-07-17T18:54:12.594,192.4
2022-07-17T18:54:13.023,192.1
2022-07-17T18:54:13.594,191.9
2022-07-17T18:54:14.016,191.8
2022-07-17T18:54:14.398,191.6
2022-07-17T18:54:15.031,191.5
2022-07-17T18:54:15.930,191.5
2022-07-17T18:54:16.594,191.4
2022-07-17T18:54:17.016,191.4
2022-07-17T18:54:17.797,191.4
2022-07-17T18:54:18.141,191.3
2022-07-17T18:54:18.398,191.2
2022-07-17T18:54:19.242,191.1
2022-07-17T18:54:19.594,190.9
2022-07-17T18:54:20.234,190.7
2022-07-17T18:54:21.055,190.6
2022-07-17T18:54:21.594,190.6
2022-07-17T18:54:22.188,190.7
2022-07-17T18:54:22.594,190.8
2022-07-17T18:54:23.047,191.0
2022-07-17T18:54:24.195,191.1
2022-07-17T18:54:25.133,191.2
2022-07-17T18:54:25.594,191.2
2022-07-17T18:54:25.977,191.1
2022-07-17T18:54:26.398,191.0
2022-07-17T18:54:27.063,190.9
2022-07-17T18:54:27.594,190.8
2022-07-17T18:54:28.102,190.7
2022-07-17T18:54:28.797,190.6
2022-07-17T18:54:29.078,190.5
2022-07-17T18:54:29.398,190.5
2022-07-17T18:54:30.133,190.4
2022-07-17T18:54:30.398,190.4
2022-07-17T18:54:31.141,190.2
2022-07-17T18:54:31.594,190.1
2022-07-17T18:54:32.133,189.9
2022-07-17T18:54:32.797,189.9
2022-07-17T18:54:33.141,189.8
2022-07-17T18:54:33.398,189.8
2022-07-17T18:54:34.195,189.8
2022-07-17T18:54:35.234,189.9
2022-07-17T18:54:36.313,190.1
2022-07-17T18:54:36.594,190.2
2022-07-17T18:54:37.195,190.1
2022-07-17T18:54:38.336,190.1
2022-07-17T18:54:39.195,189.9
2022-07-17T18:54:40.406,189.7
2022-07-17T18:54:41.438,189.5
2022-07-17T18:54:42.383,189.4
2022-07-17T18:54:42.797,189.4
2022-07-17T18:54:43.273,189.5
2022-07-17T18:54:43.594,189.5
2022-07-17T18:54:44.281,189.6
2022-07-17T18:54:45.383,189.8
2022-07-17T18:54:46.195,190.1
2022-07-17T18:54:47.367,190.3
2022-07-17T18:54:48.195,190.3
2022-07-17T18:54:49.211,190.2
2022-07-17T18:54:50.297,190.2
2022-07-17T18:54:50.594,190.2
2022-07-17T18:54:51.195,190.2
2022-07-17T18:54:52.398,190.2
2022-07-17T18:54:53.195,190.3
2022-07-17T18:54:54.359,190.4
2022-07-17T18:54:55.336,190.4
2022-07-17T18:54:55.594,190.3
2022-07-17T18:54:56.195,190.3
2022-07-17T18:54:57.188,190.4
2022-07-17T18:54:57.797,190.5
2022-07-17T18:54:58.156,190.7
2022-07-17T18:54:59.227,190.9
2022-07-17T18:55:00.313,191.1
2022-07-17T18:55:00.797,191.3
2022-07-17T18:55:01.258,191.5
2022-07-17T18:55:01.594,191.7
2022-07-17T18:55:02.266,191.9
2022-07-17T18:55:03.273,192.3
2022-07-17T18:55:04.313,192.7
2022-07-17T18:55:04.797,193.1
2022-07-17T18:55:05.195,193.4
2022-07-17T18:55:06.148,193.6
2022-07-17T18:55:06.594,193.7
2022-07-17T18:55:07.125,193.7
2022-07-17T18:55:07.398,193.7
2022-07-17T18:55:08.047,193.6
2022-07-17T18:55:08.984,193.5
2022-07-17T18:55:09.906,193.3
2022-07-17T18:55:10.594,193.1
2022-07-17T18:55:10.992,193.0
2022-07-17T18:55:11.398,192.9
2022-07-17T18:55:11.930,192.8
2022-07-17T18:55:12.797,192.7
2022-07-17T18:55:13.797,192.4
2022-07-17T18:55:14.398,192.2
2022-07-17T18:55:15.102,192.1
2022-07-17T18:55:16.070,192.1
2022-07-17T18:55:16.797,192.2
2022-07-17T18:55:17.094,192.4
2022-07-17T18:55:17.594,192.5
2022-07-17T18:55:18.063,192.6
2022-07-17T18:55:18.594,192.6
2022-07-17T18:55:18.930,192.6
2022-07-17T18:55:19.398,192.7
2022-07-17T18:55:19.883,192.7
2022-07-17T18:55:20.195,192.7
2022-07-17T18:55:20.820,192.7
2022-07-17T18:55:21.797,192.9
2022-07-17T18:55:22.398,193.3
2022-07-17T18:55:22.859,193.8
2022-07-17T18:55:23.195,193.7
2022-07-17T18:55:37.805,194.8
2022-07-17T18:55:38.398,195.0
2022-07-17T18:55:38.852,194.9
2022-07-17T18:55:39.797,192.8
2022-07-17T18:55:40.797,191.3
2022-07-17T18:55:41.594,190.4
2022-07-17T18:55:41.938,190.0
2022-07-17T18:55:42.398,189.8
2022-07-17T18:55:42.813,189.6
2022-07-17T18:55:43.195,189.5
2022-07-17T18:55:43.891,189.3
2022-07-17T18:55:44.594,189.0
2022-07-17T18:55:44.961,188.8
2022-07-17T18:55:46.039,188.4
2022-07-17T18:55:46.797,188.1
2022-07-17T18:55:47.219,187.9
2022-07-17T18:55:47.594,187.8
2022-07-17T18:55:48.172,187.8
2022-07-17T18:55:48.797,187.8
2022-07-17T18:55:49.094,187.6
2022-07-17T18:55:50.023,187.5
2022-07-17T18:55:50.398,187.2
2022-07-17T18:55:50.977,187.0
2022-07-17T18:55:51.594,186.7
2022-07-17T18:55:51.898,186.4
2022-07-17T18:55:52.398,186.1
2022-07-17T18:55:52.891,185.8
2022-07-17T18:55:53.398,185.5
2022-07-17T18:55:53.906,185.2
2022-07-17T18:55:54.594,185.1
2022-07-17T18:55:54.930,185.1
2022-07-17T18:55:55.594,185.2
2022-07-17T18:55:55.984,185.3
2022-07-17T18:55:56.398,185.4
2022-07-17T18:55:57.094,185.6
2022-07-17T18:55:57.922,185.8
2022-07-17T18:55:58.398,186.0
2022-07-17T18:55:58.906,186.2
2022-07-17T18:55:59.195,186.2
2022-07-17T18:55:59.836,186.2
2022-07-17T18:56:00.906,186.1
2022-07-17T18:56:01.594,185.9
2022-07-17T18:56:02.039,185.6
2022-07-17T18:56:02.594,185.4
2022-07-17T18:56:03.016,185.2
2022-07-17T18:56:03.797,184.8
2022-07-17T18:56:04.797,184.3
2022-07-17T18:56:05.594,183.7
2022-07-17T18:56:05.898,183.3
2022-07-17T18:56:06.398,183.1
2022-07-17T18:56:07.070,182.8
2022-07-17T18:56:07.797,182.7
2022-07-17T18:56:08.164,182.6
2022-07-17T18:56:08.797,182.6
2022-07-17T18:56:09.063,182.6
2022-07-17T18:56:09.398,182.7
2022-07-17T18:56:10.086,182.8
2022-07-17T18:56:10.797,182.9
2022-07-17T18:56:11.141,183.1
2022-07-17T18:56:12.156,183.2
2022-07-17T18:56:12.594,183.3
2022-07-17T18:56:13.219,183.4
2022-07-17T18:56:13.594,183.3
2022-07-17T18:56:14.258,183.2
2022-07-17T18:56:15.195,183.1
2022-07-17T18:56:16.164,183.1
2022-07-17T18:56:17.063,183.3
2022-07-17T18:56:17.906,183.5
2022-07-17T18:56:18.398,183.8
2022-07-17T18:56:18.969,184.0
2022-07-17T18:56:19.797,184.2
2022-07-17T18:56:20.102,184.4
2022-07-17T18:56:21.109,184.6
2022-07-17T18:56:21.398,184.7
2022-07-17T18:56:22.094,184.8
2022-07-17T18:56:22.797,184.9
2022-07-17T18:56:23.797,185.1
2022-07-17T18:56:24.398,185.2
2022-07-17T18:56:24.938,185.3
2022-07-17T18:56:25.398,185.3
2022-07-17T18:56:25.984,185.3
2022-07-17T18:56:27.133,185.2
2022-07-17T18:56:27.797,185.1
2022-07-17T18:56:28.047,185.0
2022-07-17T18:56:29.031,185.0
2022-07-17T18:56:29.594,185.1
2022-07-17T18:56:29.977,185.2
2022-07-17T18:56:30.797,185.4
2022-07-17T18:56:31.594,185.6
2022-07-17T18:56:31.914,185.7
2022-07-17T18:56:32.195,185.8
2022-07-17T18:56:33.000,185.9
2022-07-17T18:56:33.797,186.0
2022-07-17T18:56:34.148,186.1
2022-07-17T18:56:34.797,186.2
2022-07-17T18:56:35.172,186.3
2022-07-17T18:56:36.195,186.4
2022-07-17T18:56:37.164,186.6
2022-07-17T18:56:37.594,186.7
2022-07-17T18:56:38.086,186.9
2022-07-17T18:56:38.938,187.1
2022-07-17T18:56:39.594,187.3
2022-07-17T18:56:39.961,187.5
2022-07-17T18:56:40.797,187.7
2022-07-17T18:56:41.078,187.8
2022-07-17T18:56:41.398,187.9
2022-07-17T18:56:42.078,188.0
2022-07-17T18:56:43.000,188.2
2022-07-17T18:56:43.797,188.4
2022-07-17T18:56:44.195,188.5
2022-07-17T18:56:44.883,188.6
2022-07-17T18:56:45.594,188.5
2022-07-17T18:56:46.594,188.4
2022-07-17T18:56:47.617,188.2
2022-07-17T18:56:48.195,188.1
2022-07-17T18:56:48.656,187.9
2022-07-17T18:56:49.398,187.7
2022-07-17T18:56:50.594,187.5
2022-07-17T18:56:51.195,187.4
2022-07-17T18:56:51.766,187.4
2022-07-17T18:56:52.195,187.5
2022-07-17T18:56:52.734,187.6
2022-07-17T18:56:53.758,187.7
2022-07-17T18:56:54.594,187.7
2022-07-17T18:56:55.594,187.7
2022-07-17T18:56:56.742,187.7
2022-07-17T18:56:57.797,187.8
2022-07-17T18:56:58.594,187.8
2022-07-17T18:56:58.953,187.8
2022-07-17T18:56:59.398,187.7
2022-07-17T18:56:59.906,187.6
2022-07-17T18:57:00.797,187.5
2022-07-17T18:57:01.398,187.5
2022-07-17T18:57:01.742,187.5
2022-07-17T18:57:02.195,187.5
2022-07-17T18:57:02.703,187.6
2022-07-17T18:57:03.398,187.7
2022-07-17T18:57:03.750,187.9
2022-07-17T18:57:04.195,188.0
2022-07-17T18:57:04.875,188.0
2022-07-17T18:57:05.195,188.0
2022-07-17T18:57:05.852,187.9
2022-07-17T18:57:06.594,187.8
2022-07-17T18:57:06.875,187.7
2022-07-17T18:57:07.594,187.5
2022-07-17T18:57:07.859,187.4
2022-07-17T18:57:08.797,187.2
2022-07-17T18:57:09.594,186.9
2022-07-17T18:57:10.594,186.6
2022-07-17T18:57:11.195,186.4
2022-07-17T18:57:11.727,186.2
2022-07-17T18:57:12.609,186.0
2022-07-17T18:57:13.195,185.9
2022-07-17T18:57:13.648,185.8
2022-07-17T18:57:14.195,185.7
2022-07-17T18:57:14.758,185.6
2022-07-17T18:57:15.703,185.5
2022-07-17T18:57:16.594,185.5
2022-07-17T18:57:17.398,185.5
2022-07-17T18:57:17.688,185.5
2022-07-17T18:57:18.594,185.4
2022-07-17T18:57:19.195,185.3
2022-07-17T18:57:19.680,185.2
2022-07-17T18:57:20.195,185.1
2022-07-17T18:57:20.711,185.0
2022-07-17T18:57:21.195,185.0
2022-07-17T18:57:21.859,184.9
2022-07-17T18:57:22.797,184.9
2022-07-17T18:57:23.594,184.8
2022-07-17T18:57:23.883,184.8
2022-07-17T18:57:24.398,184.8
2022-07-17T18:57:24.891,184.8
2022-07-17T18:57:25.195,184.9
2022-07-17T18:57:25.906,184.9
2022-07-17T18:57:26.797,185.0
2022-07-17T18:57:27.398,185.0
2022-07-17T18:57:28.008,185.0
2022-07-17T18:57:28.398,184.9
2022-07-17T18:57:28.883,184.8
2022-07-17T18:57:29.594,184.9
2022-07-17T18:57:29.891,185.0
2022-07-17T18:57:30.195,185.1
2022-07-17T18:57:30.984,185.2
2022-07-17T18:57:31.594,185.2
2022-07-17T18:57:31.922,185.2
2022-07-17T18:57:32.195,185.2
2022-07-17T18:57:33.000,185.3
2022-07-17T18:57:33.797,185.6
2022-07-17T18:57:34.398,186.0
2022-07-17T18:57:34.813,186.6
2022-07-17T18:57:35.719,187.1
2022-07-17T18:57:36.594,187.7
2022-07-17T18:57:37.398,188.3
2022-07-17T18:57:37.703,188.8
2022-07-17T18:57:38.688,189.4
2022-07-17T18:57:39.617,190.1
2022-07-17T18:57:40.594,190.7
2022-07-17T18:57:41.195,191.0
2022-07-17T18:57:41.656,191.2
2022-07-17T18:57:42.195,191.5
2022-07-17T18:57:42.711,191.7
2022-07-17T18:57:43.195,191.9
2022-07-17T18:57:43.648,192.1
2022-07-17T18:57:44.195,192.3
2022-07-17T18:57:44.633,192.6
2022-07-17T18:57:45.664,193.0
2022-07-17T18:57:46.773,193.5
2022-07-17T18:57:47.781,193.9
2022-07-17T18:57:48.195,194.2
2022-07-17T18:57:48.781,194.4
2022-07-17T18:57:49.195,194.5
2022-07-17T18:57:49.852,194.5
2022-07-17T18:57:50.594,194.5
2022-07-17T18:57:50.953,194.6
2022-07-17T18:57:51.977,194.6
2022-07-17T18:57:52.594,194.6
2022-07-17T18:57:52.977,194.6
2022-07-17T18:57:53.398,194.4
2022-07-17T18:57:54.031,194.1
2022-07-17T18:57:54.594,193.7
2022-07-17T18:57:55.008,193.2
2022-07-17T18:57:55.867,192.7
2022-07-17T18:57:56.594,192.2
2022-07-17T18:57:56.914,191.8
2022-07-17T18:57:57.195,191.4
2022-07-17T18:57:57.773,190.8
2022-07-17T18:57:58.594,189.9
2022-07-17T18:57:59.195,188.9
2022-07-17T18:57:59.875,188.2
2022-07-17T18:58:00.398,187.8
2022-07-17T18:58:00.789,187.6
2022-07-17T18:58:01.398,187.4
2022-07-17T18:58:01.906,187.2
2022-07-17T18:58:02.594,187.0
2022-07-17T18:58:03.008,186.9
2022-07-17T18:58:03.594,186.9
2022-07-17T18:58:03.969,186.9
2022-07-17T18:58:05.109,187.1
2022-07-17T18:58:06.219,187.4
2022-07-17T18:58:07.195,187.6
2022-07-17T18:58:08.344,187.6
2022-07-17T18:58:08.594,187.6
2022-07-17T18:58:09.195,187.5
2022-07-17T18:58:10.391,187.3
2022-07-17T18:58:10.797,186.9
2022-07-17T18:58:11.367,186.5
2022-07-17T18:58:12.383,186.2
2022-07-17T18:58:13.195,186.0
2022-07-17T18:58:13.484,186.2
2022-07-17T18:58:14.594,186.6
2022-07-17T18:58:15.398,187.1
2022-07-17T18:58:16.195,187.6
2022-07-17T18:58:16.617,188.0
2022-07-17T18:58:17.594,188.6
2022-07-17T18:58:18.766,189.5
2022-07-17T18:58:19.594,190.4
2022-07-17T18:58:19.875,191.1
2022-07-17T18:58:20.398,191.5
2022-07-17T18:58:20.820,192.0
2022-07-17T18:58:21.398,192.6
2022-07-17T18:58:21.719,193.1
2022-07-17T18:58:22.195,193.7
2022-07-17T18:58:22.797,194.4
2022-07-17T18:58:23.594,195.1
2022-07-17T18:58:23.953,195.7
2022-07-17T18:58:24.922,196.3
2022-07-17T18:58:25.195,196.7
2022-07-17T18:58:25.836,197.0
2022-07-17T18:58:26.195,197.4
2022-07-17T18:58:26.813,197.7
2022-07-17T18:58:27.398,198.1
2022-07-17T18:58:27.758,198.4
2022-07-17T18:58:28.594,198.8
2022-07-17T18:58:29.594,199.2
2022-07-17T18:58:30.758,199.5
2022-07-17T18:58:31.594,199.5
2022-07-17T18:58:32.797,199.5
2022-07-17T18:58:33.398,199.4
2022-07-17T18:58:33.813,199.5
2022-07-17T18:58:34.742,199.5
2022-07-17T18:58:35.398,199.6
2022-07-17T18:58:35.742,199.6
2022-07-17T18:58:36.195,199.6
2022-07-17T18:58:36.867,199.7
2022-07-17T18:58:37.594,199.6
2022-07-17T18:58:37.859,199.6
2022-07-17T18:58:38.594,199.4
2022-07-17T18:58:39.797,199.3
2022-07-17T18:58:40.797,199.1
2022-07-17T18:58:41.797,198.8
2022-07-17T18:58:42.797,198.5
2022-07-17T18:58:43.148,198.2
2022-07-17T18:58:43.594,198.1
2022-07-17T18:58:44.141,198.1
2022-07-17T18:58:45.063,198.1
2022-07-17T18:58:45.594,198.1
2022-07-17T18:58:45.977,198.2
2022-07-17T18:58:46.398,198.3
2022-07-17T18:58:47.047,198.3
2022-07-17T18:58:47.398,198.3
2022-07-17T18:58:47.938,198.3
2022-07-17T18:58:48.594,198.3
2022-07-17T18:58:48.977,198.2
2022-07-17T18:58:50.039,198.1
2022-07-17T18:58:50.797,197.9
2022-07-17T18:58:51.398,197.7
2022-07-17T18:58:51.781,197.5
2022-07-17T18:58:52.711,197.2
2022-07-17T18:58:53.664,196.9
2022-07-17T18:58:54.195,196.6
2022-07-17T18:58:54.742,196.3
2022-07-17T18:58:55.797,196.1
2022-07-17T18:58:56.398,195.9
2022-07-17T18:58:56.781,195.8
2022-07-17T18:58:57.195,195.7
2022-07-17T18:58:57.789,195.7
2022-07-17T18:58:58.711,195.7
2022-07-17T18:58:59.398,195.7
2022-07-17T18:58:59.727,195.5
2022-07-17T18:59:00.594,195.1
2022-07-17T18:59:01.594,194.6
2022-07-17T18:59:02.711,194.1
2022-07-17T18:59:03.398,193.8
2022-07-17T18:59:04.398,193.6
2022-07-17T18:59:04.664,193.5
2022-07-17T18:59:05.641,193.4
2022-07-17T18:59:06.680,193.3
2022-07-17T18:59:07.750,193.1
2022-07-17T18:59:08.594,193.0
2022-07-17T18:59:08.930,192.8
2022-07-17T18:59:09.797,192.7
2022-07-17T18:59:10.195,192.7
2022-07-17T18:59:11.000,192.7
2022-07-17T18:59:11.797,192.8
2022-07-17T18:59:12.797,192.8
2022-07-17T18:59:13.094,192.7
2022-07-17T18:59:13.797,192.7
2022-07-17T18:59:14.164,192.6
2022-07-17T18:59:15.281,192.5
2022-07-17T18:59:16.180,192.5
2022-07-17T18:59:17.219,192.6
2022-07-17T18:59:17.594,192.8
2022-07-17T18:59:18.281,192.9
2022-07-17T18:59:18.594,193.0
2022-07-17T18:59:19.000,193.2
2022-07-17T18:59:19.453,193.2
2022-07-17T18:59:20.469,193.3
2022-07-17T18:59:20.797,193.3
2022-07-17T18:59:21.516,193.3
2022-07-17T18:59:21.797,193.2
2022-07-17T18:59:22.367,193.2
2022-07-17T18:59:22.797,193.2
2022-07-17T18:59:23.289,193.1
2022-07-17T18:59:24.195,193.1
2022-07-17T18:59:25.414,193.2
2022-07-17T18:59:25.797,193.2
2022-07-17T18:59:26.414,193.3
2022-07-17T18:59:26.797,193.2
2022-07-17T18:59:27.398,193.2
2022-07-17T18:59:28.195,193.1
2022-07-17T18:59:28.469,193.1
2022-07-17T18:59:29.289,193.1
2022-07-17T18:59:29.594,193.0
2022-07-17T18:59:30.141,193.0
2022-07-17T18:59:31.008,193.0
2022-07-17T18:59:31.398,192.9
2022-07-17T18:59:31.961,192.9
2022-07-17T18:59:32.594,193.0
2022-07-17T18:59:33.031,193.1
2022-07-17T18:59:33.398,193.1
2022-07-17T18:59:34.063,193.1
2022-07-17T18:59:34.594,193.0
2022-07-17T18:59:35.047,192.8
2022-07-17T18:59:35.398,192.7
2022-07-17T18:59:36.055,192.5
2022-07-17T18:59:36.797,192.3
2022-07-17T18:59:37.172,192.1
2022-07-17T18:59:38.117,192.0
2022-07-17T18:59:38.398,191.9
2022-07-17T18:59:39.195,191.8
2022-07-17T18:59:40.195,191.6
2022-07-17T18:59:41.398,191.4
2022-07-17T18:59:42.383,191.2
2022-07-17T18:59:43.328,191.1
2022-07-17T18:59:43.797,190.9
2022-07-17T18:59:44.195,190.8
2022-07-17T18:59:45.289,190.6
2022-07-17T18:59:45.797,190.5
2022-07-17T18:59:46.195,190.4
2022-07-17T18:59:47.273,190.4
2022-07-17T18:59:48.219,190.4
2022-07-17T18:59:48.594,190.4
2022-07-17T18:59:49.180,190.4
2022-07-17T18:59:50.141,190.4
2022-07-17T18:59:50.398,190.6
2022-07-17T18:59:51.078,190.7
2022-07-17T18:59:51.977,190.9
2022-07-17T18:59:52.398,191.0
2022-07-17T18:59:52.898,191.1
2022-07-17T18:59:53.594,191.2
2022-07-17T18:59:54.594,191.3
2022-07-17T18:59:55.594,191.4
2022-07-17T18:59:56.398,191.5
2022-07-17T18:59:57.602,191.5
2022-07-17T18:59:58.195,191.6
2022-07-17T18:59:58.453,191.6
2022-07-17T18:59:59.000,191.6
2022-07-17T18:59:59.508,191.6
2022-07-17T19:00:00.398,191.8
2022-07-17T19:00:01.195,192.0
2022-07-17T19:00:02.430,192.4
2022-07-17T19:00:02.797,192.7
2022-07-17T19:00:03.398,192.8
2022-07-17T19:00:04.195,193.0
2022-07-17T19:00:05.195,193.1
2022-07-17T19:00:05.492,193.3
2022-07-17T19:00:06.195,193.4
2022-07-17T19:00:06.445,193.6
2022-07-17T19:00:07.398,193.7
2022-07-17T19:00:08.516,193.9
2022-07-17T19:00:08.797,194.1
2022-07-17T19:00:09.555,194.2
2022-07-17T19:00:10.398,194.2
2022-07-17T19:00:11.594,194.2
2022-07-17T19:00:12.195,194.2
2022-07-17T19:00:12.648,194.2
2022-07-17T19:00:13.195,194.2
2022-07-17T19:00:13.586,194.2
2022-07-17T19:00:14.398,194.3
2022-07-17T19:00:14.727,194.3
2022-07-17T19:00:15.594,194.2
2022-07-17T19:00:16.594,194.0
2022-07-17T19:00:17.742,193.6
2022-07-17T19:00:18.195,193.2
2022-07-17T19:00:18.602,192.6
2022-07-17T19:00:19.797,192.0
2022-07-17T19:00:20.117,191.5
2022-07-17T19:00:20.398,191.1
2022-07-17T19:00:21.195,190.5
2022-07-17T19:00:22.195,189.7
2022-07-17T19:00:22.453,188.9
2022-07-17T19:00:23.336,188.0
2022-07-17T19:00:23.797,187.2
2022-07-17T19:00:24.320,186.3
2022-07-17T19:00:24.797,185.5
2022-07-17T19:00:25.461,184.5
2022-07-17T19:00:26.195,183.4
2022-07-17T19:00:27.031,182.3
2022-07-17T19:00:27.398,181.4
2022-07-17T19:00:28.000,180.6
2022-07-17T19:00:28.594,179.9
2022-07-17T19:00:29.008,179.2
2022-07-17T19:00:29.594,178.6
2022-07-17T19:00:30.055,177.9
2022-07-17T19:00:30.594,177.3
2022-07-17T19:00:31.047,176.7
2022-07-17T19:00:31.398,176.1
2022-07-17T19:00:31.992,175.5
2022-07-17T19:00:32.594,174.8
2022-07-17T19:00:32.914,174.3
2022-07-17T19:00:33.797,173.7
2022-07-17T19:00:35.141,173.3
2022-07-17T19:00:36.008,173.0
2022-07-17T19:00:36.594,172.8
2022-07-17T19:00:37.047,172.7
2022-07-17T19:00:37.797,172.6
2022-07-17T19:00:38.195,172.5
2022-07-17T19:00:39.047,172.5
2022-07-17T19:00:40.047,172.4
2022-07-17T19:00:40.594,172.3
2022-07-17T19:00:40.891,172.2
2022-07-17T19:00:41.398,172.1
2022-07-17T19:00:41.906,172.0
2022-07-17T19:00:42.398,171.9
2022-07-17T19:00:42.820,171.7
2022-07-17T19:00:43.797,171.4
2022-07-17T19:00:44.594,171.1
2022-07-17T19:00:44.906,170.7
2022-07-17T19:00:45.195,170.4
2022-07-17T19:00:45.875,170.0
2022-07-17T19:00:46.594,169.5
2022-07-17T19:00:46.922,169.0
2022-07-17T19:00:47.398,168.6
2022-07-17T19:00:47.852,168.3
2022-07-17T19:00:48.195,167.9
2022-07-17T19:00:48.906,167.5
2022-07-17T19:00:49.594,167.1
2022-07-17T19:00:50.594,166.6
2022-07-17T19:00:50.852,166.2
2022-07-17T19:00:51.594,165.8
2022-07-17T19:00:52.750,165.4
2022-07-17T19:00:53.398,164.9
2022-07-17T19:00:53.813,164.5
2022-07-17T19:00:54.195,164.2
2022-07-17T19:00:54.711,164.0
2022-07-17T19:00:55.195,163.7
2022-07-17T19:00:55.797,163.5
2022-07-17T19:00:56.797,163.1
2022-07-17T19:00:57.758,162.7
2022-07-17T19:00:58.195,162.2
2022-07-17T19:00:58.672,161.9
2022-07-17T19:00:59.719,161.7
2022-07-17T19:01:00.703,161.7
2022-07-17T19:01:01.195,161.8
2022-07-17T19:01:01.797,161.8
2022-07-17T19:01:02.195,161.8
2022-07-17T19:01:02.781,161.9
2022-07-17T19:01:03.594,161.9
2022-07-17T19:01:04.570,162.0
2022-07-17T19:01:05.594,162.1
2022-07-17T19:01:05.875,162.2
2022-07-17T19:01:06.398,162.3
2022-07-17T19:01:06.828,162.4
2022-07-17T19:01:07.195,162.4
2022-07-17T19:01:07.766,162.5
2022-07-17T19:01:08.195,162.6
2022-07-17T19:01:08.867,162.7
2022-07-17T19:01:09.594,162.9
2022-07-17T19:01:09.906,163.1
2022-07-17T19:01:10.789,163.3
2022-07-17T19:01:11.195,163.5
2022-07-17T19:01:11.875,163.6
2022-07-17T19:01:12.914,163.6
2022-07-17T19:01:13.797,163.5
2022-07-17T19:01:14.195,163.4
2022-07-17T19:01:14.930,163.4
2022-07-17T19:01:15.195,163.3
2022-07-17T19:01:15.844,163.2
2022-07-17T19:01:16.797,163.0
2022-07-17T19:01:17.195,162.8
2022-07-17T19:01:18.039,162.7
2022-07-17T19:01:18.797,162.5
2022-07-17T19:01:19.797,162.4
2022-07-17T19:01:20.797,162.3
2022-07-17T19:01:21.133,162.2
2022-07-17T19:01:21.398,162.2
2022-07-17T19:01:22.055,162.3
2022-07-17T19:01:23.102,162.4
2022-07-17T19:01:23.398,162.4
2022-07-17T19:01:24.094,162.5
2022-07-17T19:01:24.797,162.6
2022-07-17T19:01:25.594,162.7
2022-07-17T19:01:26.398,162.7
2022-07-17T19:01:26.688,162.6
2022-07-17T19:01:27.797,162.3
2022-07-17T19:01:28.398,161.9
2022-07-17T19:01:28.703,161.4
2022-07-17T19:01:29.555,160.7
2022-07-17T19:01:30.594,159.9
2022-07-17T19:01:31.102,159.0
2022-07-17T19:01:31.398,158.2
2022-07-17T19:01:32.148,157.5
2022-07-17T19:01:32.594,156.8
2022-07-17T19:01:33.195,155.9
2022-07-17T19:01:34.117,155.1
2022-07-17T19:01:34.398,154.3
2022-07-17T19:01:35.109,153.7
2022-07-17T19:01:35.797,153.1
2022-07-17T19:01:36.063,152.6
2022-07-17T19:01:36.594,152.3
2022-07-17T19:01:37.055,151.8
2022-07-17T19:01:38.125,151.3
2022-07-17T19:01:38.594,150.8
2022-07-17T19:01:39.023,150.4
2022-07-17T19:01:39.594,150.1
2022-07-17T19:01:40.070,149.8
2022-07-17T19:01:40.797,149.4
2022-07-17T19:01:41.070,149.1
2022-07-17T19:01:41.594,148.9
2022-07-17T19:01:42.102,148.6
2022-07-17T19:01:42.797,148.4
2022-07-17T19:01:43.070,148.1
2022-07-17T19:01:44.586,147.7
2022-07-17T19:01:45.398,147.2
2022-07-17T19:01:46.398,146.7
2022-07-17T19:01:46.867,146.1
2022-07-17T19:01:47.195,145.5
2022-07-17T19:01:47.820,145.0
2022-07-17T19:01:48.828,144.3
2022-07-17T19:01:49.594,143.8
2022-07-17T19:01:50.594,142.7
2022-07-17T19:01:51.594,141.0
2022-07-17T19:01:52.195,139.2
2022-07-17T19:01:52.719,137.9
2022-07-17T19:01:53.398,137.3
2022-07-17T19:01:53.656,136.7
2022-07-17T19:01:54.398,136.0
2022-07-17T19:01:54.781,135.2
2022-07-17T19:01:55.195,134.4
2022-07-17T19:01:55.797,133.8
2022-07-17T19:01:56.398,133.2
2022-07-17T19:01:57.594,132.6
2022-07-17T19:01:58.594,132.1
2022-07-17T19:01:59.406,131.8
2022-07-17T19:02:00.414,131.8
2022-07-17T19:02:01.195,132.1
2022-07-17T19:02:02.344,132.4
2022-07-17T19:02:03.344,132.5
2022-07-17T19:02:03.594,132.4
2022-07-17T19:02:04.305,132.5
2022-07-17T19:02:04.797,132.7
2022-07-17T19:02:05.195,133.1
2022-07-17T19:02:06.289,133.5
2022-07-17T19:02:06.594,134.4
2022-07-17T19:02:08.398,135.5
2022-07-17T19:02:09.398,136.3
2022-07-17T19:02:10.313,136.5
2022-07-17T19:02:10.797,136.5
2022-07-17T19:02:11.203,136.3
2022-07-17T19:02:11.594,136.8
2022-07-17T19:02:13.273,137.9
2022-07-17T19:02:14.375,139.3
2022-07-17T19:02:15.344,140.0
2022-07-17T19:02:15.797,139.7
2022-07-17T19:02:16.594,139.0
2022-07-17T19:02:16.906,138.3
2022-07-17T19:02:17.195,137.7
2022-07-17T19:02:17.844,136.7
2022-07-17T19:02:18.797,135.3
2022-07-17T19:02:19.195,133.6
2022-07-17T19:02:19.945,131.5
2022-07-17T19:02:20.797,128.9
2022-07-17T19:02:21.398,126.4
2022-07-17T19:02:21.867,126.7
2022-07-17T19:02:22.594,127.9
2022-07-17T19:02:23.719,128.8
2022-07-17T19:02:24.195,127.5
2022-07-17T19:02:24.625,125.9
2022-07-17T19:02:25.594,124.6
2022-07-17T19:02:26.398,123.5
2022-07-17T19:02:26.844,122.8
2022-07-17T19:02:27.398,122.5
2022-07-17T19:02:27.977,122.5
2022-07-17T19:02:28.797,122.6
2022-07-17T19:02:29.063,122.8
2022-07-17T19:02:29.398,123.0
2022-07-17T19:02:30.039,123.3
2022-07-17T19:02:31.203,123.6
2022-07-17T19:02:31.594,124.0
2022-07-17T19:02:32.234,124.1
2022-07-17T19:02:32.797,124.1
2022-07-17T19:02:33.180,124.2
2022-07-17T19:02:33.797,124.2
2022-07-17T19:02:34.047,124.3
2022-07-17T19:02:34.594,124.5
2022-07-17T19:02:35.008,125.0
2022-07-17T19:02:35.594,125.6
2022-07-17T19:02:35.969,126.2
2022-07-17T19:02:36.594,126.6
2022-07-17T19:02:37.016,126.7
2022-07-17T19:02:37.594,126.7
2022-07-17T19:02:37.977,126.6
2022-07-17T19:02:39.102,126.2
2022-07-17T19:02:39.797,125.4
2022-07-17T19:02:40.086,124.3
2022-07-17T19:02:40.594,123.4
2022-07-17T19:02:41.023,122.8
2022-07-17T19:02:41.594,122.2
2022-07-17T19:02:42.203,121.6
2022-07-17T19:02:43.219,120.7
2022-07-17T19:02:43.594,119.6
2022-07-17T19:02:44.289,118.3
2022-07-17T19:02:44.594,116.9
2022-07-17T19:02:45.383,115.4
2022-07-17T19:02:46.336,113.9
2022-07-17T19:02:47.391,113.0
2022-07-17T19:02:47.797,112.9
2022-07-17T19:02:48.453,113.4
2022-07-17T19:02:48.797,114.1
2022-07-17T19:02:49.508,114.8
2022-07-17T19:02:49.797,115.3
2022-07-17T19:02:50.195,115.6
2022-07-17T19:02:50.500,115.9
2022-07-17T19:02:51.195,116.5
2022-07-17T19:02:51.5,116.7
2022-07-17T19:02:52.000,116.6
2022-07-17T19:02:52.500,115.7
2022-07-17T19:02:53.000,114.9
2022-07-17T19:02:53.500,114.0
2022-07-17T19:02:54.000,113.2
2022-07-17T19:02:54.500,112.4
2022-07-17T19:02:55.000,111.5
2022-07-17T19:02:55.500,110.7
2022-07-17T19:02:56.000,109.9
2022-07-17T19:02:56.500,109.1
2022-07-17T19:02:57.000,108.3
2022-07-17T19:02:57.500,107.5
2022-07-17T19:02:58.000,106.7
2022-07-17T19:02:58.500,106.0
2022-07-17T19:02:59.000,105.2
2022-07-17T19:02:59.500,104.4
2022-07-17T19:03:00.000,103.7
2022-07-17T19:03:00.500,103.0
2022-07-17T19:03:01.000,102.3
2022-07-17T19:03:01.500,101.6
2022-07-17T19:03:02.000,101.0
2022-07-17T19:03:02.500,100.7
2022-07-17T19:03:03.000,100.4
2022-07-17T19:03:03.500,100.3
2022-07-17T19:03:04.000,100.1
2022-07-17T19:03:04.500,100.0
2022-07-17T19:03:05.000,100.0
2022-07-17T19:03:05.500,100.0
2022-07-17T19:03:06.000,100.0
2022-07-17T19:03:06.500,100.0
2022-07-17T19:03:07.000,100.0
2022-07-17T19:03:07.500,100.0
2022-07-17T19:03:08.000,100.0
2022-07-17T19:03:08.500,100.0
