TSDateTime,SV,LinkVersion,ICAO,AddrQualifier,Latitude,Longitude,PressureAlt,NSVelocity,EWVelocity,VerticalRate,GroundSpeed,TargetID,Mode3,CategoryCode,EquipmentType,dist_to_VGT_m,dist_to_VGT_nm,source_file,Group,sm_alt,sm_gs,corrected_alt
2021-03-16 18:38:37.860,24,2,AD8194,ADSBwICAO,36.25245809555054,-115.39384603500366,7500.0,1.0,175.0,-832.0,175.00286,N97CX,4657.0,Light,RS_UAT,18477.99897071295,9.977321258484317,3-1-2021 through 3-31-2021.csv,75,7475.0,174.0,7461.8
2021-03-16 18:38:38.754,166,2,AD8194,ADSBwICAO,36.252479553222656,-115.39305210113524,7475.0,1.0,174.0,-960.0,174.00287,N97CX,4657.0,Light,RS_UAT,18409.681056734145,9.940432536033557,3-1-2021 through 3-31-2021.csv,75,7462.5,173.5,7436.8
2021-03-16 18:38:39.816,166,2,AD8194,ADSBwICAO,36.252479553222656,-115.3918719291687,7450.0,1.0,173.0,-1152.0,173.00289,N97CX,4657.0,Light,RS_UAT,18307.27200266093,9.88513607055126,3-1-2021 through 3-31-2021.csv,75,7450.0,173.2,7411.8
2021-03-16 18:38:40.726,166,2,AD8194,ADSBwICAO,36.252479553222656,-115.3910779953003,7425.0,1.0,172.0,-1280.0,172.00291,N97CX,4657.0,Light,RS_UAT,18238.4007710551,9.847948580483315,3-1-2021 through 3-31-2021.csv,75,7425.0,173.2,7386.8
2021-03-16 18:38:41.953,24,2,AD8194,ADSBwICAO,36.25245809555054,-115.38981199264526,7400.0,-1.0,172.0,-1472.0,172.00291,N97CX,4657.0,Light,RS_1090LSC,18128.007552030213,9.788341010815447,3-1-2021 through 3-31-2021.csv,75,7400.0,172.6,7361.8
2021-03-16 18:38:43.004,166,2,AD8194,ADSBwICAO,36.25245809555054,-115.3887176513672,7375.0,1.0,175.0,-832.0,175.00286,N97CX,4657.0,Light,RS_1090HMC,18033.14363478333,9.737118593295534,3-1-2021 through 3-31-2021.csv,75,7375.0,172.0,7336.8
2021-03-16 18:38:43.811,166,2,AD8194,ADSBwICAO,36.25243663787842,-115.38792371749878,7350.0,-5.0,171.0,-1536.0,171.07308,N97CX,4657.0,Light,RS_UAT,17963.728709549723,9.69963753215428,3-1-2021 through 3-31-2021.csv,75,7355.0,171.7,7311.8
2021-03-16 18:38:44.721,24,2,AD8194,ADSBwICAO,36.2524151802063,-115.38715124130248,7325.0,-6.0,170.0,-1408.0,170.10585,N97CX,4657.0,Light,RS_UAT,17896.18702582343,9.663167940509412,3-1-2021 through 3-31-2021.csv,75,7335.0,170.9,7286.8
2021-03-16 18:38:45.790,166,2,AD8194,ADSBwICAO,36.25237226486206,-115.38607835769652,7325.0,-7.0,170.0,-1280.0,170.14406,N97CX,4657.0,Light,RS_1090HMC,17802.02367359858,9.612323797839409,3-1-2021 through 3-31-2021.csv,75,7320.0,169.4,7286.8
2021-03-16 18:38:46.539,24,2,AD8194,ADSBwICAO,36.25235080718994,-115.38541316986084,7300.0,-9.0,168.0,-960.0,168.2409,N97CX,4657.0,Light,RS_UAT,17743.803030919935,9.580887165723508,3-1-2021 through 3-31-2021.csv,75,7305.0,168.6,7261.8
2021-03-16 18:38:47.751,24,2,AD8194,ADSBwICAO,36.2523078918457,-115.3842544555664,7300.0,-9.0,167.0,-896.0,167.24234,N97CX,4657.0,Light,RS_UAT,17642.249249520915,9.52605251054045,3-1-2021 through 3-31-2021.csv,75,7290.0,167.8,7261.8
2021-03-16 18:38:48.861,24,2,AD8194,ADSBwICAO,36.252264976501465,-115.38311719894408,7275.0,-9.0,167.0,-960.0,167.24234,N97CX,4657.0,Light,RS_UAT,17542.581108243314,9.472236019569824,3-1-2021 through 3-31-2021.csv,75,7270.0,167.1,7236.8
2021-03-16 18:38:49.630,166,2,AD8194,ADSBwICAO,36.25222206115723,-115.3823447227478,7250.0,-9.0,166.0,-1088.0,166.2438,N97CX,,Light,RS_UAT,17474.49503371138,9.435472480405712,3-1-2021 through 3-31-2021.csv,75,7255.0,166.7,7211.8
2021-03-16 18:38:50.675,24,2,AD8194,ADSBwICAO,36.25217914581299,-115.38140058517456,7225.0,-10.0,166.0,-1216.0,166.30093,N97CX,4657.0,Light,RS_UAT,17391.573466181246,9.390698415864604,3-1-2021 through 3-31-2021.csv,75,7230.0,166.2,7186.8
2021-03-16 18:38:51.496,166,2,AD8194,ADSBwICAO,36.25213623046875,-115.3806495666504,7225.0,-9.0,166.0,-1280.0,166.2438,N97CX,4657.0,Light,RS_UAT,17325.367489865974,9.354950048523744,3-1-2021 through 3-31-2021.csv,75,7205.0,165.8,7186.8
2021-03-16 18:38:52.593,24,2,AD8194,ADSBwICAO,36.25209331512451,-115.37951231002808,7175.0,-8.0,165.0,-1408.0,165.19383,N97CX,4657.0,Light,RS_UAT,17225.785448819526,9.301180047958708,3-1-2021 through 3-31-2021.csv,75,7180.0,165.6,7136.8
2021-03-16 18:38:53.620,166,2,AD8194,ADSBwICAO,36.25205039978027,-115.37856817245483,7150.0,-8.0,165.0,-1472.0,165.19383,N97CX,4657.0,Light,RS_UAT,17142.91953342107,9.256436033164723,3-1-2021 through 3-31-2021.csv,75,7155.0,165.4,7111.8
2021-03-16 18:38:54.915,24,2,AD8194,ADSBwICAO,36.25200748443604,-115.37743091583252,7125.0,-7.0,165.0,-1536.0,165.14842,N97CX,4657.0,Light,RS_UAT,17043.391270445954,9.20269507043518,3-1-2021 through 3-31-2021.csv,75,7125.0,165.2,7086.8
2021-03-16 18:38:56.131,24,2,AD8194,ADSBwICAO,36.25194311141968,-115.37631511688232,7100.0,-8.0,165.0,-1536.0,165.19383,N97CX,4657.0,Light,RS_1090LSC,16945.10273189528,9.149623505343024,3-1-2021 through 3-31-2021.csv,75,7100.0,165.2,7061.8
2021-03-16 18:38:56.989,24,2,AD8194,ADSBwICAO,36.25190019607544,-115.37543535232544,7075.0,-8.0,165.0,-1600.0,165.19383,N97CX,4657.0,Light,RS_1090LSC,16867.85884334845,9.107915142196788,3-1-2021 through 3-31-2021.csv,75,7075.0,165.0,7036.8
2021-03-16 18:38:57.716,166,2,AD8194,ADSBwICAO,36.25192165374756,-115.37479162216188,7050.0,-9.0,165.0,-1600.0,165.24527,N97CX,4657.0,Light,RS_UAT,16812.945607026704,9.078264366645088,3-1-2021 through 3-31-2021.csv,75,7050.0,164.8,7011.8
2021-03-16 18:38:59.033,166,2,AD8194,ADSBwICAO,36.2518572807312,-115.3734827041626,7025.0,-9.0,164.0,-1600.0,164.24677,N97CX,4657.0,Light,RS_UAT,16698.064057331456,9.016233292295604,3-1-2021 through 3-31-2021.csv,75,7025.0,164.7,6986.8
2021-03-16 18:39:00.066,24,2,AD8194,ADSBwICAO,36.25181436538696,-115.37251710891724,7000.0,-10.0,164.0,-1536.0,164.3046,N97CX,4657.0,Light,RS_1090LSC,16613.479277520695,8.970561164967979,3-1-2021 through 3-31-2021.csv,75,7000.0,164.5,6961.8
2021-03-16 18:39:01.008,166,2,AD8194,ADSBwICAO,36.251749992370605,-115.37159442901611,6975.0,-11.0,164.0,-1472.0,164.36849,N97CX,4657.0,Light,RS_UAT,16531.959402306045,8.926543953728967,3-1-2021 through 3-31-2021.csv,75,6975.0,164.1,6936.8
2021-03-16 18:39:01.767,166,2,AD8194,ADSBwICAO,36.251728534698486,-115.37103652954102,6950.0,-11.0,164.0,-1408.0,164.36849,N97CX,4657.0,Light,RS_UAT,16483.21142743792,8.900222153044233,3-1-2021 through 3-31-2021.csv,75,6950.0,164.0,6911.8
2021-03-16 18:39:02.827,166,2,AD8194,ADSBwICAO,36.25166416168213,-115.36992073059082,6925.0,-12.0,163.0,-1408.0,163.44112,N97CX,4657.0,Light,RS_UAT,16385.0784785018,8.847234599623002,3-1-2021 through 3-31-2021.csv,75,6925.0,163.7,6886.8
2021-03-16 18:39:03.792,166,2,AD8194,ADSBwICAO,36.25157833099365,-115.36908388137816,6900.0,-13.0,163.0,-1344.0,163.51758,N97CX,4657.0,Light,RS_1090HMC,16310.335812508702,8.80687678861161,3-1-2021 through 3-31-2021.csv,75,6900.0,163.1,6861.8
2021-03-16 18:39:04.849,166,2,AD8194,ADSBwICAO,36.25153541564941,-115.36805391311646,6875.0,-14.0,162.0,-1280.0,162.60381,N97CX,4657.0,Light,RS_UAT,16220.301248657644,8.758262013314063,3-1-2021 through 3-31-2021.csv,75,6880.0,162.7,6836.8
2021-03-16 18:39:06.060,24,2,AD8194,ADSBwICAO,36.25144958496094,-115.36695957183838,6850.0,-16.0,161.0,-1216.0,161.79308,N97CX,4657.0,Light,RS_UAT,16123.41615881236,8.705948249898682,3-1-2021 through 3-31-2021.csv,75,6860.0,162.3,6811.8
2021-03-16 18:39:06.914,24,2,AD8194,ADSBwICAO,36.25138521194458,-115.3662085533142,6850.0,-17.0,161.0,-1152.0,161.89503,N97CX,4657.0,Light,RS_UAT,16056.767647152968,8.669960932587996,3-1-2021 through 3-31-2021.csv,75,6845.0,161.9,6811.8
2021-03-16 18:39:07.777,24,2,AD8194,ADSBwICAO,36.25132083892822,-115.36537170410156,6825.0,-17.0,161.0,-1152.0,161.89503,N97CX,4657.0,Light,RS_1090LSC,15982.743319338217,8.629990993163183,3-1-2021 through 3-31-2021.csv,75,6830.0,161.4,6786.8
2021-03-16 18:39:08.787,24,2,AD8194,ADSBwICAO,36.25121355056763,-115.3645133972168,6825.0,-19.0,160.0,-1088.0,161.12418,N97CX,4657.0,Light,RS_1090LSC,15905.538014717804,8.58830346367052,3-1-2021 through 3-31-2021.csv,75,6815.0,161.2,6786.8
2021-03-16 18:39:09.587,24,2,AD8194,ADSBwICAO,36.25114917755127,-115.3638482093811,6800.0,-21.0,159.0,-1088.0,160.3808,N97CX,4657.0,Light,RS_UAT,15846.299123271914,8.556317021205137,3-1-2021 through 3-31-2021.csv,75,6795.0,160.7,6761.8
2021-03-16 18:39:10.453,166,2,AD8194,ADSBwICAO,36.25106334686279,-115.36292552947998,6775.0,-22.0,159.0,-1088.0,160.5148,N97CX,4657.0,Light,RS_UAT,15764.248808407989,8.512013395468676,3-1-2021 through 3-31-2021.csv,75,6780.0,160.3,6736.8
2021-03-16 18:39:11.705,24,2,AD8194,ADSBwICAO,36.25093460083008,-115.36185264587402,6750.0,-23.0,158.0,-1088.0,159.66527,N97CX,4657.0,Light,RS_UAT,15667.941391494816,8.460011550483161,3-1-2021 through 3-31-2021.csv,75,6760.0,160.0,6711.8
2021-03-16 18:39:12.912,166,2,AD8194,ADSBwICAO,36.25078439712525,-115.36077976226808,6750.0,-23.0,158.0,-1024.0,159.66527,N97CX,4657.0,Light,RS_1090LSC,15570.964751631594,8.40764835401274,3-1-2021 through 3-31-2021.csv,75,6740.0,159.9,6711.8
2021-03-16 18:39:13.938,24,2,AD8194,ADSBwICAO,36.25065565109253,-115.35977125167848,6725.0,-24.0,158.0,-1088.0,159.81239,N97CX,4657.0,Light,RS_1090LSC,15480.210298176218,8.358644869425603,3-1-2021 through 3-31-2021.csv,75,6720.0,159.8,6686.8
2021-03-16 18:39:14.654,166,2,AD8194,ADSBwICAO,36.25061273574829,-115.35912752151488,6700.0,-24.0,158.0,-1216.0,159.81239,N97CX,4657.0,Light,RS_UAT,15423.538951775005,8.328044790375271,3-1-2021 through 3-31-2021.csv,75,6700.0,159.7,6661.8
2021-03-16 18:39:15.564,166,2,AD8194,ADSBwICAO,36.250505447387695,-115.35841941833496,6675.0,-25.0,158.0,-1280.0,159.96562,N97CX,4657.0,Light,RS_UAT,15359.29029247557,8.293353289673634,3-1-2021 through 3-31-2021.csv,75,6675.0,159.5,6636.8
2021-03-16 18:39:16.802,24,2,AD8194,ADSBwICAO,36.25033378601074,-115.35715341567992,6650.0,-28.0,157.0,-1280.0,159.47727,N97CX,4657.0,Light,RS_UAT,15245.074905195552,8.231681914252457,3-1-2021 through 3-31-2021.csv,75,6655.0,159.3,6611.8
2021-03-16 18:39:18.094,166,2,AD8194,ADSBwICAO,36.25016212463379,-115.3559947013855,6625.0,-29.0,156.0,-1088.0,158.67262,N97CX,4657.0,Light,RS_1090HMC,15140.083155059972,8.174990904460028,3-1-2021 through 3-31-2021.csv,75,6640.0,158.9,6586.8
2021-03-16 18:39:18.751,166,2,AD8194,ADSBwICAO,36.25009775161743,-115.355544090271,6625.0,-29.0,156.0,-896.0,158.67262,N97CX,4657.0,Light,RS_UAT,15099.332162078375,8.152987128552038,3-1-2021 through 3-31-2021.csv,75,6625.0,158.4,6586.8
2021-03-16 18:39:19.710,166,2,AD8194,ADSBwICAO,36.24996900558472,-115.354642868042,6625.0,-28.0,155.0,-768.0,157.50873,N97CX,4657.0,Light,RS_UAT,15017.83481270314,8.108982080293272,3-1-2021 through 3-31-2021.csv,75,6615.0,157.7,6586.8
2021-03-16 18:39:20.641,24,2,AD8194,ADSBwICAO,36.24981880187988,-115.35376310348512,6600.0,-28.0,155.0,-704.0,157.50873,N97CX,4657.0,Light,RS_1090HMC,14937.49183933178,8.065600345211545,3-1-2021 through 3-31-2021.csv,75,6605.0,157.1,6561.8
2021-03-16 18:39:21.483,166,2,AD8194,ADSBwICAO,36.249732971191406,-115.35305500030518,6600.0,-26.0,154.0,-640.0,156.17938,N97CX,4657.0,Light,RS_UAT,14873.961964114069,8.031296956865049,3-1-2021 through 3-31-2021.csv,75,6590.0,156.4,6561.8
2021-03-16 18:39:22.947,166,2,AD8194,ADSBwICAO,36.24958276748657,-115.35183191299438,6575.0,-24.0,154.0,-640.0,155.85891,N97CX,4657.0,Light,RS_UAT,14764.179077561012,7.972018940367716,3-1-2021 through 3-31-2021.csv,75,6575.0,155.8,6536.8
2021-03-16 18:39:25.325,166,2,AD8194,ADSBwICAO,36.24930381774902,-115.34972906112672,6550.0,-23.0,153.0,-768.0,154.7191,N97CX,4657.0,Light,RS_1090HMC,14574.794191525616,7.869759282681218,3-1-2021 through 3-31-2021.csv,75,6560.0,155.3,6511.8
2021-03-16 18:39:26.087,166,2,AD8194,ADSBwICAO,36.24919652938843,-115.34895658493042,6550.0,-23.0,153.0,-768.0,154.7191,N97CX,4657.0,Light,RS_1090LSC,14505.077874949606,7.832115483234128,3-1-2021 through 3-31-2021.csv,75,6540.0,155.1,6511.8
2021-03-16 18:39:27.294,24,2,AD8194,ADSBwICAO,36.24906778335571,-115.34796953201294,6525.0,-24.0,153.0,-832.0,154.87091,N97CX,4657.0,Light,RS_1090LSC,14416.277844821816,7.784167302819555,3-1-2021 through 3-31-2021.csv,75,6525.0,154.9,6486.8
2021-03-16 18:39:27.994,24,2,AD8194,ADSBwICAO,36.24902486801148,-115.34743309020996,6500.0,-27.0,153.0,-960.0,155.36409,N97CX,4657.0,Light,RS_UAT,14368.911060646362,7.7585912854462,3-1-2021 through 3-31-2021.csv,75,6510.0,155.1,6461.8
2021-03-16 18:39:29.054,24,2,AD8194,ADSBwICAO,36.24887466430664,-115.34638166427612,6500.0,-30.0,152.0,-1024.0,154.93224,N97CX,4657.0,Light,RS_UAT,14273.909707871517,7.707294658677925,3-1-2021 through 3-31-2021.csv,75,6490.0,155.2,6461.8
2021-03-16 18:39:30.422,24,2,AD8194,ADSBwICAO,36.24866008758545,-115.34528732299805,6475.0,-33.0,152.0,-1024.0,155.54099,N97CX,4657.0,Light,RS_1090HMC,14173.116337558822,7.652870592634353,3-1-2021 through 3-31-2021.csv,75,6470.0,155.3,6436.8
2021-03-16 18:39:31.123,24,2,AD8194,ADSBwICAO,36.24857425689697,-115.34464359283449,6450.0,-33.0,152.0,-1088.0,155.54099,N97CX,4657.0,Light,RS_UAT,14115.163310606387,7.621578461450533,3-1-2021 through 3-31-2021.csv,75,6450.0,155.2,6411.8
2021-03-16 18:39:33.006,166,2,AD8194,ADSBwICAO,36.248295307159424,-115.34307718276978,6425.0,-31.0,152.0,-1088.0,155.12898,N97CX,4657.0,Light,RS_UAT,13971.83548365978,7.544187626166187,3-1-2021 through 3-31-2021.csv,75,6425.0,155.1,6386.8
2021-03-16 18:39:34.310,24,2,AD8194,ADSBwICAO,36.24805927276611,-115.34178972244264,6400.0,-29.0,152.0,-1024.0,154.74172,N97CX,4657.0,Light,RS_1090HMC,13853.814824927807,7.480461568535533,3-1-2021 through 3-31-2021.csv,75,6405.0,154.8,6361.8
2021-03-16 18:39:35.432,166,2,AD8194,ADSBwICAO,36.24795198440552,-115.34084558486938,6375.0,-28.0,152.0,-960.0,154.55743,N97CX,4657.0,Light,RS_1090HMC,13769.464278097266,7.434915916899172,3-1-2021 through 3-31-2021.csv,75,6385.0,154.4,6336.8
2021-03-16 18:39:36.168,24,2,AD8194,ADSBwICAO,36.24786615371704,-115.3403091430664,6375.0,-25.0,152.0,-960.0,154.0422,N97CX,4657.0,Light,RS_UAT,13720.712995588476,7.408592330231359,3-1-2021 through 3-31-2021.csv,75,6370.0,153.9,6336.8
2021-03-16 18:39:37.516,166,2,AD8194,ADSBwICAO,36.24771595001221,-115.33908605575562,6350.0,-23.0,152.0,-832.0,153.73028,N97CX,,Light,RS_UAT,13611.092882118512,7.349402204167664,3-1-2021 through 3-31-2021.csv,75,6355.0,153.4,6311.8
2021-03-16 18:39:38.543,24,2,AD8194,ADSBwICAO,36.24760866165161,-115.33814191818236,6350.0,-22.0,151.0,-768.0,152.59423,N97CX,4657.0,Light,RS_1090LSC,13526.780002723506,7.303876891319388,3-1-2021 through 3-31-2021.csv,75,6345.0,152.9,6311.8
2021-03-16 18:39:39.120,166,2,AD8194,ADSBwICAO,36.24756574630737,-115.33769130706789,6325.0,-18.0,151.0,-896.0,152.06906,N97CX,4657.0,Light,RS_UAT,13486.824550021856,7.282302672797978,3-1-2021 through 3-31-2021.csv,75,6330.0,152.4,6286.8
2021-03-16 18:39:39.725,166,2,AD8194,ADSBwICAO,36.2474799156189,-115.33711194992064,6325.0,-18.0,151.0,-896.0,152.06906,N97CX,4657.0,Light,RS_1090HMC,13434.424190559826,7.25400874220293,3-1-2021 through 3-31-2021.csv,75,6315.0,152.0,6286.8
2021-03-16 18:39:40.837,166,2,AD8194,ADSBwICAO,36.24741554260254,-115.33612489700316,6300.0,-15.0,151.0,-1024.0,151.7432,N97CX,4657.0,Light,RS_1090HMC,13347.931736614695,7.207306553247677,3-1-2021 through 3-31-2021.csv,75,6295.0,151.8,6261.8
2021-03-16 18:39:41.646,166,2,AD8194,ADSBwICAO,36.24739408493042,-115.33545970916748,6275.0,-14.0,151.0,-1088.0,151.64762,N97CX,4657.0,Light,RS_1090HMC,13290.407092511405,7.176245730297735,3-1-2021 through 3-31-2021.csv,75,6275.0,151.7,6236.8
2021-03-16 18:39:42.625,24,2,AD8194,ADSBwICAO,36.24732971191406,-115.33470869064332,6250.0,-12.0,151.0,-1216.0,151.47607,N97CX,4657.0,Light,RS_1090LSC,13224.110742116023,7.140448564857464,3-1-2021 through 3-31-2021.csv,75,6250.0,151.6,6211.8
2021-03-16 18:39:43.634,24,2,AD8194,ADSBwICAO,36.247286796569824,-115.33372163772584,6225.0,-12.0,151.0,-1280.0,151.47607,N97CX,4657.0,Light,RS_UAT,13138.432065205408,7.094185780348493,3-1-2021 through 3-31-2021.csv,75,6230.0,151.5,6186.8
2021-03-16 18:39:44.694,24,2,AD8194,ADSBwICAO,36.24720096588135,-115.33284187316896,6200.0,-12.0,151.0,-1344.0,151.47607,N97CX,4657.0,Light,RS_1090LSC,13060.458397941886,7.052083368219161,3-1-2021 through 3-31-2021.csv,75,6210.0,151.4,6161.8
2021-03-16 18:39:45.703,24,2,AD8194,ADSBwICAO,36.24715805053711,-115.33202648162842,6200.0,-11.0,151.0,-1216.0,151.40013,N97CX,4657.0,Light,RS_1090LSC,12989.474289197778,7.013755015765539,3-1-2021 through 3-31-2021.csv,75,6190.0,151.4,6161.8
2021-03-16 18:39:46.614,24,2,AD8194,ADSBwICAO,36.24709367752075,-115.33114671707152,6175.0,-11.0,151.0,-1152.0,151.40013,N97CX,4657.0,Light,RS_1090LSC,12912.286567551211,6.972076980319229,3-1-2021 through 3-31-2021.csv,75,6175.0,151.4,6136.8
2021-03-16 18:39:47.624,24,2,AD8194,ADSBwICAO,36.247050762176514,-115.33028841018675,6150.0,-11.0,151.0,-1088.0,151.40013,N97CX,4657.0,Light,RS_1090LSC,12837.699979291789,6.931803444542003,3-1-2021 through 3-31-2021.csv,75,6160.0,151.2,6111.8
2021-03-16 18:39:48.517,166,2,AD8194,ADSBwICAO,36.24700784683228,-115.32949447631836,6150.0,-12.0,151.0,-1216.0,151.47607,N97CX,4657.0,Light,RS_1090HMC,12768.621352893902,6.894503970245088,3-1-2021 through 3-31-2021.csv,75,6145.0,150.8,6111.8
2021-03-16 18:39:49.122,166,2,AD8194,ADSBwICAO,36.24700784683228,-115.32906532287598,6125.0,-11.0,150.0,-960.0,150.40279,N97CX,4657.0,Light,RS_UAT,12732.107982874928,6.874788327686246,3-1-2021 through 3-31-2021.csv,75,6135.0,149.8,6086.8
2021-03-16 18:39:50.134,166,2,AD8194,ADSBwICAO,36.24694347381592,-115.3282070159912,6125.0,-11.0,149.0,-704.0,149.40549,N97CX,4657.0,Light,RS_UAT,12656.840312236478,6.83414703684475,3-1-2021 through 3-31-2021.csv,75,6135.0,148.4,6086.8
2021-03-16 18:39:51.599,166,2,AD8194,ADSBwICAO,36.24687910079956,-115.32702684402466,6125.0,-12.0,146.0,-128.0,146.49232,N97CX,4657.0,Light,RS_UAT,12554.245868182095,6.77875046878083,3-1-2021 through 3-31-2021.csv,75,6135.0,146.6,6086.8
2021-03-16 18:39:52.666,24,2,AD8194,ADSBwICAO,36.24679327011109,-115.3260612487793,6150.0,-11.0,144.0,128.0,144.41953,N97CX,4657.0,Light,RS_1090LSC,12469.163587234429,6.732809712329605,3-1-2021 through 3-31-2021.csv,75,6140.0,144.6,6111.8
2021-03-16 18:39:53.468,166,2,AD8194,ADSBwICAO,36.246771812438965,-115.3253960609436,6150.0,-9.0,142.0,384.0,142.28493,N97CX,4657.0,Light,RS_UAT,12411.918012625763,6.701899574851925,3-1-2021 through 3-31-2021.csv,75,6150.0,142.3,6111.8
2021-03-16 18:39:54.583,24,2,AD8194,ADSBwICAO,36.24672889709473,-115.32451629638672,6150.0,-8.0,140.0,448.0,140.22839,N97CX,4657.0,Light,RS_1090LSC,12335.718054689974,6.660754889141455,3-1-2021 through 3-31-2021.csv,75,6160.0,140.2,6111.8
2021-03-16 18:39:55.592,24,2,AD8194,ADSBwICAO,36.24668598175049,-115.32365798950195,6175.0,-6.0,138.0,512.0,138.13037,N97CX,4657.0,Light,RS_1090HMC,12261.37350093694,6.620612041542625,3-1-2021 through 3-31-2021.csv,75,6165.0,138.3,6136.8
2021-03-16 18:39:56.149,166,2,AD8194,ADSBwICAO,36.24670743942261,-115.32333612442017,6175.0,-4.0,136.0,384.0,136.05881,N97CX,4657.0,Light,RS_UAT,12234.866228418354,6.606299259405159,3-1-2021 through 3-31-2021.csv,75,6160.0,136.7,6136.8
2021-03-16 18:39:57.660,24,2,AD8194,ADSBwICAO,36.24664306640625,-115.32209157943726,6175.0,-3.0,135.0,64.0,135.03333,N97CX,4657.0,Light,RS_1090HMC,12127.078693123449,6.5480986463949495,3-1-2021 through 3-31-2021.csv,75,6150.0,135.5,6136.8
2021-03-16 18:39:59.741,166,2,AD8194,ADSBwICAO,36.24664306640625,-115.32050371170044,6125.0,-2.0,134.0,-640.0,134.01492,N97CX,4657.0,Light,RS_1090HMC,11992.699336084052,6.475539598317523,3-1-2021 through 3-31-2021.csv,75,6130.0,134.6,6086.8
2021-03-16 18:40:00.877,166,2,AD8194,ADSBwICAO,36.24664306640625,-115.31962394714355,6100.0,-2.0,134.0,-960.0,134.01492,N97CX,4657.0,Light,RS_1090LSC,11918.326375097136,6.435381412039489,3-1-2021 through 3-31-2021.csv,75,6105.0,134.8,6061.8
2021-03-16 18:40:01.767,166,2,AD8194,ADSBwICAO,36.24660015106201,-115.31895875930786,6075.0,-2.0,134.0,-960.0,134.01492,N97CX,4657.0,Light,RS_1090LSC,11860.52816043283,6.404172872803904,3-1-2021 through 3-31-2021.csv,75,6075.0,135.3,6036.8
2021-03-16 18:40:02.605,24,2,AD8194,ADSBwICAO,36.24660015106201,-115.3182291984558,6050.0,-5.0,137.0,-1664.0,137.09121,N97CX,4657.0,Light,RS_UAT,11798.92651203707,6.370910643648526,3-1-2021 through 3-31-2021.csv,75,6050.0,136.1,6011.8
2021-03-16 18:40:03.619,24,2,AD8194,ADSBwICAO,36.24655723571777,-115.31745672225952,6025.0,-6.0,137.0,-1664.0,137.13132,N97CX,4657.0,Light,RS_1090HMC,11732.126903591265,6.334841740600034,3-1-2021 through 3-31-2021.csv,75,6020.0,137.2,5986.8
2021-03-16 18:40:04.776,24,2,AD8194,ADSBwICAO,36.24653577804565,-115.31666278839111,6000.0,-8.0,138.0,-1600.0,138.23169,N97CX,4657.0,Light,RS_UAT,11664.36255057655,6.298251917157964,3-1-2021 through 3-31-2021.csv,75,5995.0,138.2,5961.8
2021-03-16 18:40:06.112,166,2,AD8194,ADSBwICAO,36.24644994735718,-115.31548261642456,5950.0,-9.0,139.0,-1536.0,139.29106,N97CX,4657.0,Light,RS_1090HMC,11561.649515955996,6.242791315311013,3-1-2021 through 3-31-2021.csv,75,5970.0,138.7,5911.8
2021-03-16 18:40:06.743,24,2,AD8194,ADSBwICAO,36.24644994735718,-115.3150749206543,5950.0,-11.0,139.0,-1472.0,139.43457,N97CX,4657.0,Light,RS_UAT,11527.316381992312,6.224252906043365,3-1-2021 through 3-31-2021.csv,75,5945.0,139.2,5911.8
2021-03-16 18:40:07.530,166,2,AD8194,ADSBwICAO,36.2463641166687,-115.31438827514648,5925.0,-12.0,139.0,-1408.0,139.51702,N97CX,4657.0,Light,RS_1090HMC,11466.224881681175,6.191266134817051,3-1-2021 through 3-31-2021.csv,75,5920.0,139.6,5886.8
2021-03-16 18:40:08.562,24,2,AD8194,ADSBwICAO,36.24632120132446,-115.31359434127808,5900.0,-13.0,139.0,-1344.0,139.60659,N97CX,4657.0,Light,RS_1090HMC,11397.775587065024,6.154306472497313,3-1-2021 through 3-31-2021.csv,75,5900.0,139.7,5861.8
2021-03-16 18:40:09.702,166,2,AD8194,ADSBwICAO,36.24621391296387,-115.31267166137695,5875.0,-16.0,139.0,-1216.0,139.91783,N97CX,4657.0,Light,RS_1090HMC,11316.04607876014,6.110176068445,3-1-2021 through 3-31-2021.csv,75,5875.0,140.1,5836.8
2021-03-16 18:40:10.713,166,2,AD8194,ADSBwICAO,36.24614953994751,-115.31192064285278,5850.0,-18.0,139.0,-1408.0,140.16062,N97CX,4657.0,Light,RS_1090HMC,11250.434908575626,6.07474887072118,3-1-2021 through 3-31-2021.csv,75,5850.0,140.6,5811.8
2021-03-16 18:40:11.725,166,2,AD8194,ADSBwICAO,36.246042251586914,-115.31101942062378,5825.0,-18.0,140.0,-1536.0,141.1524,N97CX,4657.0,Light,RS_1090HMC,11170.561337355784,6.031620592524722,3-1-2021 through 3-31-2021.csv,75,5820.0,141.2,5786.8
2021-03-16 18:40:12.382,166,2,AD8194,ADSBwICAO,36.2460207939148,-115.31044006347656,5800.0,-17.0,141.0,-1728.0,142.02113,N97CX,4657.0,Light,RS_UAT,11121.089651950551,6.004908019411745,3-1-2021 through 3-31-2021.csv,75,5790.0,141.9,5761.8
2021-03-16 18:40:13.851,166,2,AD8194,ADSBwICAO,36.24593496322632,-115.30930280685423,5750.0,-12.0,142.0,-1920.0,142.50614,N97CX,4657.0,Light,RS_UAT,11022.32101898322,5.951577224073013,3-1-2021 through 3-31-2021.csv,75,5760.0,142.7,5711.8
2021-03-16 18:40:14.708,166,2,AD8194,ADSBwICAO,36.24584913253784,-115.30863761901855,5725.0,-11.0,143.0,-1984.0,143.42245,N97CX,4657.0,Light,RS_1090HMC,10963.17127942925,5.9196389197782135,3-1-2021 through 3-31-2021.csv,75,5725.0,143.4,5686.8
2021-03-16 18:40:15.657,166,2,AD8194,ADSBwICAO,36.24584913253784,-115.30782222747804,5700.0,-8.0,144.0,-2112.0,144.22205,N97CX,4657.0,Light,RS_1090LSC,10894.868738166268,5.882758497929951,3-1-2021 through 3-31-2021.csv,75,5690.0,144.0,5661.8
2021-03-16 18:40:16.678,166,2,AD8194,ADSBwICAO,36.24582767486572,-115.3070068359375,5650.0,-4.0,145.0,-2048.0,145.05516,N97CX,4657.0,Light,RS_UAT,10825.76962928991,5.845447963979433,3-1-2021 through 3-31-2021.csv,75,5660.0,144.5,5611.8
2021-03-16 18:40:17.537,24,2,AD8194,ADSBwICAO,36.24582767486572,-115.3063416481018,5625.0,-3.0,145.0,-2048.0,145.03103,N97CX,4657.0,Light,RS_UAT,10770.14384801894,5.815412444934633,3-1-2021 through 3-31-2021.csv,75,5625.0,144.9,5586.8
2021-03-16 18:40:18.749,24,2,AD8194,ADSBwICAO,36.24582767486572,-115.30535459518433,5600.0,0.0,145.0,-1920.0,145.0,N97CX,4657.0,Light,RS_UAT,10687.682677656763,5.770886974976654,3-1-2021 through 3-31-2021.csv,75,5590.0,145.2,5561.8
2021-03-16 18:40:19.861,24,2,AD8194,ADSBwICAO,36.2458062171936,-115.30436754226685,5550.0,1.0,145.0,-1856.0,145.00345,N97CX,4657.0,Light,RS_1090HMC,10604.442245906865,5.725940737530704,3-1-2021 through 3-31-2021.csv,75,5560.0,145.4,5511.8
2021-03-16 18:40:21.562,166,2,AD8194,ADSBwICAO,36.24582767486572,-115.30295133590698,5525.0,3.0,146.0,-1664.0,146.03082,N97CX,4657.0,Light,RS_1090LSC,10487.32185041645,5.66270078316223,3-1-2021 through 3-31-2021.csv,75,5530.0,145.6,5486.8
2021-03-16 18:40:22.589,24,2,AD8194,ADSBwICAO,36.24587059020996,-115.30209302902222,5500.0,3.0,146.0,-1536.0,146.03082,N97CX,4657.0,Light,RS_1090LSC,10417.699407854094,5.625107671627481,3-1-2021 through 3-31-2021.csv,75,5500.0,145.8,5461.8
2021-03-16 18:40:23.139,24,2,AD8194,ADSBwICAO,36.24587059020996,-115.30168533325195,5475.0,1.0,146.0,-1408.0,146.00342,N97CX,4657.0,Light,RS_UAT,10383.81330360516,5.606810639095658,3-1-2021 through 3-31-2021.csv,75,5475.0,146.0,5436.8
2021-03-16 18:40:24.623,166,2,AD8194,ADSBwICAO,36.24584913253784,-115.30035495758057,5450.0,-1.0,146.0,-1344.0,146.00342,N97CX,4657.0,Light,RS_1090HMC,10272.458827681863,5.546684032225629,3-1-2021 through 3-31-2021.csv,75,5450.0,146.2,5411.8
2021-03-16 18:40:25.618,24,2,AD8194,ADSBwICAO,36.24584913253784,-115.29951810836792,5425.0,-2.0,146.0,-1344.0,146.0137,N97CX,4657.0,Light,RS_1090HMC,10203.079962923564,5.509222442183349,3-1-2021 through 3-31-2021.csv,75,5430.0,146.4,5386.8
2021-03-16 18:40:26.425,24,2,AD8194,ADSBwICAO,36.24584913253784,-115.29883146286012,5400.0,-3.0,147.0,-1344.0,147.03061,N97CX,4657.0,Light,RS_1090HMC,10146.214154636242,5.4785173621146015,3-1-2021 through 3-31-2021.csv,75,5405.0,146.6,5361.8
2021-03-16 18:40:26.995,166,2,AD8194,ADSBwICAO,36.24584913253784,-115.29831647872923,5400.0,-2.0,147.0,-1408.0,147.0136,N97CX,4657.0,Light,RS_UAT,10103.601148953056,5.455508179780269,3-1-2021 through 3-31-2021.csv,75,5380.0,146.8,5361.8
2021-03-16 18:40:28.696,24,2,AD8194,ADSBwICAO,36.2458062171936,-115.29700756072998,5350.0,-2.0,147.0,-1536.0,147.0136,N97CX,4657.0,Light,RS_1090LSC,9993.573757376154,5.396098141131833,3-1-2021 through 3-31-2021.csv,75,5355.0,147.2,5311.8
2021-03-16 18:40:29.706,24,2,AD8194,ADSBwICAO,36.2458062171936,-115.2962565422058,5325.0,-2.0,147.0,-1600.0,147.0136,N97CX,4657.0,Light,RS_1090LSC,9931.595022800337,5.362632301728042,3-1-2021 through 3-31-2021.csv,75,5330.0,147.4,5286.8
2021-03-16 18:40:30.560,24,2,AD8194,ADSBwICAO,36.2458062171936,-115.2954626083374,5300.0,-2.0,148.0,-1664.0,148.01351,N97CX,4657.0,Light,RS_UAT,9866.15141948737,5.32729558287655,3-1-2021 through 3-31-2021.csv,75,5295.0,147.6,5261.8
2021-03-16 18:40:31.547,166,2,AD8194,ADSBwICAO,36.2458062171936,-115.29460430145264,5275.0,-2.0,148.0,-1728.0,148.01351,N97CX,4657.0,Light,RS_UAT,9795.492134925877,5.289142621450257,3-1-2021 through 3-31-2021.csv,75,5265.0,148.0,5236.8
2021-03-16 18:40:32.782,24,2,AD8194,ADSBwICAO,36.245763301849365,-115.29361724853516,5225.0,-3.0,148.0,-1664.0,148.0304,N97CX,4657.0,Light,RS_1090LSC,9712.4386738272,5.244297340079481,3-1-2021 through 3-31-2021.csv,75,5230.0,148.5,5186.8
2021-03-16 18:40:33.741,24,2,AD8194,ADSBwICAO,36.24572038650513,-115.2927589416504,5200.0,-4.0,149.0,-1600.0,149.05368,N97CX,4657.0,Light,RS_1090LSC,9640.048307677684,5.205209669372399,3-1-2021 through 3-31-2021.csv,75,5190.0,148.6,5161.8
2021-03-16 18:40:35.709,24,2,AD8194,ADSBwICAO,36.24567747116089,-115.2909779548645,5150.0,-10.0,149.0,-1600.0,149.33519,N97CX,4657.0,Light,RS_1090HMC,9492.174833967652,5.125364381192037,3-1-2021 through 3-31-2021.csv,75,5150.0,148.4,5111.8
2021-03-16 18:40:37.929,24,2,AD8194,ADSBwICAO,36.24559164047241,-115.28915405273438,5100.0,-10.0,148.0,-1408.0,148.33745,N97CX,4657.0,Light,RS_1090HMC,9339.212514067098,5.042771335889362,3-1-2021 through 3-31-2021.csv,75,5120.0,148.1,5061.8
2021-03-16 18:40:39.041,24,2,AD8194,ADSBwICAO,36.245527267456055,-115.288188457489,5075.0,-9.0,147.0,-1280.0,147.27525,N97CX,4657.0,Light,RS_1090LSC,9257.50367499942,4.9986520923323,3-1-2021 through 3-31-2021.csv,75,5090.0,147.4,5036.8
2021-03-16 18:40:39.838,166,2,AD8194,ADSBwICAO,36.245505809783936,-115.28765201568604,5075.0,-13.0,146.0,-1280.0,146.57762,N97CX,4657.0,Light,RS_UAT,9212.818288733157,4.974523914002784,3-1-2021 through 3-31-2021.csv,75,5065.0,146.5,5036.8
2021-03-16 18:40:41.052,166,2,AD8194,ADSBwICAO,36.24541997909546,-115.2864933013916,5050.0,-13.0,145.0,-1152.0,145.58159,N97CX,4657.0,Light,RS_UAT,9114.560743445252,4.921469083933721,3-1-2021 through 3-31-2021.csv,75,5050.0,145.5,5011.8
2021-03-16 18:40:41.889,166,2,AD8194,ADSBwICAO,36.24537706375122,-115.28582811355592,5025.0,-13.0,144.0,-1024.0,144.58561,N97CX,,Light,RS_UAT,9058.515910936529,4.8912072953221,3-1-2021 through 3-31-2021.csv,75,5040.0,144.2,4986.8
2021-03-16 18:40:42.871,166,2,AD8194,ADSBwICAO,36.24531269073486,-115.28501272201538,5025.0,-13.0,143.0,-832.0,143.58969,N97CX,4657.0,Light,RS_UAT,8989.323064466369,4.85384614712007,3-1-2021 through 3-31-2021.csv,75,5030.0,142.7,4986.8
2021-03-16 18:40:44.238,24,2,AD8194,ADSBwICAO,36.24520540237427,-115.2839183807373,5025.0,-15.0,140.0,-512.0,140.80128,N97CX,4657.0,Light,RS_1090HMC,8895.565846395933,4.803221299349856,3-1-2021 through 3-31-2021.csv,75,5020.0,141.1,4986.8
2021-03-16 18:40:45.037,24,2,AD8194,ADSBwICAO,36.24516248703003,-115.2832531929016,5025.0,-16.0,138.0,-448.0,138.92444,N97CX,4657.0,Light,RS_UAT,8839.70412982815,4.773058385436365,3-1-2021 through 3-31-2021.csv,75,5015.0,139.6,4986.8
2021-03-16 18:40:45.997,24,2,AD8194,ADSBwICAO,36.24511957168579,-115.28263092041016,5000.0,-15.0,137.0,-512.0,137.81872,N97CX,4657.0,Light,RS_UAT,8787.360007161786,4.744794820281742,3-1-2021 through 3-31-2021.csv,75,5005.0,138.3,4961.8
2021-03-16 18:40:46.806,24,2,AD8194,ADSBwICAO,36.24505519866944,-115.2820086479187,5000.0,-16.0,136.0,-640.0,136.93794,N97CX,4657.0,Light,RS_UAT,8734.018634389851,4.715992783147868,3-1-2021 through 3-31-2021.csv,75,4990.0,137.5,4961.8
2021-03-16 18:40:48.887,166,2,AD8194,ADSBwICAO,36.24488353729248,-115.28029203414916,4975.0,-16.0,136.0,-768.0,136.93794,N97CX,4657.0,Light,RS_UAT,8587.35467605669,4.63680058102413,3-1-2021 through 3-31-2021.csv,75,4970.0,137.1,4936.8
2021-03-16 18:40:49.883,24,2,AD8194,ADSBwICAO,36.24481916427612,-115.27951955795288,4950.0,-17.0,136.0,-960.0,137.05838,N97CX,4657.0,Light,RS_UAT,8522.09042134238,4.601560702668672,3-1-2021 through 3-31-2021.csv,75,4950.0,136.9,4911.8
2021-03-16 18:40:51.010,166,2,AD8194,ADSBwICAO,36.24469041824341,-115.27859687805176,4925.0,-16.0,136.0,-1216.0,136.93794,N97CX,4657.0,Light,RS_1090HMC,8441.64700227141,4.5581247312480615,3-1-2021 through 3-31-2021.csv,75,4925.0,137.1,4886.8
2021-03-16 18:40:51.689,166,2,AD8194,ADSBwICAO,36.24469041824341,-115.27812480926514,4900.0,-14.0,136.0,-1536.0,136.71869,N97CX,,Light,RS_UAT,8403.805125153545,4.537691752242735,3-1-2021 through 3-31-2021.csv,75,4895.0,137.3,4861.8
2021-03-16 18:40:52.679,166,2,AD8194,ADSBwICAO,36.24462604522705,-115.27733087539671,4875.0,-14.0,137.0,-1664.0,137.71347,N97CX,4657.0,Light,RS_UAT,8337.02125069837,4.50163134486953,3-1-2021 through 3-31-2021.csv,75,4865.0,137.5,4836.8
2021-03-16 18:40:53.893,166,2,AD8194,ADSBwICAO,36.244540214538574,-115.2764081954956,4825.0,-16.0,137.0,-1792.0,137.93114,N97CX,4657.0,Light,RS_UAT,8258.950432198062,4.459476475268932,3-1-2021 through 3-31-2021.csv,75,4830.0,137.7,4786.8
2021-03-16 18:40:54.855,166,2,AD8194,ADSBwICAO,36.2444543838501,-115.2756142616272,4800.0,-17.0,137.0,-1792.0,138.05072,N97CX,4657.0,Light,RS_UAT,8191.245978549335,4.422918994897049,3-1-2021 through 3-31-2021.csv,75,4795.0,138.3,4761.8
2021-03-16 18:40:56.096,166,2,AD8194,ADSBwICAO,36.2443470954895,-115.27467012405396,4750.0,-19.0,137.0,-1856.0,138.31124,N97CX,4657.0,Light,RS_1090HMC,8110.557759435221,4.379350842027657,3-1-2021 through 3-31-2021.csv,75,4755.0,138.8,4711.8
2021-03-16 18:40:56.879,166,2,AD8194,ADSBwICAO,36.244282722473145,-115.27402639389038,4725.0,-20.0,138.0,-1920.0,139.44174,N97CX,4657.0,Light,RS_UAT,8056.052153281951,4.349920169158721,3-1-2021 through 3-31-2021.csv,75,4720.0,139.7,4686.8
2021-03-16 18:40:58.345,166,2,AD8194,ADSBwICAO,36.24413251876831,-115.2729105949402,4675.0,-20.0,139.0,-1920.0,140.43148,N97CX,4657.0,Light,RS_1090HMC,7959.693844810173,4.297890844929899,3-1-2021 through 3-31-2021.csv,75,4685.0,140.6,4636.8
2021-03-16 18:40:59.103,166,2,AD8194,ADSBwICAO,36.24404668807984,-115.27228832244872,4650.0,-25.0,140.0,-1984.0,142.21463,N97CX,4657.0,Light,RS_UAT,7905.903445619012,4.268846352926032,3-1-2021 through 3-31-2021.csv,75,4660.0,141.3,4611.8
2021-03-16 18:40:59.963,166,2,AD8194,ADSBwICAO,36.24396085739136,-115.27164459228516,4625.0,-26.0,140.0,-2048.0,142.39382,N97CX,4657.0,Light,RS_UAT,7850.454983975182,4.238906578820292,3-1-2021 through 3-31-2021.csv,75,4630.0,142.2,4586.8
2021-03-16 18:41:00.471,166,2,AD8194,ADSBwICAO,36.243896484375,-115.27123689651488,4625.0,-25.0,140.0,-2048.0,142.21463,N97CX,4657.0,Light,RS_1090HMC,7814.835212062729,4.219673440638623,3-1-2021 through 3-31-2021.csv,75,4605.0,142.8,4586.8
2021-03-16 18:41:01.431,166,2,AD8194,ADSBwICAO,36.243767738342285,-115.27050733566284,4575.0,-27.0,141.0,-1984.0,143.56183,N97CX,4657.0,Light,RS_1090HMC,7750.418560580581,4.184891231415,3-1-2021 through 3-31-2021.csv,75,4580.0,143.1,4536.8
2021-03-16 18:41:02.036,24,2,AD8194,ADSBwICAO,36.24368190765381,-115.26986360549928,4550.0,-28.0,141.0,-1856.0,143.75326,N97CX,4657.0,Light,RS_UAT,7695.086584962577,4.155014354731413,3-1-2021 through 3-31-2021.csv,75,4555.0,143.4,4511.8
2021-03-16 18:41:03.296,24,2,AD8194,ADSBwICAO,36.243531703948975,-115.26902675628662,4525.0,-28.0,141.0,-1856.0,143.75326,N97CX,4657.0,Light,RS_1090LSC,7621.16955353509,4.115102350720891,3-1-2021 through 3-31-2021.csv,75,4525.0,143.6,4486.8
2021-03-16 18:41:04.204,24,2,AD8194,ADSBwICAO,36.24338150024414,-115.2682113647461,4500.0,-27.0,141.0,-1856.0,143.56183,N97CX,4657.0,Light,RS_1090LSC,7548.998900590307,4.0761333156535136,3-1-2021 through 3-31-2021.csv,75,4500.0,143.6,4461.8
2021-03-16 18:41:04.911,24,2,AD8194,ADSBwICAO,36.24331712722778,-115.26761054992676,4475.0,-26.0,141.0,-1856.0,143.37713,N97CX,4657.0,Light,RS_UAT,7498.343286556617,4.048781472222796,3-1-2021 through 3-31-2021.csv,75,4470.0,143.5,4436.8
2021-03-16 18:41:06.123,24,2,AD8194,ADSBwICAO,36.24316692352295,-115.26666641235352,4450.0,-26.0,141.0,-1856.0,143.37713,N97CX,4657.0,Light,RS_1090LSC,7416.193228436128,4.004423989436354,3-1-2021 through 3-31-2021.csv,75,4445.0,143.4,4411.8
2021-03-16 18:41:07.144,166,2,AD8194,ADSBwICAO,36.24301671981812,-115.26587247848512,4400.0,-27.0,141.0,-1728.0,143.56183,N97CX,4657.0,Light,RS_1090HMC,7345.887072398603,3.966461702159073,3-1-2021 through 3-31-2021.csv,75,4420.0,143.3,4361.8
2021-03-16 18:41:07.736,24,2,AD8194,ADSBwICAO,36.24297380447388,-115.26535749435423,4400.0,-29.0,140.0,-1664.0,142.97203,N97CX,4657.0,Light,RS_UAT,7303.287281644722,3.943459655315725,3-1-2021 through 3-31-2021.csv,75,4390.0,143.2,4361.8
2021-03-16 18:41:08.696,24,2,AD8194,ADSBwICAO,36.24282360076904,-115.26456356048584,4375.0,-31.0,140.0,-1600.0,143.39107,N97CX,4657.0,Light,RS_UAT,7233.088879793227,3.9055555506442894,3-1-2021 through 3-31-2021.csv,75,4360.0,143.0,4336.8
2021-03-16 18:41:10.176,166,2,AD8194,ADSBwICAO,36.24260902404785,-115.26346921920776,4325.0,-32.0,139.0,-1600.0,142.6359,N97CX,4657.0,Light,RS_1090HMC,7136.009062837461,3.8531366430007887,3-1-2021 through 3-31-2021.csv,75,4335.0,142.7,4286.8
2021-03-16 18:41:11.623,24,2,AD8194,ADSBwICAO,36.24237298965454,-115.2621603012085,4300.0,-31.0,139.0,-1536.0,142.41489,N97CX,4657.0,Light,RS_UAT,7021.188200589863,3.791138337251546,3-1-2021 through 3-31-2021.csv,75,4305.0,142.7,4261.8
2021-03-16 18:41:12.581,24,2,AD8194,ADSBwICAO,36.242265701293945,-115.26151657104492,4275.0,-30.0,139.0,-1472.0,142.20056,N97CX,4657.0,Light,RS_UAT,6965.279013598738,3.7609497913600096,3-1-2021 through 3-31-2021.csv,75,4275.0,142.6,4236.8
2021-03-16 18:41:13.586,166,2,AD8194,ADSBwICAO,36.24213695526123,-115.26072263717651,4250.0,-28.0,140.0,-1472.0,142.77255,N97CX,,Light,RS_UAT,6896.595603417588,3.723863716748157,3-1-2021 through 3-31-2021.csv,75,4250.0,142.6,4211.8
2021-03-16 18:41:15.001,24,2,AD8194,ADSBwICAO,36.24192237854004,-115.25962829589844,4225.0,-28.0,140.0,-1344.0,142.77255,N97CX,4657.0,Light,RS_1090HMC,6799.95163024417,3.671680145920178,3-1-2021 through 3-31-2021.csv,75,4225.0,142.3,4186.8
2021-03-16 18:41:15.908,166,2,AD8194,ADSBwICAO,36.24179363250733,-115.25883436203004,4200.0,-28.0,140.0,-1408.0,142.77255,N97CX,4657.0,Light,RS_1090HMC,6731.453934399049,3.634694349027564,3-1-2021 through 3-31-2021.csv,75,4200.0,141.8,4161.8
2021-03-16 18:41:16.689,166,2,AD8194,ADSBwICAO,36.24170780181885,-115.25819063186646,4175.0,-29.0,138.0,-1344.0,141.01418,N97CX,4657.0,Light,RS_UAT,6677.0440755082645,3.605315375544419,3-1-2021 through 3-31-2021.csv,75,4175.0,141.3,4136.8
2021-03-16 18:41:17.926,24,2,AD8194,ADSBwICAO,36.241557598114014,-115.2572464942932,4150.0,-28.0,137.0,-1280.0,139.83204,N97CX,4657.0,Light,RS_UAT,6595.964006815,3.5615356408288337,3-1-2021 through 3-31-2021.csv,75,4155.0,140.7,4111.8
2021-03-16 18:41:18.885,24,2,AD8194,ADSBwICAO,36.24140739440918,-115.2564525604248,4125.0,-29.0,137.0,-1216.0,140.03571,N97CX,4657.0,Light,RS_UAT,6526.497158091492,3.5240265432459457,3-1-2021 through 3-31-2021.csv,75,4135.0,140.0,4086.8
2021-03-16 18:41:19.890,166,2,AD8194,ADSBwICAO,36.24127864837647,-115.25568008422852,4125.0,-27.0,137.0,-1088.0,139.63524,N97CX,4657.0,Light,RS_1090HMC,6460.003015401825,3.488122578510705,3-1-2021 through 3-31-2021.csv,75,4115.0,139.6,4086.8
2021-03-16 18:41:20.940,166,2,AD8194,ADSBwICAO,36.24114990234375,-115.25488615036012,4100.0,-25.0,137.0,-1088.0,139.26234,N97CX,4657.0,Light,RS_1090HMC,6391.967451829949,3.451386313083126,3-1-2021 through 3-31-2021.csv,75,4100.0,139.4,4061.8
2021-03-16 18:41:22.013,24,2,AD8194,ADSBwICAO,36.24106407165527,-115.25407075881958,4075.0,-24.0,137.0,-1024.0,139.0863,N97CX,4657.0,Light,RS_1090LSC,6324.950300076415,3.4151999460455804,3-1-2021 through 3-31-2021.csv,75,4085.0,139.1,4036.8
2021-03-16 18:41:23.013,166,2,AD8194,ADSBwICAO,36.24091386795044,-115.25323390960692,4075.0,-22.0,137.0,-960.0,138.75518,N97CX,4657.0,Light,RS_1090HMC,6252.61546655577,3.376142260559271,3-1-2021 through 3-31-2021.csv,75,4070.0,138.8,4036.8
2021-03-16 18:41:24.034,24,2,AD8194,ADSBwICAO,36.24082803726196,-115.25248289108276,4050.0,-23.0,137.0,-960.0,138.91724,N97CX,4657.0,Light,RS_1090LSC,6190.736298293616,3.3427301826639395,3-1-2021 through 3-31-2021.csv,75,4055.0,138.6,4011.8
2021-03-16 18:41:24.579,166,2,AD8194,ADSBwICAO,36.240785121917725,-115.2520751953125,4050.0,-24.0,136.0,-1024.0,138.10141,N97CX,4657.0,Light,RS_UAT,6157.421219813536,3.324741479380959,3-1-2021 through 3-31-2021.csv,75,4040.0,138.3,4011.8
2021-03-16 18:41:25.170,166,2,AD8194,ADSBwICAO,36.24067783355713,-115.25153875350952,4025.0,-24.0,136.0,-1088.0,138.10141,N97CX,4657.0,Light,RS_1090HMC,6110.565074829272,3.2994411851129977,3-1-2021 through 3-31-2021.csv,75,4025.0,138.2,3986.8
2021-03-16 18:41:26.299,166,2,AD8194,ADSBwICAO,36.240549087524414,-115.25070190429688,4000.0,-27.0,135.0,-1152.0,137.67353,N97CX,4657.0,Light,RS_1090HMC,6039.91374009807,3.261292516251657,3-1-2021 through 3-31-2021.csv,75,4010.0,138.0,3961.8
2021-03-16 18:41:26.853,166,2,AD8194,ADSBwICAO,36.24048471450806,-115.25020837783812,4000.0,-29.0,135.0,-1216.0,138.07969,N97CX,4657.0,Light,RS_UAT,5999.02256933522,3.239213050396987,3-1-2021 through 3-31-2021.csv,75,3990.0,138.0,3961.8
2021-03-16 18:41:27.393,166,2,AD8194,ADSBwICAO,36.24039888381958,-115.24986505508424,3975.0,-29.0,135.0,-1216.0,138.07969,N97CX,4657.0,Light,RS_1090HMC,5968.084402739588,3.222507776857229,3-1-2021 through 3-31-2021.csv,75,3975.0,138.0,3936.8
2021-03-16 18:41:28.323,24,2,AD8194,ADSBwICAO,36.24027013778687,-115.2491569519043,3950.0,-29.0,135.0,-1280.0,138.07969,N97CX,4657.0,Light,RS_1090HMC,5907.303179706247,3.1896885419580165,3-1-2021 through 3-31-2021.csv,75,3960.0,138.1,3911.8
2021-03-16 18:41:29.281,166,2,AD8194,ADSBwICAO,36.24016284942627,-115.248384475708,3950.0,-29.0,135.0,-1280.0,138.07969,N97CX,4657.0,Light,RS_1090HMC,5843.168210111106,3.1550584287856944,3-1-2021 through 3-31-2021.csv,75,3940.0,138.2,3911.8
2021-03-16 18:41:30.232,166,2,AD8194,ADSBwICAO,36.24003410339356,-115.2476978302002,3925.0,-30.0,135.0,-1280.0,138.29317,N97CX,4657.0,Light,RS_1090LSC,5784.186931057567,3.123211085884216,3-1-2021 through 3-31-2021.csv,75,3920.0,138.2,3886.8
2021-03-16 18:41:31.300,24,2,AD8194,ADSBwICAO,36.23988389968872,-115.2469253540039,3900.0,-31.0,135.0,-1152.0,138.51354,N97CX,4657.0,Light,RS_1090LSC,5717.603051008724,3.087258666851363,3-1-2021 through 3-31-2021.csv,75,3905.0,138.2,3861.8
2021-03-16 18:41:32.106,24,2,AD8194,ADSBwICAO,36.239755153656006,-115.24621725082396,3875.0,-33.0,134.0,-1216.0,138.00362,N97CX,4657.0,Light,RS_UAT,5657.235515483513,3.0546628053366702,3-1-2021 through 3-31-2021.csv,75,3885.0,138.0,3836.8
2021-03-16 18:41:33.171,166,2,AD8194,ADSBwICAO,36.23958349227905,-115.24544477462769,3875.0,-33.0,134.0,-1152.0,138.00362,N97CX,4657.0,Light,RS_1090HMC,5589.507309834839,3.0180924999108205,3-1-2021 through 3-31-2021.csv,75,3865.0,137.9,3836.8
2021-03-16 18:41:34.183,166,2,AD8194,ADSBwICAO,36.23943328857422,-115.24458646774292,3850.0,-33.0,133.0,-1152.0,137.03284,N97CX,4657.0,Light,RS_1090HMC,5516.984088835075,2.978933093323475,3-1-2021 through 3-31-2021.csv,75,3845.0,137.6,3811.8
2021-03-16 18:41:34.737,166,2,AD8194,ADSBwICAO,36.23934745788574,-115.2442216873169,3825.0,-32.0,134.0,-1280.0,137.76792,N97CX,4657.0,Light,RS_UAT,5484.793836478539,2.961551747558606,3-1-2021 through 3-31-2021.csv,75,3825.0,137.4,3786.8
2021-03-16 18:41:36.140,24,2,AD8194,ADSBwICAO,36.23915433883667,-115.24314880371094,3800.0,-29.0,134.0,-1280.0,137.10215,N97CX,4657.0,Light,RS_UAT,5394.116172113728,2.912589725763352,3-1-2021 through 3-31-2021.csv,75,3805.0,137.1,3761.8
2021-03-16 18:41:37.168,166,2,AD8194,ADSBwICAO,36.23900413513184,-115.24239778518675,3775.0,-30.0,134.0,-1280.0,137.31715,N97CX,4657.0,Light,RS_1090HMC,5329.823085031344,2.877874235978048,3-1-2021 through 3-31-2021.csv,75,3785.0,137.1,3736.8
2021-03-16 18:41:37.908,24,2,AD8194,ADSBwICAO,36.23893976211548,-115.24177551269533,3775.0,-26.0,134.0,-1024.0,136.49908,N97CX,4657.0,Light,RS_UAT,5280.617923331391,2.8513055741530184,3-1-2021 through 3-31-2021.csv,75,3770.0,136.7,3736.8
2021-03-16 18:41:39.035,166,2,AD8194,ADSBwICAO,36.238789558410645,-115.2408528327942,3750.0,-27.0,134.0,-960.0,136.69309,N97CX,4657.0,Light,RS_UAT,5204.267255597451,2.810079511661691,3-1-2021 through 3-31-2021.csv,75,3755.0,136.3,3711.8
2021-03-16 18:41:40.097,166,2,AD8194,ADSBwICAO,36.23863935470581,-115.24010181427002,3750.0,-27.0,133.0,-896.0,135.71293,N97CX,4657.0,Light,RS_1090HMC,5140.429974743096,2.775610137550268,3-1-2021 through 3-31-2021.csv,75,3745.0,135.8,3711.8
2021-03-16 18:41:40.985,24,2,AD8194,ADSBwICAO,36.23857498168945,-115.23947954177856,3725.0,-25.0,133.0,-704.0,135.32923,N97CX,4657.0,Light,RS_UAT,5091.709039073275,2.74930293686462,3-1-2021 through 3-31-2021.csv,75,3735.0,135.5,3686.8
2021-03-16 18:41:41.641,24,2,AD8194,ADSBwICAO,36.23848915100098,-115.23887872695924,3725.0,-23.0,133.0,-640.0,134.97407,N97CX,4657.0,Light,RS_UAT,5043.204341898441,2.723112495625508,3-1-2021 through 3-31-2021.csv,75,3725.0,134.9,3686.8
2021-03-16 18:41:42.995,166,2,AD8194,ADSBwICAO,36.23836040496826,-115.23787021636964,3725.0,-22.0,133.0,-576.0,134.80727,N97CX,4657.0,Light,RS_1090LSC,4963.132394594529,2.6798771029128123,3-1-2021 through 3-31-2021.csv,75,3715.0,134.1,3686.8
2021-03-16 18:41:43.836,166,2,AD8194,ADSBwICAO,36.238274574279785,-115.23720502853394,3700.0,-20.0,132.0,-576.0,133.50655,N97CX,4657.0,Light,RS_UAT,4910.47587340339,2.6514448560493467,3-1-2021 through 3-31-2021.csv,75,3705.0,133.3,3661.8
2021-03-16 18:41:45.124,24,2,AD8194,ADSBwICAO,36.23816728591919,-115.23630380630492,3700.0,-22.0,130.0,-640.0,131.8484,N97CX,4657.0,Light,RS_UAT,4840.055368783577,2.613420825477093,3-1-2021 through 3-31-2021.csv,75,3695.0,132.4,3661.8
2021-03-16 18:41:46.012,166,2,AD8194,ADSBwICAO,36.23803853988648,-115.23557424545288,3675.0,-25.0,129.0,-640.0,131.40015,N97CX,4657.0,Light,RS_UAT,4780.3487274570925,2.5811818182813675,3-1-2021 through 3-31-2021.csv,75,3680.0,131.4,3636.8
2021-03-16 18:41:47.125,166,2,AD8194,ADSBwICAO,36.23790979385376,-115.23484468460084,3675.0,-30.0,127.0,-768.0,130.49521,N97CX,4657.0,Light,RS_UAT,4720.837406534545,2.549048275666601,3-1-2021 through 3-31-2021.csv,75,3665.0,130.7,3636.8
2021-03-16 18:41:48.050,24,2,AD8194,ADSBwICAO,36.237759590148926,-115.23411512374878,3650.0,-34.0,125.0,-832.0,129.5415,N97CX,4657.0,Light,RS_UAT,4659.988477383083,2.516192482388273,3-1-2021 through 3-31-2021.csv,75,3650.0,130.2,3611.8
2021-03-16 18:41:49.200,166,2,AD8194,ADSBwICAO,36.23758792877197,-115.23340702056883,3625.0,-36.0,125.0,-1024.0,130.08074,N97CX,4657.0,Light,RS_UAT,4599.237359232838,2.4833895028255064,3-1-2021 through 3-31-2021.csv,75,3635.0,130.0,3586.8
2021-03-16 18:41:49.866,24,2,AD8194,ADSBwICAO,36.23745918273926,-115.23282766342165,3625.0,-38.0,124.0,-1152.0,129.69194,N97CX,4657.0,Light,RS_UAT,4550.498124163823,2.457072421254764,3-1-2021 through 3-31-2021.csv,75,3615.0,129.9,3586.8
2021-03-16 18:41:50.417,166,2,AD8194,ADSBwICAO,36.23733043670654,-115.23250579833984,3600.0,-39.0,124.0,-1152.0,129.98846,N97CX,4657.0,Light,RS_1090LSC,4519.301249369652,2.4402274564630955,3-1-2021 through 3-31-2021.csv,75,3595.0,130.1,3561.8
2021-03-16 18:41:51.478,166,2,AD8194,ADSBwICAO,36.23713731765747,-115.23179769515993,3575.0,-40.0,124.0,-1280.0,130.29198,N97CX,4657.0,Light,RS_1090HMC,4457.320099385396,2.4067603128430863,3-1-2021 through 3-31-2021.csv,75,3575.0,130.3,3536.8
2021-03-16 18:41:52.131,166,2,AD8194,ADSBwICAO,36.23703002929688,-115.23128271102904,3550.0,-44.0,123.0,-1472.0,130.63307,N97CX,4657.0,Light,RS_UAT,4414.7796062345,2.3837902841438985,3-1-2021 through 3-31-2021.csv,75,3550.0,130.5,3511.8
2021-03-16 18:41:53.042,166,2,AD8194,ADSBwICAO,36.23681545257568,-115.23059606552124,3525.0,-50.0,121.0,-1600.0,130.92364,N97CX,4657.0,Light,RS_UAT,4352.917256552511,2.350387287555351,3-1-2021 through 3-31-2021.csv,75,3525.0,130.8,3486.8
2021-03-16 18:41:54.202,24,2,AD8194,ADSBwICAO,36.236557960510254,-115.22990942001344,3500.0,-56.0,118.0,-1600.0,130.61393,N97CX,4657.0,Light,RS_UAT,4287.979334208126,2.315323614583221,3-1-2021 through 3-31-2021.csv,75,3495.0,130.9,3461.8
2021-03-16 18:41:55.315,24,2,AD8194,ADSBwICAO,36.23621463775635,-115.22913694381714,3475.0,-60.0,117.0,-1600.0,131.48764,N97CX,4657.0,Light,RS_1090HMC,4211.016451366841,2.273766982379504,3-1-2021 through 3-31-2021.csv,75,3465.0,130.8,3436.8
2021-03-16 18:41:57.129,24,2,AD8194,ADSBwICAO,36.23567819595337,-115.22793531417848,3425.0,-68.0,112.0,-1408.0,131.02671,N97CX,4657.0,Light,RS_UAT,4091.2786513170913,2.2091137426118204,3-1-2021 through 3-31-2021.csv,75,3440.0,130.2,3386.8
2021-03-16 18:41:58.995,24,2,AD8194,ADSBwICAO,36.2350344657898,-115.22666931152344,3400.0,-72.0,108.0,-896.0,129.79985,N97CX,4657.0,Light,RS_UAT,3959.381678848713,2.137895074972307,3-1-2021 through 3-31-2021.csv,75,3420.0,129.5,3361.8
2021-03-16 18:42:00.015,166,2,AD8194,ADSBwICAO,36.23469114303589,-115.2260684967041,3400.0,-73.0,105.0,-512.0,127.88276,N97CX,4657.0,Light,RS_UAT,3893.9603440974815,2.1025703801822258,3-1-2021 through 3-31-2021.csv,75,3400.0,128.3,3361.8
2021-03-16 18:42:01.590,166,2,AD8194,ADSBwICAO,36.23417615890503,-115.22518873214722,3400.0,-75.0,103.0,-448.0,127.41272,N97CX,4657.0,Light,RS_1090HMC,3797.2660689458,2.0503596484588544,3-1-2021 through 3-31-2021.csv,75,3380.0,128.3,3361.8
2021-03-16 18:42:02.572,24,2,AD8194,ADSBwICAO,36.23385429382324,-115.22467374801636,3375.0,-77.0,99.0,-896.0,125.4193,N97CX,4657.0,Light,RS_UAT,3739.1210386466414,2.0189638437616853,3-1-2021 through 3-31-2021.csv,75,3360.0,127.5,3336.8
2021-03-16 18:42:04.176,166,2,AD8194,ADSBwICAO,36.23323202133179,-115.22368669509888,3325.0,-70.0,111.0,-1088.0,131.22881,N97CX,4657.0,Light,RS_1090LSC,3627.29001103788,1.9585799195668896,3-1-2021 through 3-31-2021.csv,75,3335.0,127.1,3286.8
2021-03-16 18:42:05.044,24,2,AD8194,ADSBwICAO,36.23293161392212,-115.22319316864014,3300.0,-77.0,99.0,-1664.0,125.4193,N97CX,4657.0,Light,RS_UAT,3572.2120962199983,1.92884022474082,3-1-2021 through 3-31-2021.csv,75,3305.0,126.6,3261.8
2021-03-16 18:42:06.056,24,2,AD8194,ADSBwICAO,36.232566833496094,-115.22263526916504,3275.0,-79.0,98.0,-1728.0,125.87692,N97CX,4657.0,Light,RS_UAT,3508.0228752549765,1.8941808181722333,3-1-2021 through 3-31-2021.csv,75,3275.0,126.5,3236.8
2021-03-16 18:42:07.044,166,2,AD8194,ADSBwICAO,36.23220205307007,-115.22216320037842,3250.0,-79.0,97.0,-1664.0,125.09996,N97CX,4657.0,Light,RS_1090HMC,3449.388257729741,1.8625206575214583,3-1-2021 through 3-31-2021.csv,75,3250.0,125.1,3211.8
2021-03-16 18:42:08.129,24,2,AD8194,ADSBwICAO,36.23183727264404,-115.22154092788696,3225.0,-80.0,96.0,-1664.0,124.96399,N97CX,4657.0,Light,RS_UAT,3381.053333599184,1.8256227503235336,3-1-2021 through 3-31-2021.csv,75,3225.0,124.7,3186.8
2021-03-16 18:42:09.268,166,2,AD8194,ADSBwICAO,36.23142957687378,-115.22091865539552,3200.0,-80.0,95.0,-1536.0,124.19742,N97CX,4657.0,Light,RS_1090HMC,3309.421151476028,1.7869444662397556,3-1-2021 through 3-31-2021.csv,75,3200.0,124.1,3161.8
2021-03-16 18:42:09.799,24,2,AD8194,ADSBwICAO,36.23117208480835,-115.22055387496948,3175.0,-79.0,95.0,-1536.0,123.55566,N97CX,4657.0,Light,RS_UAT,3266.00179646169,1.7634998900981047,3-1-2021 through 3-31-2021.csv,75,3170.0,123.4,3136.8
2021-03-16 18:42:11.264,24,2,AD8194,ADSBwICAO,36.23067855834961,-115.21986722946168,3150.0,-79.0,94.0,-1472.0,122.78844,N97CX,4657.0,Light,RS_1090LSC,3183.589910302771,1.7190010314809778,3-1-2021 through 3-31-2021.csv,75,3140.0,122.4,3111.8
2021-03-16 18:42:12.654,166,2,AD8194,ADSBwICAO,36.23016357421875,-115.2191162109375,3100.0,-79.0,92.0,-1472.0,121.26417,N97CX,4657.0,Light,RS_1090HMC,3095.384158434185,1.671373735655607,3-1-2021 through 3-31-2021.csv,75,3110.0,121.6,3061.8
2021-03-16 18:42:14.014,166,2,AD8194,ADSBwICAO,36.22962713241577,-115.21836519241332,3075.0,-82.0,88.0,-1536.0,120.283,N97CX,4657.0,Light,RS_UAT,3005.51951686688,1.622850711051231,3-1-2021 through 3-31-2021.csv,75,3080.0,120.8,3036.8
2021-03-16 18:42:14.822,166,2,AD8194,ADSBwICAO,36.229305267333984,-115.21795749664308,3050.0,-83.0,87.0,-1536.0,120.24142,N97CX,4657.0,Light,RS_UAT,2954.3513931494613,1.5952221345299469,3-1-2021 through 3-31-2021.csv,75,3050.0,120.2,3011.8
2021-03-16 18:42:15.734,166,2,AD8194,ADSBwICAO,36.22900485992432,-115.21759271621704,3025.0,-82.0,87.0,-1536.0,119.55334,N97CX,4657.0,Light,RS_1090HMC,2907.602409498465,1.569979702752951,3-1-2021 through 3-31-2021.csv,75,3025.0,119.7,2986.8
2021-03-16 18:42:16.504,24,2,AD8194,ADSBwICAO,36.22870445251465,-115.21718502044678,3000.0,-84.0,85.0,-1600.0,119.50314,N97CX,4657.0,Light,RS_UAT,2858.104388671664,1.5432529096499266,3-1-2021 through 3-31-2021.csv,75,2995.0,119.5,2961.8
2021-03-16 18:42:17.111,24,2,AD8194,ADSBwICAO,36.2284255027771,-115.21688461303712,2975.0,-84.0,84.0,-1664.0,118.79394,N97CX,4657.0,Light,RS_1090LSC,2817.149526774072,1.521139053333732,3-1-2021 through 3-31-2021.csv,75,2960.0,119.4,2936.8
2021-03-16 18:42:18.816,166,2,AD8194,ADSBwICAO,36.22773885726929,-115.21606922149658,2925.0,-82.0,87.0,-1536.0,119.55334,N97CX,4657.0,Light,RS_1090HMC,2711.476740770622,1.4640803135910487,3-1-2021 through 3-31-2021.csv,75,2920.0,119.1,2886.8
2021-03-16 18:42:20.433,166,2,AD8194,ADSBwICAO,36.22713804244995,-115.21533966064452,2875.0,-86.0,83.0,-1728.0,119.51987,N97CX,4657.0,Light,RS_1090HMC,2617.982495817085,1.4135974599444303,3-1-2021 through 3-31-2021.csv,75,2885.0,118.6,2836.8
2021-03-16 18:42:22.303,166,2,AD8194,ADSBwICAO,36.22642993927002,-115.21450281143188,2825.0,-82.0,85.0,-1664.0,118.10588,N97CX,4657.0,Light,RS_1090HMC,2509.273342858108,1.354899213206322,3-1-2021 through 3-31-2021.csv,75,2850.0,118.0,2786.8
2021-03-16 18:42:23.562,24,2,AD8194,ADSBwICAO,36.22597932815552,-115.21381616592409,2825.0,-78.0,87.0,-1344.0,116.84605,N97CX,4657.0,Light,RS_UAT,2430.192413167554,1.3121989271963037,3-1-2021 through 3-31-2021.csv,75,2820.0,117.1,2786.8
2021-03-16 18:42:24.521,24,2,AD8194,ADSBwICAO,36.22561454772949,-115.21332263946532,2800.0,-78.0,86.0,-1216.0,116.1034,N97CX,4657.0,Light,RS_UAT,2370.182246081329,1.2797960292015815,3-1-2021 through 3-31-2021.csv,75,2795.0,115.9,2761.8
2021-03-16 18:42:25.428,24,2,AD8194,ADSBwICAO,36.22524976730347,-115.2128291130066,2775.0,-77.0,85.0,-1088.0,114.69089,N97CX,4657.0,Light,RS_UAT,2310.17359579445,1.2473939502129865,3-1-2021 through 3-31-2021.csv,75,2780.0,114.8,2736.8
2021-03-16 18:42:26.589,24,2,AD8194,ADSBwICAO,36.22488498687744,-115.21235704421996,2750.0,-77.0,84.0,-1024.0,113.95174,N97CX,4657.0,Light,RS_UAT,2251.540134678649,1.2157344139733526,3-1-2021 through 3-31-2021.csv,75,2760.0,113.7,2711.8
2021-03-16 18:42:28.121,166,2,AD8194,ADSBwICAO,36.22432708740234,-115.21158456802368,2750.0,-77.0,82.0,-896.0,112.48555,N97CX,4657.0,Light,RS_UAT,2158.636697256747,1.1655705708729736,3-1-2021 through 3-31-2021.csv,75,2745.0,112.5,2711.8
2021-03-16 18:42:29.472,24,2,AD8194,ADSBwICAO,36.2238335609436,-115.21098375320436,2725.0,-77.0,80.0,-768.0,111.03603,N97CX,4657.0,Light,RS_1090HMC,2081.731049641508,1.1240448432189567,3-1-2021 through 3-31-2021.csv,75,2730.0,111.2,2686.8
2021-03-16 18:42:30.429,24,2,AD8194,ADSBwICAO,36.223511695861816,-115.21057605743408,2725.0,-77.0,79.0,-704.0,110.31772,N97CX,4657.0,Light,RS_1090HMC,2030.561153938271,1.096415309901874,3-1-2021 through 3-31-2021.csv,75,2720.0,109.9,2686.8
2021-03-16 18:42:32.245,24,2,AD8194,ADSBwICAO,36.22284650802612,-115.20976066589355,2700.0,-77.0,76.0,-512.0,108.18965,N97CX,4657.0,Light,RS_1090LSC,1926.5481331987528,1.0402527717055905,3-1-2021 through 3-31-2021.csv,75,2705.0,108.6,2661.8
2021-03-16 18:42:33.326,166,2,AD8194,ADSBwICAO,36.22241735458374,-115.2092671394348,2700.0,-77.0,75.0,-512.0,107.48953,N97CX,4657.0,Light,RS_1090HMC,1861.5271923542948,1.0051442723295327,3-1-2021 through 3-31-2021.csv,75,2695.0,107.6,2661.8
2021-03-16 18:42:34.633,166,2,AD8194,ADSBwICAO,36.2220311164856,-115.2087950706482,2675.0,-77.0,73.0,-768.0,106.10372,N97CX,4657.0,Light,RS_UAT,1801.2229951549866,0.9725826107748308,3-1-2021 through 3-31-2021.csv,75,2680.0,106.6,2636.8
2021-03-16 18:42:35.244,166,2,AD8194,ADSBwICAO,36.221773624420166,-115.2084732055664,2675.0,-77.0,73.0,-768.0,106.10372,N97CX,4657.0,Light,RS_1090HMC,1760.5616809976138,0.9506272575581068,3-1-2021 through 3-31-2021.csv,75,2670.0,106.1,2636.8
2021-03-16 18:42:36.020,24,2,AD8194,ADSBwICAO,36.221537590026855,-115.20819425582886,2650.0,-75.0,74.0,-640.0,105.36128,N97CX,4657.0,Light,RS_UAT,1724.3213916749053,0.9310590667791064,3-1-2021 through 3-31-2021.csv,75,2660.0,105.5,2611.8
2021-03-16 18:42:37.267,166,2,AD8194,ADSBwICAO,36.22108697891235,-115.20765781402588,2650.0,-74.0,75.0,-576.0,105.36128,N97CX,4657.0,Light,RS_1090HMC,1654.8872379362886,0.8935676230757498,3-1-2021 through 3-31-2021.csv,75,2650.0,105.1,2611.8
2021-03-16 18:42:37.920,166,2,AD8194,ADSBwICAO,36.22087240219116,-115.20733594894408,2650.0,-72.0,76.0,-704.0,104.69002,N97CX,4657.0,Light,RS_UAT,1617.558545812051,0.8734117417991637,3-1-2021 through 3-31-2021.csv,75,2635.0,104.7,2611.8
2021-03-16 18:42:39.437,166,2,AD8194,ADSBwICAO,36.22033596038818,-115.20662784576416,2625.0,-70.0,77.0,-832.0,104.06248,N97CX,4657.0,Light,RS_UAT,1530.4390886766178,0.8263709982055172,3-1-2021 through 3-31-2021.csv,75,2615.0,104.8,2586.8
2021-03-16 18:42:40.500,166,2,AD8194,ADSBwICAO,36.2200140953064,-115.20619869232178,2600.0,-69.0,78.0,-1088.0,104.13933,N97CX,4657.0,Light,RS_UAT,1477.8935611675674,0.7979986831358356,3-1-2021 through 3-31-2021.csv,75,2590.0,104.9,2561.8
2021-03-16 18:42:41.965,166,2,AD8194,ADSBwICAO,36.219563484191895,-115.2055549621582,2550.0,-70.0,79.0,-1408.0,105.55094,N97CX,4657.0,Light,RS_UAT,1401.5910924584357,0.7567986460358724,3-1-2021 through 3-31-2021.csv,75,2565.0,105.2,2511.8
2021-03-16 18:42:42.825,166,2,AD8194,ADSBwICAO,36.21924161911011,-115.2051043510437,2525.0,-72.0,78.0,-1536.0,106.15084,N97CX,4657.0,Light,RS_UAT,1347.6851530976317,0.7276917673313346,3-1-2021 through 3-31-2021.csv,75,2540.0,105.9,2486.8
2021-03-16 18:42:43.330,166,2,AD8194,ADSBwICAO,36.21909141540527,-115.20493268966676,2525.0,-72.0,78.0,-1536.0,106.15084,N97CX,4657.0,Light,RS_1090HMC,1324.9900855174003,0.7154374111865013,3-1-2021 through 3-31-2021.csv,75,2515.0,106.7,2486.8
2021-03-16 18:42:44.085,166,2,AD8194,ADSBwICAO,36.21883392333984,-115.20456790924072,2500.0,-74.0,78.0,-1536.0,107.51744,N97CX,4657.0,Light,RS_UAT,1281.595466665739,0.6920061915041787,3-1-2021 through 3-31-2021.csv,75,2490.0,107.2,2461.8
2021-03-16 18:42:45.147,24,2,AD8194,ADSBwICAO,36.21849060058594,-115.20413875579834,2475.0,-75.0,78.0,-1728.0,108.20813,N97CX,4657.0,Light,RS_UAT,1227.3780527343242,0.6627311299861361,3-1-2021 through 3-31-2021.csv,75,2465.0,107.8,2436.8
2021-03-16 18:42:46.314,166,2,AD8194,ADSBwICAO,36.21803998947144,-115.20360231399536,2425.0,-75.0,78.0,-1728.0,108.20813,N97CX,4657.0,Light,RS_1090HMC,1157.9238670476327,0.62522886989613,3-1-2021 through 3-31-2021.csv,75,2435.0,108.1,2386.8
2021-03-16 18:42:47.279,24,2,AD8194,ADSBwICAO,36.21773958206177,-115.20321607589722,2400.0,-76.0,78.0,-1856.0,108.90363,N97CX,4657.0,Light,RS_1090HMC,1109.8005102639872,0.5992443359956735,3-1-2021 through 3-31-2021.csv,75,2405.0,107.7,2361.8
2021-03-16 18:42:48.124,24,2,AD8194,ADSBwICAO,36.2174391746521,-115.20278692245483,2375.0,-74.0,78.0,-1536.0,107.51744,N97CX,4657.0,Light,RS_UAT,1058.9525221257124,0.5717886188583761,3-1-2021 through 3-31-2021.csv,75,2380.0,106.8,2336.8
2021-03-16 18:42:49.953,24,2,AD8194,ADSBwICAO,36.216795444488525,-115.20201444625854,2350.0,-72.0,77.0,-960.0,105.41821,N97CX,4657.0,Light,RS_1090HMC,959.3371723486848,0.5180006330176484,3-1-2021 through 3-31-2021.csv,75,2365.0,105.8,2311.8
2021-03-16 18:42:50.949,24,2,AD8194,ADSBwICAO,36.21649503707886,-115.20156383514404,2350.0,-70.0,77.0,-768.0,104.06248,N97CX,4657.0,Light,RS_UAT,907.1390774717688,0.4898159165614302,3-1-2021 through 3-31-2021.csv,75,2350.0,104.6,2311.8
2021-03-16 18:42:51.775,166,2,AD8194,ADSBwICAO,36.21617317199707,-115.20113468170166,2350.0,-70.0,76.0,-704.0,103.32473,N97CX,4657.0,Light,RS_UAT,854.6192115118386,0.4614574576197832,3-1-2021 through 3-31-2021.csv,75,2340.0,103.6,2311.8
2021-03-16 18:42:52.477,24,2,AD8194,ADSBwICAO,36.21600151062012,-115.2009415626526,2325.0,-70.0,75.0,-704.0,102.59142,N97CX,4657.0,Light,RS_1090HMC,828.8645310348655,0.4475510426754133,3-1-2021 through 3-31-2021.csv,75,2330.0,102.6,2286.8
2021-03-16 18:42:53.486,24,2,AD8194,ADSBwICAO,36.21565818786621,-115.20046949386597,2325.0,-70.0,75.0,-704.0,102.59142,N97CX,4657.0,Light,RS_1090HMC,771.9472365877713,0.4168181623044121,3-1-2021 through 3-31-2021.csv,75,2315.0,101.6,2286.8
2021-03-16 18:42:55.099,24,2,AD8194,ADSBwICAO,36.21512174606323,-115.1998257637024,2300.0,-71.0,71.0,-960.0,100.40916,N97CX,4657.0,Light,RS_1090HMC,688.9240775773897,0.3719892427523702,3-1-2021 through 3-31-2021.csv,75,2295.0,100.6,2261.8
2021-03-16 18:42:56.094,24,2,AD8194,ADSBwICAO,36.214799880981445,-115.19939661026,2275.0,-70.0,70.0,-1088.0,98.99495,N97CX,4657.0,Light,RS_UAT,636.4158715751539,0.3436370796842083,3-1-2021 through 3-31-2021.csv,75,2280.0,99.7,2236.8
2021-03-16 18:42:56.954,24,2,AD8194,ADSBwICAO,36.214542388916016,-115.19907474517822,2250.0,-70.0,69.0,-960.0,98.29039,N97CX,4657.0,Light,RS_UAT,595.7576910432567,0.3216834184898794,3-1-2021 through 3-31-2021.csv,75,2260.0,98.3,2211.8
2021-03-16 18:42:58.585,24,2,AD8194,ADSBwICAO,36.21400594711304,-115.19845247268675,2250.0,-70.0,69.0,-896.0,98.29039,N97CX,4657.0,Light,RS_1090HMC,514.0773212232942,0.2775795470968111,3-1-2021 through 3-31-2021.csv,75,2245.0,97.0,2211.8
2021-03-16 18:42:59.647,24,2,AD8194,ADSBwICAO,36.21368408203125,-115.19802331924438,2225.0,-68.0,67.0,-640.0,95.46203,N97CX,4657.0,Light,RS_1090HMC,461.5751540316542,0.2492306447255152,3-1-2021 through 3-31-2021.csv,75,2230.0,96.3,2186.8
2021-03-16 18:43:00.213,166,2,AD8194,ADSBwICAO,36.213533878326416,-115.19785165786745,2225.0,-67.0,66.0,-640.0,94.04786,N97CX,4657.0,Light,RS_UAT,438.864030519521,0.2369676190710156,3-1-2021 through 3-31-2021.csv,75,2220.0,94.9,2186.8
2021-03-16 18:43:01.563,24,2,AD8194,ADSBwICAO,36.21308326721192,-115.19731521606444,2200.0,-68.0,67.0,-640.0,95.46203,N97CX,4657.0,Light,RS_1090HMC,369.3904991647232,0.199454913155898,3-1-2021 through 3-31-2021.csv,75,2205.0,92.5,2161.8
2021-03-16 18:43:03.549,166,2,AD8194,ADSBwICAO,36.2125039100647,-115.19662857055664,2200.0,-65.0,64.0,-640.0,91.21952,N97CX,4657.0,Light,RS_1090HMC,280.2603896002287,0.1513285041037951,3-1-2021 through 3-31-2021.csv,75,2195.0,90.1,2161.8
2021-03-16 18:43:04.458,166,2,AD8194,ADSBwICAO,36.21224641799927,-115.19626379013062,2175.0,-60.0,62.0,-576.0,86.27862,N97CX,4657.0,Light,RS_1090HMC,236.93029195668885,0.127932123086765,3-1-2021 through 3-31-2021.csv,75,2180.0,87.1,2136.8
2021-03-16 18:43:05.571,166,2,AD8194,ADSBwICAO,36.2119460105896,-115.19587755203248,2175.0,-58.0,60.0,-576.0,83.45058,N97CX,4657.0,Light,RS_1090HMC,188.8556990556758,0.1019739195764988,3-1-2021 through 3-31-2021.csv,75,2170.0,83.6,2136.8
2021-03-16 18:43:07.696,166,2,AD8194,ADSBwICAO,36.2113881111145,-115.19519090652466,2150.0,-55.0,57.0,-384.0,79.20859,N97CX,4657.0,Light,RS_1090HMC,101.51365080002186,0.0548129863931003,3-1-2021 through 3-31-2021.csv,75,2160.0,80.3,2111.8
2021-03-16 18:43:08.807,166,2,AD8194,ADSBwICAO,36.21113061904907,-115.19480466842651,2150.0,-54.0,56.0,-384.0,77.7946,N97CX,4657.0,Light,RS_1090HMC,57.56329066044842,0.0310816904214084,3-1-2021 through 3-31-2021.csv,75,2155.0,77.7,2111.8
2021-03-16 18:43:09.719,166,2,AD8194,ADSBwICAO,36.21089458465576,-115.1945686340332,2150.0,-52.0,54.0,-128.0,74.96666,N97CX,4657.0,Light,RS_1090HMC,24.10141892044852,0.0130137251190326,3-1-2021 through 3-31-2021.csv,75,2155.0,75.0,2111.8
2021-03-16 18:43:10.576,166,2,AD8194,ADSBwICAO,36.21074438095093,-115.19431114196776,2150.0,-50.0,53.0,0.0,72.86288,N97CX,4657.0,Light,RS_UAT,12.7129629069458,0.0068644508136856,3-1-2021 through 3-31-2021.csv,75,2160.0,72.3,2111.8
2021-03-16 18:43:11.861,24,2,AD8194,ADSBwICAO,36.2103796005249,-115.19394636154176,2175.0,-49.0,50.0,0.0,70.00714,N97CX,4657.0,Light,RS_1090HMC,57.26597435981275,0.0309211524621019,3-1-2021 through 3-31-2021.csv,75,2165.0,69.0,2136.8
2021-03-16 18:43:12.548,166,2,AD8194,ADSBwICAO,36.210293769836426,-115.19375324249268,2175.0,-46.0,47.0,192.0,65.76473,N97CX,4657.0,Light,RS_UAT,76.82144836993102,0.0414802636986668,3-1-2021 through 3-31-2021.csv,75,2170.0,65.8,2136.8
2021-03-16 18:43:13.658,166,2,AD8194,ADSBwICAO,36.21005773544312,-115.19343137741087,2175.0,-43.0,44.0,192.0,61.52235,N97CX,4657.0,Light,RS_UAT,115.70408020258172,0.0624752052929706,3-1-2021 through 3-31-2021.csv,75,2175.0,62.4,2136.8
2021-03-16 18:43:14.718,24,2,AD8194,ADSBwICAO,36.20986461639404,-115.19319534301758,2175.0,-41.0,42.0,128.0,58.69412,N97CX,4657.0,Light,RS_UAT,145.68074290992192,0.0786613082666965,3-1-2021 through 3-31-2021.csv,75,2175.0,59.0,2136.8
2021-03-16 18:43:15.695,24,2,AD8194,ADSBwICAO,36.20965003967285,-115.19295930862428,2175.0,-39.0,40.0,0.0,55.86591,N97CX,4657.0,Light,RS_1090HMC,177.2864392053748,0.0957270190093816,3-1-2021 through 3-31-2021.csv,75,2175.0,55.7,2136.8
2021-03-16 18:43:16.846,166,2,AD8194,ADSBwICAO,36.20949983596802,-115.1927661895752,2175.0,-37.0,38.0,-64.0,53.03772,N97CX,4657.0,Light,RS_1090HMC,201.3299981033813,0.1087095022156486,3-1-2021 through 3-31-2021.csv,75,2175.0,52.6,2136.8
2021-03-16 18:43:17.757,166,2,AD8194,ADSBwICAO,36.20932817459106,-115.19257307052612,2175.0,-35.0,35.0,-128.0,49.49747,N97CX,4657.0,Light,RS_1090HMC,226.97832949737065,0.1225584932491202,3-1-2021 through 3-31-2021.csv,75,2170.0,49.9,2136.8
2021-03-16 18:43:18.651,24,2,AD8194,ADSBwICAO,36.20919942855835,-115.19235849380492,2175.0,-33.0,32.0,-128.0,45.96738,N97CX,4657.0,Light,RS_UAT,250.86205370997027,0.1354546726295735,3-1-2021 through 3-31-2021.csv,75,2165.0,47.0,2136.8
2021-03-16 18:43:19.727,166,2,AD8194,ADSBwICAO,36.20907068252564,-115.19222974777222,2150.0,-32.0,32.0,-128.0,45.25483,N97CX,4657.0,Light,RS_1090HMC,269.0311298364813,0.1452651888965881,3-1-2021 through 3-31-2021.csv,75,2160.0,44.6,2111.8
2021-03-16 18:43:20.585,166,2,AD8194,ADSBwICAO,36.2089204788208,-115.19201517105104,2150.0,-28.0,30.0,-64.0,41.03657,N97CX,4657.0,Light,RS_UAT,294.510240665306,0.1590228081346144,3-1-2021 through 3-31-2021.csv,75,2155.0,42.9,2111.8
2021-03-16 18:43:21.241,166,2,AD8194,ADSBwICAO,36.20883464813232,-115.19195079803468,2150.0,-28.0,30.0,-64.0,41.03657,N97CX,4657.0,Light,RS_1090HMC,305.22155749887173,0.1648064565328681,3-1-2021 through 3-31-2021.csv,75,2150.0,40.9,2111.8
2021-03-16 18:43:22.096,166,2,AD8194,ADSBwICAO,36.20874881744385,-115.19182205200195,2150.0,-28.0,30.0,-64.0,41.03657,N97CX,4657.0,Light,RS_1090HMC,320.18125108350034,0.1728840448615012,3-1-2021 through 3-31-2021.csv,75,2150.0,38.8,2111.8
2021-03-16 18:43:23.109,24,2,AD8194,ADSBwICAO,36.20862007141113,-115.191650390625,2150.0,-25.0,26.0,-64.0,36.06938,N97CX,4657.0,Light,RS_1090HMC,341.2085214031131,0.1842378625286787,3-1-2021 through 3-31-2021.csv,75,2150.0,37.1,2111.8
2021-03-16 18:43:24.168,166,2,AD8194,ADSBwICAO,36.20851278305054,-115.1915431022644,2150.0,-25.0,24.0,-64.0,34.65545,N97CX,4657.0,Light,RS_1090HMC,356.38198456896004,0.1924308771970626,3-1-2021 through 3-31-2021.csv,75,2150.0,35.1,2111.8
2021-03-16 18:43:25.025,166,2,AD8194,ADSBwICAO,36.20842695236206,-115.19141435623168,2150.0,-24.0,22.0,0.0,32.55764,N97CX,4657.0,Light,RS_1090HMC,371.3383462641141,0.2005066664493056,3-1-2021 through 3-31-2021.csv,75,2150.0,33.1,2111.8
2021-03-16 18:43:26.037,166,2,AD8194,ADSBwICAO,36.208341121673584,-115.1913070678711,2150.0,-22.0,22.0,-64.0,31.1127,N97CX,4657.0,Light,RS_1090HMC,384.88723157211416,0.2078224792506016,3-1-2021 through 3-31-2021.csv,75,2150.0,32.1,2111.8
2021-03-16 18:43:27.096,166,2,AD8194,ADSBwICAO,36.20819091796875,-115.19113540649414,2150.0,-22.0,22.0,0.0,31.1127,N97CX,4657.0,Light,RS_1090HMC,407.546207138774,0.2200573472671566,3-1-2021 through 3-31-2021.csv,75,2150.0,30.8,2111.8
2021-03-16 18:43:28.158,24,2,AD8194,ADSBwICAO,36.20810508728027,-115.19102811813354,2150.0,-22.0,22.0,0.0,31.1127,N97CX,4657.0,Light,RS_1090HMC,421.0970746389695,0.2273742303666142,3-1-2021 through 3-31-2021.csv,75,2150.0,29.6,2111.8
2021-03-16 18:43:29.220,24,2,AD8194,ADSBwICAO,36.20799779891968,-115.19089937210084,2150.0,-20.0,20.0,-64.0,28.28427,N97CX,4657.0,Light,RS_1090HMC,437.6863060944165,0.2363316987550845,3-1-2021 through 3-31-2021.csv,75,2150.0,28.4,2111.8
2021-03-16 18:43:30.785,24,2,AD8194,ADSBwICAO,36.20786905288696,-115.19070625305176,2150.0,-18.0,19.0,0.0,26.1725,N97CX,4657.0,Light,RS_1090HMC,460.1139254521605,0.2484416444126136,3-1-2021 through 3-31-2021.csv,75,2150.0,26.9,2111.8
2021-03-16 18:43:31.743,24,2,AD8194,ADSBwICAO,36.207783222198486,-115.19062042236328,2150.0,-18.0,18.0,0.0,25.45584,N97CX,4657.0,Light,RS_1090HMC,472.2645808828387,0.2550024734788546,3-1-2021 through 3-31-2021.csv,75,2150.0,25.3,2111.8
2021-03-16 18:43:33.316,166,2,AD8194,ADSBwICAO,36.20763301849365,-115.19044876098631,2150.0,-17.0,16.0,0.0,23.34524,N97CX,4657.0,Light,RS_1090HMC,494.9338725245239,0.2672429117303045,3-1-2021 through 3-31-2021.csv,75,2150.0,23.2,2111.8
2021-03-16 18:43:34.467,24,2,AD8194,ADSBwICAO,36.20759010314941,-115.19036293029784,2150.0,-17.0,16.0,0.0,23.34524,N97CX,4657.0,Light,RS_1090HMC,503.8046071115042,0.2720327252221945,3-1-2021 through 3-31-2021.csv,75,2150.0,21.4,2111.8
2021-03-16 18:43:39.515,24,2,AD8194,ADSBwICAO,36.20722532272339,-115.18993377685548,2150.0,-12.0,13.0,0.0,17.69181,N97CX,4657.0,Light,RS_1090HMC,559.658251250965,0.3021912803730912,3-1-2021 through 3-31-2021.csv,75,2150.0,19.5,2111.8
2021-03-16 18:43:40.374,24,2,AD8194,ADSBwICAO,36.20720386505127,-115.18989086151124,2150.0,-11.0,13.0,0.0,17.02939,N97CX,4657.0,Light,RS_1090HMC,564.0911016474695,0.3045848281033853,3-1-2021 through 3-31-2021.csv,75,2150.0,17.7,2111.8
2021-03-16 18:43:41.913,166,2,AD8194,ADSBwICAO,36.20713949203491,-115.18976211547852,2150.0,-11.0,12.0,0.0,16.27882,N97CX,4657.0,Light,RS_1090HMC,577.3986811373858,0.3117703461864934,3-1-2021 through 3-31-2021.csv,75,2150.0,15.7,2111.8
2021-03-16 18:43:42.948,24,2,AD8194,ADSBwICAO,36.207096576690674,-115.18969774246216,2150.0,-10.0,10.0,0.0,14.14214,N97CX,4657.0,Light,RS_1090HMC,584.874662264387,0.3158070530585243,3-1-2021 through 3-31-2021.csv,75,2150.0,14.9,2111.8
2021-03-16 18:43:43.937,166,2,AD8194,ADSBwICAO,36.20705366134644,-115.18969774246216,2150.0,-10.0,9.0,0.0,13.45362,N97CX,4657.0,Light,RS_1090HMC,588.1568026087634,0.3175792670673669,3-1-2021 through 3-31-2021.csv,75,2150.0,14.3,2111.8
2021-03-16 18:43:44.998,166,2,AD8194,ADSBwICAO,36.2070107460022,-115.18965482711792,2150.0,-10.0,9.0,-64.0,13.45362,N97CX,4657.0,Light,RS_1090HMC,594.2369102462412,0.3208622625519661,3-1-2021 through 3-31-2021.csv,75,2150.0,13.9,2111.8
2021-03-16 18:43:46.112,166,2,AD8194,ADSBwICAO,36.2069034576416,-115.1895260810852,2150.0,-10.0,10.0,0.0,14.14214,N97CX,4657.0,Light,RS_1090HMC,610.8306829245447,0.3298221830046137,3-1-2021 through 3-31-2021.csv,75,2150.0,13.4,2111.8
2021-03-16 18:43:47.121,166,2,AD8194,ADSBwICAO,36.20686054229736,-115.18948316574097,2150.0,-10.0,10.0,64.0,14.14214,N97CX,4657.0,Light,RS_1090HMC,616.9126532017574,0.3331061842342102,3-1-2021 through 3-31-2021.csv,75,2150.0,13.0,2111.8
2021-03-16 18:43:48.843,166,2,AD8194,ADSBwICAO,36.20683908462525,-115.18944025039671,2150.0,-8.0,9.0,0.0,12.04159,N97CX,4657.0,Light,RS_1090HMC,621.3433415731155,0.3354985645643172,3-1-2021 through 3-31-2021.csv,75,2150.0,12.5,2111.8
2021-03-16 18:43:49.908,24,2,AD8194,ADSBwICAO,36.20677471160889,-115.18935441970824,2150.0,-8.0,8.0,0.0,11.31371,N97CX,4657.0,Light,RS_1090HMC,631.8560429559944,0.3411749691987011,3-1-2021 through 3-31-2021.csv,75,2150.0,11.8,2111.8
2021-03-16 18:43:50.963,166,2,AD8194,ADSBwICAO,36.20675325393677,-115.189311504364,2150.0,-7.0,8.0,0.0,10.63015,N97CX,4657.0,Light,RS_1090HMC,636.2883678639807,0.3435682331878946,3-1-2021 through 3-31-2021.csv,75,2150.0,11.0,2111.8
2021-03-16 18:43:52.027,24,2,AD8194,ADSBwICAO,36.20671033859253,-115.18924713134766,2150.0,-7.0,8.0,0.0,10.63015,N97CX,4657.0,Light,RS_1090HMC,643.7615636887689,0.3476034361170458,3-1-2021 through 3-31-2021.csv,75,2150.0,10.8,2111.8
2021-03-16 18:43:54.079,166,2,AD8194,ADSBwICAO,36.20662450790405,-115.1891827583313,2150.0,-7.0,8.0,0.0,10.63015,N97CX,4657.0,Light,RS_1090HMC,654.5324957844173,0.3534192741816508,3-1-2021 through 3-31-2021.csv,75,2150.0,10.6,2111.8