totsec,true_course_deg,hdg_deg_T,pitch_deg,bank_deg
18:45:01.797,300.051583,300.051583,-4.791790,8.006394
18:45:02.195,300.958431,300.958431,-4.769338,7.647399
18:45:03.398,302.221726,302.221726,-4.720897,7.028416
18:45:04.594,303.869288,303.869288,-4.632346,6.273468
18:45:05.594,305.740720,305.740720,-4.484030,5.135382
18:45:06.195,307.559084,307.559084,-4.263130,3.684146
18:45:07.398,309.139264,309.139264,-3.960184,2.432130
18:45:08.195,310.331393,310.331393,-3.582825,1.505452
18:45:09.398,311.291977,311.291977,-3.152625,1.400327
18:45:10.398,312.143338,312.143338,-2.710173,1.443128
18:45:11.797,312.890370,312.890370,-2.311125,0.902225
18:45:12.594,313.500407,313.500407,-2.010213,-0.357828
18:45:13.195,313.818419,313.818419,-1.843816,-2.354755
18:45:14.594,313.828730,313.828730,-1.822521,-3.922092
18:45:15.195,313.564610,313.564610,-1.939626,-4.568864
18:45:16.195,313.188924,313.188924,-2.181965,-4.038406
18:45:17.797,312.889432,312.889432,-2.529302,-2.706736
18:45:18.594,312.742168,312.742168,-2.953389,-1.343465
18:45:19.195,312.809515,312.809515,-3.407985,0.075344
18:45:20.594,312.969744,312.969744,-3.829690,0.978873
18:45:21.797,313.213248,313.213248,-4.150297,1.912008
18:45:22.398,313.478665,313.478665,-4.320022,2.550656
18:45:23.594,313.733917,313.733917,-4.320853,2.900880
18:45:24.398,313.987455,313.987455,-4.178372,3.009408
18:45:25.797,314.261723,314.261723,-3.951088,2.915684
18:45:26.398,314.463327,314.463327,-3.715950,2.272499
18:45:27.594,314.561479,314.561479,-3.539353,1.496928
18:45:28.594,314.439409,314.439409,-3.460726,0.488885
18:45:29.398,314.129296,314.129296,-3.489116,0.029663
18:45:30.594,313.762337,313.762337,-3.606812,0.430573
18:45:31.594,313.541819,313.541819,-3.798868,1.604257
18:45:32.195,313.577908,313.577908,-4.048676,2.774166
18:45:33.195,313.816552,313.816552,-4.337334,3.209795
18:45:34.594,314.132305,314.132305,-4.635321,2.836180
18:45:35.398,314.410082,314.410082,-4.909179,1.992822
18:45:36.398,314.640897,314.640897,-5.114906,1.230624
18:45:37.398,314.854226,314.854226,-5.203924,0.638699
18:45:38.797,314.872526,314.872526,-5.139186,-0.462856
18:45:39.797,314.679577,314.679577,-4.907666,-1.233726
18:45:40.398,314.192010,314.192010,-4.533783,-1.745471
18:45:41.195,313.527812,313.527812,-4.056714,-1.048910
18:45:42.594,312.971299,312.971299,-3.512599,1.193664
18:45:43.797,312.795810,312.795810,-2.933951,4.134616
18:45:44.195,313.118720,313.118720,-2.347746,6.202002
18:45:45.594,313.890278,313.890278,-1.781032,6.521448
18:45:46.398,314.926011,314.926011,-1.253497,5.200288
18:45:47.797,315.954353,315.954353,-0.789080,2.954143
18:45:48.797,316.604330,316.604330,-0.403975,0.432545
18:45:49.195,316.653011,316.653011,-0.113684,-1.539940
18:45:50.195,316.075558,316.075558,0.073042,-2.575748
18:45:51.797,315.265867,315.265867,0.163670,-2.000516
18:45:52.195,314.615115,314.615115,0.176103,-0.727761
18:45:53.594,314.430234,314.430234,0.142527,0.567332
18:45:54.594,314.610451,314.610451,0.093551,0.781696
18:45:55.797,314.991284,314.991284,0.050574,0.044579
18:45:56.594,315.346214,315.346214,0.022362,-1.769789
18:45:57.398,315.634583,315.634583,0.007705,-3.816843
18:45:58.797,315.803849,315.803849,0.001691,-5.507337
18:45:59.195,315.814115,315.814115,-0.002049,-6.155949
18:46:00.797,315.609069,315.609069,-0.008746,-5.682998
18:46:01.797,315.310233,315.310233,-0.024410,-4.194734
18:46:02.797,315.013668,315.013668,-0.054707,-2.526948
18:46:03.398,314.781860,314.781860,-0.100318,-1.171225
18:46:04.594,314.556856,314.556856,-0.152271,-0.414221
18:46:05.797,314.337920,314.337920,-0.187241,-0.000094
18:46:06.594,314.074897,314.074897,-0.171418,-0.000587
18:46:07.797,313.764827,313.764827,-0.068675,-0.234484
18:46:08.195,313.438034,313.438034,0.144718,-0.410672
18:46:09.594,313.143149,313.143149,0.469693,-0.397540
18:46:10.797,312.953785,312.953785,0.879577,-0.097552
18:46:11.594,312.927167,312.927167,1.330974,0.308079
18:46:12.398,313.113520,313.113520,1.778543,0.814374
18:46:13.398,313.564946,313.564946,2.180747,1.529656
18:46:14.594,314.138777,314.138777,2.506890,1.900249
18:46:15.594,314.613490,314.613490,2.731254,1.743078
18:46:16.398,314.874414,314.874414,2.828291,1.432434
18:46:17.594,314.923995,314.923995,2.785839,1.212341
18:46:18.195,314.902278,314.902278,2.612722,1.283324
18:46:19.398,314.824599,314.824599,2.363969,1.033659
18:46:20.195,314.733969,314.733969,2.152123,0.700335
18:46:21.195,314.595753,314.595753,2.134914,0.098505
18:46:22.797,314.572252,314.572252,2.429322,-0.058346
18:46:24.594,314.812500,314.812500,3.049794,-0.031672
18:46:25.398,315.338870,315.338870,3.900426,-0.251635
18:46:26.594,316.019622,316.019622,4.827408,-0.804350
18:46:27.195,316.632776,316.632776,5.694946,-1.487783
18:46:29.398,317.062112,317.062112,6.413261,-1.605686
18:46:30.398,317.299024,317.299024,6.933578,-1.073095
18:46:31.195,317.397009,317.397009,7.242627,-0.104732
18:46:32.594,317.407259,317.407259,7.365973,0.822330
18:46:33.797,317.469747,317.469747,7.347290,1.726644
18:46:34.195,317.701009,317.701009,7.231474,2.117254
18:46:35.398,318.053907,318.053907,7.069101,1.284524
18:46:36.594,318.395020,318.395020,6.914143,-0.605178
18:46:37.195,318.622557,318.622557,6.817890,-2.609132
18:46:38.594,318.690311,318.690311,6.813385,-3.839802
18:46:39.195,318.623750,318.623750,6.894597,-3.872792
18:46:40.398,318.516147,318.516147,7.029359,-2.892873
18:46:41.797,318.482893,318.482893,7.187393,-1.386317
18:46:42.797,318.583941,318.583941,7.337028,-0.051728
18:46:44.195,318.869407,318.869407,7.434026,1.000466
18:46:45.398,319.174940,319.174940,7.438963,0.989785
18:46:46.398,319.486556,319.486556,7.322800,0.645973
18:46:47.398,319.775651,319.775651,7.089067,-0.172305
18:46:48.398,320.088171,320.088171,6.764186,-1.040969
18:46:49.594,320.386227,320.386227,6.402129,-1.924504
18:46:50.195,320.697905,320.697905,6.048872,-2.207270
18:46:51.398,321.211643,321.211643,5.743468,-1.086796
18:46:52.195,322.306438,322.306438,5.499197,1.786015
18:46:53.398,324.391911,324.391911,5.319236,6.265781
18:46:54.398,327.628096,327.628096,5.218304,11.053753
18:46:55.594,331.914707,331.914707,5.224588,15.093942
18:46:56.195,337.064285,337.064285,5.352075,18.140894
18:46:58.594,342.727456,342.727456,5.575692,19.759848
18:46:59.398,348.578955,348.578955,5.828116,20.453297
18:47:00.594,354.318766,354.318766,6.032098,20.474123
18:47:01.797,359.822730,359.822730,6.127262,20.370077
18:47:02.797,5.198800,5.198800,6.095115,20.919777
18:47:03.797,10.721401,10.721401,5.930574,22.207713
18:47:04.398,16.611528,16.611528,5.668320,23.644567
18:47:05.195,22.865258,22.865258,5.336069,24.146436
18:47:07.797,29.216557,29.216557,4.948819,23.286449
18:47:08.594,35.334929,35.334929,4.554113,21.012099
18:47:09.398,40.977402,40.977402,4.124732,17.380681
18:47:10.594,45.945717,45.945717,3.557235,12.815804
18:47:24.797,50.174755,50.174755,2.783541,8.640836
18:47:25.195,53.819908,53.819908,1.920697,6.715424
18:47:26.398,57.297984,57.297984,1.235376,7.950866
18:47:27.797,61.041516,61.041516,0.942019,11.100552
18:47:28.195,65.283854,65.283854,1.063270,14.515062
18:47:29.797,70.026464,70.026464,1.454020,17.041031
18:47:31.594,75.098149,75.098149,1.959862,18.758343
18:47:32.797,80.347635,80.347635,2.461119,20.093289
18:47:33.797,85.600180,85.600180,2.832681,20.758611
18:47:34.398,90.749357,90.749357,3.007673,20.546657
18:47:36.195,95.657401,95.657401,2.913903,19.268405
18:47:37.195,100.214394,100.214394,2.499634,17.545681
18:47:38.398,104.392974,104.392974,1.747243,15.919028
18:47:39.195,108.256245,108.256245,0.705782,14.741627
18:47:40.594,111.871916,111.871916,-0.525465,13.981586
18:47:41.594,115.241666,115.241666,-1.823442,13.218376
18:47:42.594,118.419553,118.419553,-3.063083,12.623056
18:47:43.195,121.429290,121.429290,-4.136239,11.768488
18:47:44.797,124.220342,124.220342,-4.957475,10.519012
18:47:46.000,126.725528,126.725528,-5.479786,8.875642
18:47:47.195,128.838362,128.838362,-5.684826,6.679017
18:47:48.594,130.617073,130.617073,-5.579038,4.655647
18:47:49.195,132.103206,132.103206,-5.182436,2.695180
18:47:50.398,133.432475,133.432475,-4.532961,1.282011
18:47:51.797,134.586510,134.586510,-3.694180,-0.137228
18:47:52.195,135.617288,135.617288,-2.749107,-1.002895
18:47:53.398,136.503048,136.503048,-1.786036,-1.834483
18:47:54.398,137.198496,137.198496,-0.886323,-3.025426
18:47:55.594,137.668117,137.668117,-0.107587,-4.956373
18:47:56.195,137.836415,137.836415,0.512810,-7.535015
18:47:57.797,137.708351,137.708351,0.951591,-9.500120
18:47:58.195,137.417840,137.417840,1.182380,-9.544419
18:47:59.195,137.153774,137.153774,1.202763,-7.644548
18:48:00.195,137.046357,137.046357,1.028435,-5.004651
18:48:01.398,137.106031,137.106031,0.709194,-3.147418
18:48:02.398,137.317792,137.317792,0.299739,-2.712335
18:48:03.195,137.531174,137.531174,-0.150515,-4.014608
18:48:04.797,137.662192,137.662192,-0.607643,-5.643669
18:48:05.195,137.601068,137.601068,-1.034794,-6.900447
18:48:06.594,137.408563,137.408563,-1.396639,-6.661827
18:48:07.797,137.258974,137.258974,-1.659138,-4.987801
18:48:08.195,137.291539,137.291539,-1.795532,-2.837646
18:48:09.594,137.548583,137.548583,-1.793174,-0.978034
18:48:10.594,137.963617,137.963617,-1.660738,0.085687
18:48:12.398,138.412169,138.412169,-1.426693,0.260969
18:48:13.594,138.699057,138.699057,-1.135881,-0.606485
18:48:14.195,138.735591,138.735591,-0.833123,-1.679402
18:48:15.797,138.546702,138.546702,-0.554631,-2.418054
18:48:16.797,138.220136,138.220136,-0.321818,-2.655853
18:48:17.594,137.878991,137.878991,-0.144506,-2.298200
18:48:18.594,137.580200,137.580200,-0.022114,-1.597673
18:48:19.594,137.330108,137.330108,0.049844,-0.726162
18:48:20.195,137.117160,137.117160,0.081593,0.167268
18:48:21.797,136.961899,136.961899,0.089315,0.975650
18:48:22.398,136.875606,136.875606,0.088631,1.467064
18:48:23.195,136.861569,136.861569,0.087383,1.566520
18:48:24.594,136.920315,136.920315,0.080787,1.419468
18:48:25.594,137.044232,137.044232,0.052500,1.139684
18:48:26.398,137.226180,137.226180,-0.015100,0.677378
18:48:27.594,137.461617,137.461617,-0.130789,0.046700
18:48:28.195,137.657432,137.657432,-0.290243,-1.013225
18:48:29.797,137.818836,137.818836,-0.477552,-1.787670
18:48:30.594,137.990540,137.990540,-0.668338,-1.887140
18:48:31.195,138.221140,138.221140,-0.835026,-1.266162
18:48:32.195,138.477346,138.477346,-0.954325,-0.493646
18:48:33.398,138.734506,138.734506,-1.016646,0.172864
18:48:34.594,138.952629,138.952629,-1.026160,0.342487
18:48:36.195,139.132581,139.132581,-0.997130,0.120305
18:48:37.195,139.300339,139.300339,-0.948756,-0.336631
18:48:38.195,139.454862,139.454862,-0.904185,-0.956949
18:48:39.797,139.489372,139.489372,-0.891695,-2.029862
18:48:40.195,139.440849,139.440849,-0.935829,-2.593011
18:48:41.594,139.311572,139.311572,-1.047819,-2.791121
18:48:42.398,139.209087,139.209087,-1.215158,-2.273267
18:48:43.594,139.219153,139.219153,-1.407588,-1.262574
18:48:44.398,139.401284,139.401284,-1.587146,0.060100
18:48:45.195,139.757241,139.757241,-1.725724,1.330521
18:48:46.195,140.278258,140.278258,-1.808118,2.401032
18:48:47.398,140.904768,140.904768,-1.834911,3.008412
18:48:48.398,141.591991,141.591991,-1.819823,3.334811
18:48:49.195,142.269439,142.269439,-1.790739,3.345755
18:48:50.398,142.894779,142.894779,-1.775645,3.171201
18:48:51.398,143.406443,143.406443,-1.791387,2.712432
18:48:52.594,143.861073,143.861073,-1.836518,2.562073
18:48:53.797,144.293750,144.293750,-1.899689,2.656030
18:48:54.398,144.716654,144.716654,-1.971337,2.843924
18:48:55.797,145.141299,145.141299,-2.051804,3.128221
18:48:56.797,145.575606,145.575606,-2.145589,3.531466
18:48:57.797,146.061773,146.061773,-2.257531,3.957823
18:48:58.195,146.632388,146.632388,-2.385369,4.063441
18:48:59.398,147.381253,147.381253,-2.518975,3.938406
18:49:01.195,148.441151,148.441151,-2.661116,3.940948
18:49:02.594,149.963463,149.963463,-2.837370,4.640118
18:49:04.398,152.139950,152.139950,-3.086451,6.615140
18:49:05.195,155.224317,155.224317,-3.440438,10.223047
18:49:06.398,159.457832,159.457832,-3.890504,15.127721
18:49:07.594,164.866287,164.866287,-4.404182,20.490643
18:49:08.797,171.264622,171.264622,-4.940220,24.905374
18:49:09.594,178.380866,178.380866,-5.446900,27.752456
18:49:10.398,185.926078,185.926078,-5.865597,28.975963
18:49:12.797,193.588526,193.588526,-6.121986,29.188158
18:49:13.398,201.035952,201.035952,-6.177363,28.638547
18:49:14.594,208.045871,208.045871,-6.019359,27.780419
18:49:15.398,214.416985,214.416985,-5.669646,26.241733
18:49:16.797,219.974699,219.974699,-5.171291,23.917100
18:49:17.195,224.587759,224.587759,-4.594320,20.905377
18:49:18.797,228.234413,228.234413,-4.048883,17.556821
18:49:19.594,230.984745,230.984745,-3.631067,13.935909
18:49:20.195,232.901686,232.901686,-3.391736,10.400923
18:49:21.195,234.171123,234.171123,-3.323609,7.580350
18:49:22.797,234.991168,234.991168,-3.374544,5.713738
18:49:23.398,235.555963,235.555963,-3.492371,4.527878
18:49:24.195,236.005757,236.005757,-3.621357,3.802080
18:49:25.398,236.417444,236.417444,-3.724314,3.136552
18:49:26.398,236.935361,236.935361,-3.772255,3.089698
18:49:27.594,237.586857,237.586857,-3.749919,3.272174
18:49:28.797,238.472966,238.472966,-3.653579,4.201969
18:49:29.797,239.717262,239.717262,-3.489342,6.043572
18:49:30.594,241.522002,241.522002,-3.273756,9.139374
18:49:31.398,244.098362,244.098362,-3.023452,13.379125
18:49:32.797,247.609367,247.609367,-2.754822,17.916387
18:49:33.398,252.064779,252.064779,-2.497335,21.699807
18:49:34.195,257.223887,257.223887,-2.294164,23.709967
18:49:35.797,262.627567,262.627567,-2.185525,23.622346
18:49:36.398,267.889578,267.889578,-2.183877,22.369032
18:49:37.797,272.748127,272.748127,-2.269791,20.581167
18:49:38.594,277.134040,277.134040,-2.405954,18.847631
18:49:39.398,281.007728,281.007728,-2.550127,16.805269
18:49:40.398,284.508958,284.508958,-2.663530,15.113015
18:49:41.594,287.868540,287.868540,-2.716471,14.205388
18:49:42.594,291.254152,291.254152,-2.698951,13.991028
18:49:43.594,294.645289,294.645289,-2.622014,14.050443
18:49:44.797,297.879352,297.879352,-2.505569,13.642896
18:49:45.594,300.746491,300.746491,-2.362924,12.583222
18:49:46.594,303.106698,303.106698,-2.194935,11.001623
18:49:47.797,304.972390,304.972390,-1.993813,9.488500
18:49:48.195,306.404332,306.404332,-1.757829,8.187501
18:49:49.797,307.493655,307.493655,-1.504071,7.268139
18:49:50.398,308.361324,308.361324,-1.264375,6.802049
18:49:51.594,309.092493,309.092493,-1.069280,6.440788
18:49:52.195,309.792032,309.792032,-0.938422,6.062382
18:49:53.594,310.501813,310.501813,-0.875300,5.377047
18:49:55.195,311.146268,311.146268,-0.880868,4.171146
18:49:56.195,311.562758,311.562758,-0.961221,2.503737
18:49:57.195,311.722206,311.722206,-1.131907,1.008967
18:49:58.195,311.735185,311.735185,-1.406226,0.271267
18:49:59.594,311.735175,311.735175,-1.786508,0.230577
18:50:00.594,311.854458,311.854458,-2.247291,0.829835
18:50:01.797,312.029303,312.029303,-2.742046,1.215331
18:50:02.797,312.258961,312.258961,-3.207210,1.655365
18:50:03.594,312.499178,312.499178,-3.578995,2.152889
18:50:04.594,312.685239,312.685239,-3.813079,2.655464
18:50:05.398,312.775639,312.775639,-3.895876,2.997394
18:50:06.797,312.727206,312.727206,-3.845077,2.796586
18:50:07.594,312.688801,312.688801,-3.707573,2.434234
18:50:08.797,312.759800,312.759800,-3.536108,1.786609
18:50:10.398,313.048624,313.048624,-3.379832,1.301846
18:50:11.797,313.587254,313.587254,-3.256053,1.075729
18:50:12.797,314.252120,314.252120,-3.158542,0.583957
18:50:13.797,314.980025,314.980025,-3.066499,-0.015652
18:50:14.398,315.627146,315.627146,-2.980337,-1.293167
18:50:15.195,316.048271,316.048271,-2.923519,-3.169747
18:50:16.797,316.100920,316.100920,-2.923549,-4.999635
18:50:17.195,315.747417,315.747417,-2.988845,-5.727965
18:50:18.797,315.228514,315.228514,-3.093567,-4.334263
18:50:19.398,314.722851,314.722851,-3.192424,-1.870088
18:50:20.797,314.386383,314.386383,-3.246789,0.581365
18:50:21.594,314.183525,314.183525,-3.233031,1.927136
18:50:22.594,314.004326,314.004326,-3.154757,2.126402
18:50:23.195,313.918686,313.918686,-3.021161,2.138285
18:50:24.398,313.957897,313.957897,-2.839440,1.942250
18:50:25.398,314.159088,314.159088,-2.604311,1.807916
18:50:26.398,314.507027,314.507027,-2.307388,1.708155
18:50:27.398,314.855566,314.855566,-1.950164,1.285634
18:50:28.594,315.100713,315.100713,-1.546925,0.707543
18:50:29.797,315.165018,315.165018,-1.128353,-0.038546
18:50:30.797,315.083827,315.083827,-0.729375,-0.721444
18:50:31.195,314.922078,314.922078,-0.385840,-1.400071
18:50:32.797,314.766013,314.766013,-0.124865,-1.888148
18:50:33.195,314.681440,314.681440,0.043232,-1.875126
18:50:34.594,314.560079,314.560079,0.123817,-1.655898
18:50:35.594,314.383581,314.383581,0.136829,-0.922902
18:50:36.594,314.204651,314.204651,0.109245,0.280803
18:50:37.797,314.095259,314.095259,0.065126,1.604148
18:50:38.398,314.158134,314.158134,0.019170,2.756981
18:50:39.594,314.376403,314.376403,-0.028698,3.242206
18:50:40.398,314.643665,314.643665,-0.081709,2.855774
18:50:41.195,314.891034,314.891034,-0.138663,2.030773
18:50:42.195,315.030201,315.030201,-0.182471,0.932969
18:50:43.398,315.051761,315.051761,-0.184854,-0.085833
18:50:44.594,314.856986,314.856986,-0.112442,-1.273880
18:50:45.195,314.472327,314.472327,0.059493,-2.065604
18:50:46.594,313.856317,313.856317,0.338492,-2.756998
18:50:47.594,313.115668,313.115668,0.718853,-2.872821
18:50:48.797,312.432324,312.432324,1.184447,-2.192666
18:50:49.594,312.039107,312.039107,1.722414,-0.516104
18:50:50.195,312.152456,312.152456,2.314224,1.842347
18:50:51.398,312.847910,312.847910,2.939241,4.289096
18:50:52.398,314.068409,314.068409,3.565207,6.318105
18:50:53.594,315.607319,315.607319,4.156602,7.265158
18:50:54.195,317.109389,317.109389,4.683878,6.523210
18:50:55.594,318.253877,318.253877,5.133650,4.137041
18:50:56.195,318.722663,318.722663,5.500974,0.408632
18:50:57.594,318.569983,318.569983,5.778981,-2.784473
18:50:58.195,318.022697,318.022697,5.953808,-4.571263
18:50:59.398,317.420521,317.420521,6.015932,-4.665015
18:51:00.594,316.971601,316.971601,5.965023,-3.811888
18:51:01.398,316.723365,316.723365,5.822303,-2.830477
18:51:02.594,316.591316,316.591316,5.620031,-2.329346
18:51:03.797,316.480575,316.480575,5.401382,-2.183682
18:51:04.398,316.382638,316.382638,5.202653,-1.931002
18:51:05.594,316.343835,316.343835,5.059310,-1.074783
18:51:06.195,316.482677,316.482677,4.986342,0.744247
18:51:07.797,316.912012,316.912012,4.962978,3.082922
18:51:08.195,317.574403,317.574403,4.934768,4.692634
18:51:23.594,318.364217,318.364217,4.844337,5.086274
18:51:24.594,319.072462,319.072462,4.682381,4.134419
18:51:25.594,319.582545,319.582545,4.493112,2.609251
18:51:26.398,319.871665,319.871665,4.356856,1.064573
18:51:27.594,320.063258,320.063258,4.337156,-0.006933
18:51:28.797,320.252991,320.252991,4.449462,-0.773796
18:51:29.398,320.428714,320.428714,4.669338,-1.323492
18:51:30.797,320.552197,320.552197,4.941388,-1.479885
18:51:31.594,320.537913,320.537913,5.224667,-1.320115
18:51:32.398,320.513266,320.513266,5.496249,-0.166135
18:51:33.594,320.580591,320.580591,5.752019,1.394789
18:51:34.797,320.828281,320.828281,6.001676,2.744442
18:51:35.398,321.305477,321.305477,6.259722,3.436889
18:51:36.195,321.928921,321.928921,6.530652,3.088201
18:51:37.398,322.737870,322.737870,6.798013,3.183180
18:51:38.195,323.890615,323.890615,7.038420,4.709340
18:51:39.594,325.801533,325.801533,7.220956,8.950508
18:51:40.195,328.804361,328.804361,7.326406,14.847432
18:51:41.797,332.904975,332.904975,7.350739,20.412530
18:51:42.195,338.004974,338.004974,7.287038,24.578910
18:51:43.594,343.836506,343.836506,7.126220,26.337316
18:51:44.195,350.190722,350.190722,6.851812,26.458494
18:51:45.797,356.678454,356.678454,6.451110,25.154509
18:51:46.594,2.996339,2.996339,5.912099,23.556618
18:51:47.594,9.024180,9.024180,5.240284,22.462203
18:51:48.797,14.810249,14.810249,4.461310,21.914373
18:51:49.594,20.415863,20.415863,3.633419,21.737736
18:51:50.797,25.788291,25.788291,2.848590,21.024228
18:51:51.594,30.812345,30.812345,2.202095,19.563444
18:51:52.594,35.339808,35.339808,1.777472,17.231127
18:51:54.195,39.170411,39.170411,1.618160,14.295030
18:51:55.797,42.228442,42.228442,1.715669,11.400819
18:51:56.195,44.533093,44.533093,2.014272,8.747689
18:51:57.195,46.224371,46.224371,2.419941,6.564480
18:51:58.797,47.419006,47.419006,2.828322,4.587752
18:52:00.195,48.274866,48.274866,3.145728,3.159312
18:52:01.797,48.902720,48.902720,3.315443,2.173076
18:52:02.797,49.344205,49.344205,3.326588,1.327852
18:52:03.797,49.636155,49.636155,3.202307,0.796720
18:52:04.594,49.837396,49.837396,2.982801,0.769137
18:52:05.195,50.138454,50.138454,2.703006,2.153587
18:52:06.594,50.829848,50.829848,2.390735,5.252714
18:52:07.797,52.169953,52.169953,2.067812,9.671564
18:52:08.195,54.321081,54.321081,1.751713,14.164703
18:52:09.594,57.270087,57.270087,1.454505,17.746831
18:52:10.195,60.886976,60.886976,1.178423,20.048664
18:52:11.797,64.938299,64.938299,0.923072,21.249917
18:52:12.398,69.175668,69.175668,0.688130,21.636460
18:52:13.797,73.451098,73.451098,0.474204,21.508878
18:52:14.195,77.720975,77.720975,0.285174,20.970763
18:52:15.594,82.066787,82.066787,0.127638,20.590291
18:52:16.594,86.563551,86.563551,0.011979,20.394170
18:52:17.594,91.205428,91.205428,-0.056342,20.464185
18:52:18.594,95.833151,95.833151,-0.079326,20.127820
18:52:19.594,100.224331,100.224331,-0.070432,19.444940
18:52:20.797,104.132572,104.132572,-0.046538,18.109269
18:52:21.797,107.477951,107.477951,-0.020877,17.130625
18:52:22.594,110.265245,110.265245,0.002944,16.560870
18:52:23.797,112.684922,112.684922,0.027587,16.853254
18:52:24.195,115.032296,115.032296,0.054972,17.867329
18:52:25.797,117.651325,117.651325,0.079357,19.074330
18:52:26.195,120.666893,120.666893,0.083046,19.291605
18:52:27.195,123.881432,123.881432,0.039348,17.680844
18:52:29.398,126.923780,126.923780,-0.075832,14.562027
18:52:30.398,129.430648,129.430648,-0.272935,10.731688
18:52:31.594,131.276801,131.276801,-0.544021,7.247776
18:52:32.594,132.561301,132.561301,-0.869954,4.751645
18:52:33.398,133.462993,133.462993,-1.228063,3.039780
18:52:34.398,134.208676,134.208676,-1.595856,2.330006
18:52:35.195,134.944272,134.944272,-1.946625,2.428940
18:52:36.398,135.698427,135.698427,-2.248723,2.970168
18:52:37.398,136.446566,136.446566,-2.468925,3.874515
18:52:38.195,137.087921,137.087921,-2.582709,4.506658
18:52:39.594,137.574331,137.574331,-2.576998,4.919213
18:52:40.398,137.928477,137.928477,-2.455194,5.271173
18:52:41.594,138.288188,138.288188,-2.225357,5.988067
18:52:42.195,138.694995,138.694995,-1.900955,6.392867
18:52:43.797,139.126511,139.126511,-1.495616,6.170835
18:52:44.594,139.565145,139.565145,-1.031181,5.497322
18:52:45.797,140.047544,140.047544,-0.537738,4.813910
18:52:46.398,140.586093,140.586093,-0.054887,4.178625
18:52:47.594,141.179274,141.179274,0.373033,3.696843
18:52:48.398,141.686115,141.686115,0.702603,2.833966
18:52:49.195,142.050475,142.050475,0.899495,2.037250
18:52:50.195,142.274213,142.274213,0.943922,1.443081
18:52:51.398,142.400828,142.400828,0.845096,1.096974
18:52:52.398,142.383901,142.383901,0.631766,0.555275
18:52:53.797,142.165147,142.165147,0.350076,-0.134265
18:52:54.594,141.648787,141.648787,0.040484,-1.197525
18:52:55.000,140.772981,140.772981,-0.265853,-2.616847
18:52:56.594,139.534522,139.534522,-0.544255,-4.165373
18:52:57.398,138.031141,138.031141,-0.766295,-5.204862
18:52:58.398,136.464397,136.464397,-0.900527,-5.140496
18:52:59.797,135.104732,135.104732,-0.926754,-3.853506
18:53:00.398,134.090970,134.090970,-0.847015,-2.270632
18:53:01.195,133.424266,133.424266,-0.686821,-1.139815
18:53:02.398,133.050724,133.050724,-0.488767,-0.339516
18:53:03.195,132.901962,132.901962,-0.298018,0.350106
18:53:04.195,132.857201,132.857201,-0.149528,0.789162
18:53:05.797,132.930868,132.930868,-0.049379,1.503344
18:53:07.797,133.067863,133.067863,0.026255,1.977433
18:53:08.398,133.325719,133.325719,0.114706,2.764932
18:53:09.797,133.689407,133.689407,0.242004,3.577706
18:53:10.797,134.147843,134.147843,0.409433,4.360174
18:53:11.398,134.708148,134.708148,0.599959,4.869032
18:53:12.398,135.351336,135.351336,0.790127,4.811839
18:53:13.594,136.079832,136.079832,0.956810,4.573116
18:53:14.797,136.770444,136.770444,1.083863,3.920310
18:53:15.594,137.319298,137.319298,1.160023,3.335318
18:53:16.797,137.611558,137.611558,1.177115,2.745017
18:53:17.594,137.644022,137.644022,1.126586,2.619783
18:53:18.195,137.591510,137.591510,0.996795,3.260076
18:53:19.797,137.527737,137.527737,0.780225,3.473369
18:53:20.398,137.406042,137.406042,0.480692,2.513149
18:53:21.000,137.177916,137.177916,0.120479,0.884594
18:53:22.398,136.879204,136.879204,-0.261186,-0.239574
18:53:23.398,136.637121,136.637121,-0.613175,-0.083135
18:53:24.398,136.472988,136.472988,-0.887561,0.456565
18:53:25.797,136.386441,136.386441,-1.058861,0.871949
18:53:26.594,136.267062,136.267062,-1.126219,0.203114
18:53:27.797,136.034687,136.034687,-1.109918,-1.264576
18:53:28.797,135.618832,135.618832,-1.030424,-2.954520
18:53:29.195,135.181102,135.181102,-0.898421,-3.212050
18:53:30.797,134.912020,134.912020,-0.719915,-2.026486
18:53:31.398,135.052146,135.052146,-0.510193,0.037331
18:53:32.797,135.528403,135.528403,-0.307932,0.859746
18:53:33.797,136.174005,136.174005,-0.166555,0.163616
18:53:35.594,136.825461,136.825461,-0.132882,-1.132078
18:53:36.195,137.419627,137.419627,-0.230481,-1.707282
18:53:37.195,138.038947,138.038947,-0.456448,-0.964725
18:53:38.398,138.750637,138.750637,-0.806384,0.572707
18:53:39.797,139.696436,139.696436,-1.270491,2.502952
18:53:40.797,141.040780,141.040780,-1.842787,4.636463
18:53:41.594,143.000229,143.000229,-2.507695,7.329572
18:53:42.797,145.854803,145.854803,-3.234889,11.055127
18:53:43.398,149.589733,149.589733,-3.976827,14.627701
18:53:44.594,154.068257,154.068257,-4.680944,17.991689
18:53:45.797,159.033894,159.033894,-5.307811,20.669770
18:53:46.594,164.280050,164.280050,-5.843173,22.754033
18:53:47.195,169.776053,169.776053,-6.275955,24.341229
18:53:48.594,175.472806,175.472806,-6.587275,25.012661
18:53:49.195,181.413201,181.413201,-6.765495,25.221869
18:53:50.594,187.570943,187.570943,-6.823946,24.996952
18:53:51.195,193.897185,193.897185,-6.803604,24.759361
18:53:52.594,200.198315,200.198315,-6.753301,24.444520
18:53:53.797,206.187219,206.187219,-6.711202,23.728629
18:53:54.398,211.560506,211.560506,-6.697261,21.990779
18:53:55.398,216.129786,216.129786,-6.704816,19.024162
18:53:56.797,219.806349,219.806349,-6.708240,15.157816
18:53:57.797,222.565350,222.565350,-6.666683,10.776328
18:53:58.594,224.423212,224.423212,-6.549600,6.516152
18:53:59.195,225.613035,225.613035,-6.348553,3.437576
18:54:00.398,226.410656,226.410656,-6.079145,1.857680
18:54:01.398,227.034068,227.034068,-5.780660,1.514526
18:54:02.398,227.582790,227.582790,-5.484206,1.588276
18:54:03.398,228.120729,228.120729,-5.209692,1.710961
18:54:04.195,228.719528,228.719528,-4.963140,1.974660
18:54:05.594,229.398835,229.398835,-4.754492,2.401094
18:54:06.594,230.082103,230.082103,-4.601527,2.760831
18:54:07.398,230.697908,230.697908,-4.525615,3.103172
18:54:08.594,231.250181,231.250181,-4.542338,3.781436
18:54:09.594,231.841368,231.841368,-4.638965,5.058269
18:54:10.797,232.559008,232.559008,-4.772104,6.469943
18:54:11.195,233.550967,233.550967,-4.874200,7.753198
18:54:12.797,234.949842,234.949842,-4.884843,8.446675
18:54:13.594,236.817051,236.817051,-4.761194,8.537994
18:54:14.594,239.255070,239.255070,-4.497236,8.572909
18:54:15.398,242.288775,242.288775,-4.122037,8.535581
18:54:16.594,245.915316,245.915316,-3.687076,8.793601
18:54:17.797,250.019280,250.019280,-3.248824,9.555733
18:54:18.195,254.500800,254.500800,-2.842731,11.339888
18:54:19.195,259.194880,259.194880,-2.486799,13.400610
18:54:20.195,263.959975,263.959975,-2.201319,15.049638
18:54:21.195,268.615185,268.615185,-2.014147,15.512015
18:54:22.195,272.999991,272.999991,-1.963702,14.926874
18:54:23.797,277.150433,277.150433,-2.077190,14.484555
18:54:24.594,281.329585,281.329585,-2.357443,15.050668
18:54:25.195,285.711578,285.711578,-2.776209,16.075841
18:54:26.195,290.160634,290.160634,-3.296427,16.099490
18:54:27.398,294.348287,294.348287,-3.872522,14.509113
18:54:28.195,298.032503,298.032503,-4.453149,11.912582
18:54:29.594,301.181537,301.181537,-4.983826,9.484242
18:54:30.797,303.962569,303.962569,-5.420597,8.151444
18:54:31.398,306.490094,306.490094,-5.735825,7.648187
18:54:32.195,308.839972,308.839972,-5.916919,7.733643
18:54:33.398,311.001289,311.001289,-5.970333,7.870543
18:54:34.797,312.844309,312.844309,-5.901490,7.361574
18:54:35.594,314.269721,314.269721,-5.705813,6.399005
18:54:36.797,315.285451,315.285451,-5.366036,5.338620
18:54:37.797,315.905718,315.905718,-4.877823,4.141735
18:54:38.398,316.098781,316.098781,-4.276051,2.433938
18:54:39.195,315.941692,315.941692,-3.623326,0.696877
18:54:40.398,315.630398,315.630398,-2.995284,-0.448772
18:54:41.594,315.329347,315.329347,-2.466304,-0.826809
18:54:42.398,315.116831,315.116831,-2.093888,-0.636179
18:54:43.195,314.950114,314.950114,-1.903744,-0.491747
18:54:45.195,314.724868,314.724868,-1.872523,-0.768376
18:54:46.594,314.543376,314.543376,-1.953016,-0.658188
18:54:47.398,314.449051,314.449051,-2.091888,-0.415133
18:54:48.000,314.498647,314.498647,-2.243438,0.138999
18:54:49.195,314.670459,314.670459,-2.371811,0.658802
18:54:50.594,314.817507,314.817507,-2.447072,0.629299
18:54:51.594,314.796814,314.796814,-2.452823,0.094759
18:54:52.398,314.626499,314.626499,-2.387861,-0.241568
18:54:53.797,314.435822,314.435822,-2.266169,0.047730
18:54:54.594,314.312761,314.312761,-2.113340,0.745904
18:54:55.398,314.261611,314.261611,-1.953725,1.355784
18:54:56.797,314.287943,314.287943,-1.808875,1.659844
18:54:57.398,314.378587,314.378587,-1.687904,1.321547
18:54:58.195,314.659463,314.659463,-1.591702,0.904145
18:54:59.195,315.117039,315.117039,-1.513029,-0.015904
18:55:00.797,315.526426,315.526426,-1.434836,-1.820907
18:55:01.797,315.659253,315.659253,-1.335997,-3.903135
18:55:02.195,315.444874,315.444874,-1.192865,-5.111658
18:55:03.594,315.051364,315.051364,-0.994924,-4.640246
18:55:04.195,314.674635,314.674635,-0.748100,-2.976582
18:55:05.195,314.465896,314.465896,-0.478392,-0.929953
18:55:06.797,314.260923,314.260923,-0.225146,0.381869
18:55:07.195,313.967022,313.967022,-0.028059,1.609321
18:55:08.594,313.578366,313.578366,0.086977,3.285989
18:55:09.797,313.265544,313.265544,0.123722,5.237756
18:55:10.195,313.192128,313.192128,0.107489,6.637974
18:55:11.594,313.448576,313.448576,0.070786,6.684126
18:55:12.398,313.885569,313.885569,0.037461,5.072094
18:55:13.000,314.254083,314.254083,0.015591,2.666199
18:55:14.594,314.370314,314.370314,0.005045,0.603176
18:55:15.797,314.224839,314.224839,0.001067,-0.553564
18:55:16.195,313.901942,313.901942,0.000191,-0.952951
18:55:17.797,313.660686,313.660686,0.041679,-0.382383
18:55:18.797,313.587755,313.587755,0.169040,0.321061
18:55:19.398,313.749940,313.749940,0.466898,1.030793
18:55:20.195,314.125077,314.125077,1.025732,1.381608
18:55:21.398,314.669904,314.669904,1.839369,1.338811
18:55:22.594,315.312384,315.312384,2.783125,1.313287
18:55:38.797,316.000970,316.000970,3.684117,1.605405
18:55:40.398,316.702157,316.702157,4.449781,2.502262
18:55:41.594,317.380883,317.380883,5.091328,3.843862
18:55:42.797,318.044471,318.044471,5.647945,5.171083
18:55:43.195,318.627353,318.627353,6.118601,5.520208
18:55:44.398,319.010856,319.010856,6.466253,4.456865
18:55:45.195,319.107080,319.107080,6.700415,2.502304
18:55:46.797,318.976203,318.976203,6.823105,0.710404
18:55:47.594,318.719598,318.719598,6.829715,-0.491371
18:55:48.594,318.521614,318.521614,6.713763,-0.860391
18:55:49.594,318.498653,318.498653,6.464614,-0.853897
18:55:50.594,318.699551,318.699551,6.102279,-0.624058
18:55:51.797,319.066940,319.066940,5.675965,-0.432660
18:55:52.195,319.493989,319.493989,5.248509,-0.186172
18:55:53.594,319.880733,319.880733,4.873982,0.220526
18:55:54.398,320.191837,320.191837,4.590678,0.778771
18:55:55.195,320.355842,320.355842,4.423855,1.047700
18:55:56.195,320.299686,320.299686,4.403440,0.928774
18:55:57.195,320.091472,320.091472,4.550663,0.937104
18:55:58.797,319.880563,319.880563,4.869107,1.104296
18:55:59.398,319.796779,319.796779,5.326207,1.061794
18:56:00.797,319.805677,319.805677,5.871087,0.249916
18:56:01.398,319.880911,319.880911,6.455091,-0.887202
18:56:02.594,319.969193,319.969193,7.034480,-1.905265
18:56:03.195,320.233382,320.233382,7.573136,-1.445075
18:56:04.594,320.882723,320.882723,8.032661,0.652447
18:56:05.594,322.137502,322.137502,8.371518,4.385112
18:56:06.594,324.290786,324.290786,8.547268,9.510775
18:56:07.797,327.492026,327.492026,8.526547,14.500473
18:56:08.195,331.749900,331.749900,8.320397,18.138269
18:56:09.797,336.708927,336.708927,7.967028,18.920293
18:56:10.797,341.808491,341.808491,7.517247,16.813797
18:56:11.797,346.567520,346.567520,6.988006,13.342505
18:56:12.195,350.839081,350.839081,6.364399,10.656846
18:56:13.195,354.848452,354.848452,5.632789,10.344952
18:56:14.797,358.802481,358.802481,4.814713,11.648835
18:56:15.594,2.838864,2.838864,3.974279,13.603895
18:56:16.195,6.915088,6.915088,3.193078,14.824318
18:56:17.594,10.990088,10.990088,2.534261,15.634744
18:56:18.797,15.079160,15.079160,2.023970,16.598699
18:56:19.594,19.058435,19.058435,1.648887,17.140115
18:56:20.195,22.887661,22.887661,1.381190,17.229901
18:56:21.594,26.511833,26.511833,1.196160,16.511655
18:56:22.398,29.940595,29.940595,1.082783,15.356345
18:56:23.594,33.076949,33.076949,1.031800,13.722608
18:56:24.195,35.767735,35.767735,1.023029,11.588942
18:56:25.398,37.947350,37.947350,1.030420,9.276804
18:56:26.195,39.675807,39.675807,1.039063,7.213671
18:56:27.594,41.122143,41.122143,1.051908,5.903661
18:56:28.797,42.463185,42.463185,1.085577,5.392111
18:56:29.398,43.788240,43.788240,1.166021,5.325986
18:56:30.398,45.147727,45.147727,1.324824,5.439954
18:56:31.797,46.507505,46.507505,1.593770,5.324416
18:56:32.797,47.797192,47.797192,1.981739,4.753846
18:56:33.797,48.927517,48.927517,2.477080,3.860725
18:56:34.398,49.808061,49.808061,3.039756,2.820557
18:56:35.594,50.487242,50.487242,3.619619,2.388131
18:56:36.797,51.105748,51.105748,4.163190,2.850657
18:56:37.797,51.867812,51.867812,4.623656,4.107597
18:56:38.398,52.888851,52.888851,4.959963,5.371954
18:56:39.195,54.263948,54.263948,5.131325,6.429406
18:56:40.398,56.069419,56.069419,5.106815,7.473451
18:56:42.195,58.376080,58.376080,4.878153,8.919962
18:56:43.398,61.307618,61.307618,4.473260,11.317586
18:56:44.398,64.957210,64.957210,3.952444,14.527487
18:56:45.398,69.305621,69.305621,3.374918,17.949087
18:56:46.594,74.285143,74.285143,2.787463,21.208136
18:56:47.398,79.734057,79.734057,2.206586,23.591678
18:56:48.195,85.527020,85.527020,1.636492,24.949791
18:56:49.398,91.509809,91.509809,1.078107,25.386238
18:56:50.594,97.500376,97.500376,0.540674,25.182201
18:56:51.594,103.283252,103.283252,0.046814,24.333309
18:56:52.195,108.726367,108.726367,-0.375137,22.916648
18:56:53.797,113.820619,113.820619,-0.698927,20.874508
18:56:54.594,118.582427,118.582427,-0.919251,18.013454
18:56:55.594,122.866401,122.866401,-1.053345,13.968618
18:56:57.797,126.490879,126.490879,-1.138556,9.544641
18:56:58.195,129.301970,129.301970,-1.217256,5.728646
18:57:00.594,131.381793,131.381793,-1.316737,3.835739
18:57:01.797,132.925031,132.925031,-1.442672,3.976868
18:57:02.797,134.137915,134.137915,-1.578981,5.088027
18:57:03.398,135.144733,135.144733,-1.710901,6.115880
18:57:04.594,136.066144,136.066144,-1.832571,6.814220
18:57:05.797,136.987202,136.987202,-1.945390,7.077723
18:57:06.398,137.878480,137.878480,-2.041358,6.753171
18:57:07.594,138.670644,138.670644,-2.098615,5.879695
18:57:08.594,139.359511,139.359511,-2.091206,4.867191
18:57:09.195,139.905875,139.905875,-2.004551,3.463721
18:57:10.594,140.368104,140.368104,-1.849973,2.155244
18:57:11.797,140.749640,140.749640,-1.661808,0.758246
18:57:12.398,141.053169,141.053169,-1.481896,-0.453156
18:57:13.594,141.216842,141.216842,-1.345818,-1.570190
18:57:14.398,141.281598,141.281598,-1.267852,-2.223056
18:57:15.398,141.251182,141.251182,-1.242334,-2.926405
18:57:16.398,141.213167,141.213167,-1.250738,-3.408509
18:57:17.797,141.252882,141.252882,-1.274897,-3.479087
18:57:18.398,141.455442,141.455442,-1.303448,-2.656129
18:57:19.398,141.829456,141.829456,-1.335720,-1.156655
18:57:20.594,142.346622,142.346622,-1.376131,0.607569
18:57:21.797,142.877328,142.877328,-1.424713,1.688758
18:57:22.594,143.300227,143.300227,-1.470191,1.855625
18:57:23.398,143.554328,143.554328,-1.491536,1.355424
18:57:24.398,143.670154,143.670154,-1.467045,0.705632
18:57:25.195,143.645223,143.645223,-1.390303,-0.155710
18:57:26.594,143.539910,143.539910,-1.279749,-0.798550
18:57:27.594,143.413132,143.413132,-1.172689,-1.161294
18:57:28.797,143.314395,143.314395,-1.112066,-1.345305
18:57:29.594,143.252157,143.252157,-1.126707,-1.556633
18:57:30.594,143.193800,143.193800,-1.219362,-1.916156
18:57:31.195,143.037433,143.037433,-1.370543,-2.548339
18:57:32.594,142.682772,142.682772,-1.542316,-3.195640
18:57:33.195,142.061620,142.061620,-1.692124,-3.750845
18:57:34.594,141.230868,141.230868,-1.779079,-3.816829
18:57:35.797,140.386283,140.386283,-1.772433,-3.008323
18:57:36.797,139.756178,139.756178,-1.656107,-1.370228
18:57:37.398,139.436403,139.436403,-1.431559,0.389029
18:57:38.797,139.427247,139.427247,-1.114734,1.782900
18:57:39.398,139.639662,139.639662,-0.730616,2.496759
18:57:40.398,139.960128,139.960128,-0.309704,2.693516
18:57:41.594,140.272974,140.272974,0.112368,2.640307
18:57:42.594,140.538891,140.538891,0.496693,2.640928
18:57:43.195,140.774601,140.774601,0.799991,2.649367
18:57:44.195,140.968193,140.968193,0.982983,2.309465
18:57:45.195,141.031170,141.031170,1.015167,1.233881
18:57:46.398,140.955085,140.955085,0.885227,0.008204
18:57:47.195,140.773374,140.773374,0.608696,-0.932753
18:57:48.398,140.601441,140.601441,0.228360,-1.134111
18:57:49.594,140.452001,140.452001,-0.200815,-1.089919
18:57:50.594,140.382483,140.382483,-0.632148,-0.664382
18:57:51.594,140.415720,140.415720,-1.041793,-0.146924
18:57:52.594,140.620569,140.620569,-1.433475,0.638320
18:57:53.797,140.962885,140.962885,-1.816798,1.293789
18:57:54.797,141.375343,141.375343,-2.197864,1.705272
18:57:55.594,141.770859,141.770859,-2.565219,1.705588
18:57:56.797,142.126940,142.126940,-2.898095,1.526794
18:57:57.797,142.469735,142.469735,-3.180341,1.423142
18:57:58.594,143.004484,143.004484,-3.409202,2.187315
18:57:59.195,143.955912,143.955912,-3.596389,3.884700
18:58:00.594,145.544213,145.544213,-3.758505,6.464563
18:58:01.594,147.915257,147.915257,-3.915303,9.511224
18:58:02.594,151.136612,151.136612,-4.085014,12.867317
18:58:03.594,155.167705,155.167705,-4.271374,16.173087
18:58:04.594,159.923504,159.923504,-4.467741,19.167075
18:58:05.195,165.308034,165.308034,-4.659551,21.670325
18:58:06.594,171.284441,171.284441,-4.842514,23.845311
18:58:07.398,177.814387,177.814387,-5.027125,25.501274
18:58:08.195,184.740611,184.740611,-5.220937,26.277601
18:58:09.594,191.882144,191.882144,-5.411455,26.056727
18:58:10.594,199.056968,199.056968,-5.567949,24.950653
18:58:11.398,205.979478,205.979478,-5.650934,22.825614
18:58:12.797,212.168788,212.168788,-5.632707,19.517947
18:58:13.195,217.207134,217.207134,-5.508908,15.549008
18:58:14.797,220.911373,220.911373,-5.299147,11.684176
18:58:15.195,223.521611,223.521611,-5.041606,9.257073
18:58:16.398,225.411659,225.411659,-4.781824,8.339182
18:58:17.594,227.019545,227.019545,-4.566099,8.999678
18:58:18.195,228.679487,228.679487,-4.426951,10.521011
18:58:19.797,230.715055,230.715055,-4.381987,12.296647
18:58:20.398,233.073685,233.073685,-4.424931,12.692011
18:58:21.594,235.541561,235.541561,-4.531243,11.321211
18:58:22.797,237.744196,237.744196,-4.678535,8.322343
18:58:23.398,239.472741,239.472741,-4.859651,4.975316
18:58:24.398,240.698131,240.698131,-5.082399,2.202382
18:58:25.195,241.562283,241.562283,-5.355187,0.634298
18:58:26.594,242.199544,242.199544,-5.672127,-0.043684
18:58:27.398,242.825042,242.825042,-5.994585,0.434965
18:58:28.594,243.624569,243.624569,-6.265098,1.720039
18:58:30.398,244.751692,244.751692,-6.422827,3.589782
18:58:31.195,246.240919,246.240919,-6.444771,5.500254
18:58:32.594,248.106039,248.106039,-6.350941,7.418372
18:58:33.398,250.215971,250.215971,-6.196906,8.830581
18:58:34.594,252.528349,252.528349,-6.044677,10.225916
18:58:35.797,255.028375,255.028375,-5.928740,11.626177
18:58:36.398,257.775395,257.775395,-5.847899,13.121936
18:58:37.195,260.874811,260.874811,-5.779682,14.571154
18:58:38.398,264.495508,264.495508,-5.705694,16.199953
18:58:39.195,268.758375,268.758375,-5.627529,17.902265
18:58:40.195,273.688747,273.688747,-5.551315,19.601185
18:58:41.195,279.132969,279.132969,-5.484835,20.889635
18:58:42.797,284.850383,284.850383,-5.424002,21.568239
18:58:43.594,290.431140,290.431140,-5.358298,20.898439
18:58:44.398,295.451268,295.451268,-5.259147,18.557146
18:58:45.594,299.529290,299.529290,-5.097150,14.512007
18:58:46.398,302.631795,302.631795,-4.865126,10.238941
18:58:47.594,304.921458,304.921458,-4.586748,6.677299
18:58:48.398,306.655020,306.655020,-4.303395,4.336597
18:58:49.797,308.064991,308.064991,-4.044312,3.066457
18:58:50.594,309.279541,309.279541,-3.808963,2.506486
18:58:51.594,310.361618,310.361618,-3.573276,2.581181
18:58:52.195,311.242883,311.242883,-3.314423,2.736437
18:58:53.797,311.876340,311.876340,-3.032086,3.166567
18:58:54.797,312.341526,312.341526,-2.753153,4.248261
18:58:55.797,312.659917,312.659917,-2.515039,5.314232
18:58:56.195,312.863540,312.863540,-2.344814,5.673638
18:58:57.398,312.942953,312.942953,-2.246206,4.769632
18:58:58.195,313.016659,313.016659,-2.198754,3.391856
18:58:59.195,313.157944,313.157944,-2.167061,2.149915
18:59:00.195,313.393570,313.393570,-2.112424,1.509570
18:59:01.398,313.678340,313.678340,-2.010802,1.373811
18:59:02.797,313.884059,313.884059,-1.856656,1.299114
18:59:03.594,314.059962,314.059962,-1.662531,1.836071
18:59:04.797,314.260880,314.260880,-1.446416,2.469915
18:59:05.398,314.462643,314.462643,-1.218770,2.545359
18:59:06.195,314.609997,314.609997,-0.982238,1.747008
18:59:07.000,314.640341,314.640341,-0.734756,0.206374
18:59:08.195,314.585475,314.585475,-0.482883,-1.382923
18:59:09.797,314.642648,314.642648,-0.249429,-2.114412
18:59:10.398,314.823079,314.823079,-0.067225,-2.290599
18:59:11.797,315.070132,315.070132,0.033737,-2.223737
18:59:12.398,315.320899,315.320899,0.047455,-2.180522
18:59:13.195,315.474481,315.474481,-0.006314,-2.410567
18:59:14.398,315.447601,315.447601,-0.084817,-2.670905
18:59:15.195,315.131282,315.131282,-0.133990,-2.791633
18:59:16.195,314.596321,314.596321,-0.105320,-2.193950
18:59:17.594,314.013735,314.013735,0.038091,-0.896050
18:59:18.594,313.630353,313.630353,0.312448,0.911776
18:59:19.195,313.516548,313.516548,0.714977,2.325436
18:59:20.195,313.518822,313.518822,1.222124,2.587081
18:59:21.594,313.663406,313.663406,1.796985,2.483689
18:59:22.594,313.910233,313.910233,2.390620,2.095801
18:59:23.398,314.206876,314.206876,2.957767,1.552379
18:59:24.797,314.413171,314.413171,3.464601,0.680186
18:59:25.594,314.403019,314.403019,3.896447,-0.329367
18:59:26.195,314.297791,314.297791,4.247537,-0.626064
18:59:27.594,314.212908,314.212908,4.513940,-0.430338
18:59:28.594,314.284839,314.284839,4.681485,0.225410
18:59:29.398,314.481598,314.481598,4.749965,0.502749
18:59:30.797,314.842198,314.842198,4.736118,0.694811
18:59:31.797,315.315073,315.315073,4.676127,0.230671
18:59:32.797,315.725015,315.725015,4.609792,-1.348868
18:59:33.797,315.892438,315.892438,4.572446,-3.571277
18:59:34.195,315.741913,315.741913,4.571986,-5.265818
18:59:35.594,315.395033,315.395033,4.605801,-5.316950
18:59:36.797,315.079322,315.079322,4.650451,-3.614155
18:59:37.797,314.939484,314.939484,4.675235,-1.204694
18:59:38.797,315.004691,315.004691,4.645555,0.890917
18:59:39.195,315.162314,315.162314,4.553419,1.987956
18:59:40.398,315.305879,315.305879,4.417948,2.266202
18:59:41.195,315.350694,315.350694,4.291224,2.039471
18:59:42.195,315.324870,315.324870,4.230436,2.131750
18:59:43.594,315.316335,315.316335,4.260165,2.829244
18:59:44.195,315.444419,315.444419,4.372572,4.077193
18:59:45.797,315.739376,315.739376,4.536323,5.132670
18:59:46.594,316.162549,316.162549,4.708031,5.814144
18:59:47.195,316.627679,316.627679,4.870608,6.197734
18:59:48.797,317.036622,317.036622,5.014352,6.316856
18:59:49.195,317.305689,317.305689,5.146819,6.018321
18:59:50.398,317.437076,317.437076,5.272950,5.312840
18:59:51.797,317.533714,317.533714,5.396629,4.549925
18:59:52.195,317.647853,317.647853,5.500307,3.611635
18:59:53.398,317.834692,317.834692,5.561480,2.779650
18:59:54.195,318.035706,318.035706,5.569535,1.748243
18:59:55.797,318.207656,318.207656,5.522298,0.803477
18:59:56.797,318.489209,318.489209,5.440161,0.897122
18:59:57.398,318.965214,318.965214,5.349856,1.677508
18:59:58.195,319.567184,319.567184,5.266735,2.393716
18:59:59.398,320.121796,320.121796,5.200775,2.497870
19:00:00.398,320.527178,320.527178,5.132532,2.124265
19:00:01.195,320.817928,320.817928,5.046867,1.772452
19:00:02.594,321.118232,321.118232,4.938003,1.828077
19:00:03.594,321.483300,321.483300,4.813679,2.094670
19:00:04.594,321.861402,321.861402,4.677080,2.126183
19:00:05.398,322.166598,322.166598,4.532728,1.824472
19:00:06.195,322.335890,322.335890,4.387008,1.207145
19:00:07.195,322.388661,322.388661,4.240016,0.620999
19:00:08.594,322.582352,322.582352,4.085697,0.992161
19:00:09.195,323.189719,323.189719,3.918806,2.433106
19:00:10.398,324.406468,324.406468,3.744417,4.624344
19:00:11.594,326.290354,326.290354,3.586713,7.055196
19:00:12.398,328.781732,328.781732,3.468205,9.310360
19:00:13.797,331.878901,331.878901,3.411767,11.762150
19:00:14.398,335.602168,335.602168,3.437781,14.443116
19:00:15.594,339.911966,339.911966,3.565397,17.389659
19:00:16.797,344.714266,344.714266,3.805460,20.585664
19:00:17.797,349.905096,349.905096,4.153509,23.583122
19:00:18.195,355.427216,355.427216,4.585740,25.767655
19:00:19.195,1.209139,1.209139,5.079355,26.663852
19:00:20.398,7.166344,7.166344,5.596707,26.332722
19:00:21.195,13.169964,13.169964,6.103979,25.418825
19:00:22.398,19.100008,19.100008,6.549232,24.519802
19:00:23.797,24.797642,24.797642,6.876330,23.613958
19:00:24.398,30.012899,30.012899,7.032951,21.969418
19:00:25.594,34.539544,34.539544,6.995370,19.501153
19:00:26.398,38.238357,38.238357,6.762909,16.141937
19:00:27.398,40.988811,40.988811,6.357742,12.036729
19:00:28.195,42.790887,42.790887,5.809817,7.915999
19:00:29.195,43.833129,43.833129,5.158619,4.707605
19:00:30.195,44.432611,44.432611,4.454800,2.946180
19:00:31.195,44.958181,44.958181,3.779667,3.067925
19:00:32.797,45.633571,45.633571,3.206396,4.306651
19:00:33.797,46.544985,46.544985,2.800356,5.934596
19:00:34.398,47.601888,47.601888,2.576384,6.870834
19:00:35.594,48.652405,48.652405,2.521228,6.754211
19:00:36.398,49.483912,49.483912,2.601097,5.527870
19:00:37.195,49.986646,49.986646,2.787771,4.247538
19:00:38.195,50.201696,50.201696,3.049255,3.795283
19:00:39.594,50.331933,50.331933,3.349653,4.766146
19:00:40.195,50.702740,50.702740,3.650976,7.124967
19:00:41.797,51.651669,51.651669,3.925774,10.249220
19:00:42.195,53.465906,53.465906,4.167404,13.309091
19:00:43.195,56.257123,56.257123,4.381801,15.726781
19:00:44.594,60.007905,60.007905,4.564953,17.593871
19:00:45.594,64.615916,64.615916,4.696820,19.190249
19:00:46.594,69.881312,69.881312,4.734135,20.585621
19:00:47.797,75.655347,75.655347,4.638383,21.999968
19:00:48.797,81.748266,81.748266,4.383271,23.101242
19:00:49.594,87.933313,87.933313,3.970839,23.802579
19:00:51.797,93.896424,93.896424,3.426209,23.889472
19:00:52.797,99.358303,99.358303,2.791364,23.472363
19:00:53.594,104.174689,104.174689,2.106186,22.579504
19:00:54.195,108.343995,108.343995,1.396236,21.015930
19:00:55.398,112.068960,112.068960,0.672043,19.287824
19:00:56.195,115.497522,115.497522,-0.060080,17.421592
19:00:57.195,118.766396,118.766396,-0.781882,15.931778
19:00:58.195,121.853962,121.853962,-1.462720,14.295307
19:00:59.398,124.635327,124.635327,-2.080710,12.297841
19:01:00.594,126.991314,126.991314,-2.631262,10.001587
19:01:01.195,128.896122,128.896122,-3.130487,7.856775
19:01:02.195,130.413982,130.413982,-3.577706,6.093516
19:01:03.594,131.649383,131.649383,-3.940118,4.680549
19:01:04.195,132.716298,132.716298,-4.152686,3.596550
19:01:05.797,133.680976,133.680976,-4.158464,2.690937
19:01:08.594,134.471496,134.471496,-3.954074,1.546942
19:01:09.797,135.038005,135.038005,-3.593447,0.566780
19:01:10.195,135.340976,135.340976,-3.163304,-0.089837
19:01:11.797,135.437731,135.437731,-2.738803,-0.153132
19:01:12.594,135.421484,135.421484,-2.368333,0.131580
19:01:13.594,135.378113,135.378113,-2.085952,0.442010
19:01:14.398,135.451562,135.451562,-1.913166,0.936318
19:01:15.195,135.702233,135.702233,-1.857958,1.305665
19:01:16.398,136.150094,136.150094,-1.901857,1.468657
19:01:17.398,136.688204,136.688204,-2.001935,0.662512
19:01:18.797,137.110147,137.110147,-2.112388,-1.317796
19:01:20.797,137.288369,137.288369,-2.187826,-3.641874
19:01:21.398,137.191462,137.191462,-2.197826,-5.311657
19:01:22.797,136.970415,136.970415,-2.125638,-5.277798
19:01:23.195,136.798233,136.798233,-1.974021,-3.663614
19:01:24.797,136.835895,136.835895,-1.761542,-1.110348
19:01:25.797,137.142632,137.142632,-1.507426,1.604420
19:01:26.797,137.621000,137.621000,-1.226775,3.663882
19:01:27.797,138.095538,138.095538,-0.932198,4.558500
19:01:28.195,138.397374,138.397374,-0.639138,4.125857
19:01:29.398,138.499825,138.499825,-0.372593,3.056622
19:01:30.797,138.486701,138.486701,-0.152908,2.051188
19:01:31.594,138.426461,138.426461,0.000643,1.426511
19:01:32.797,138.390845,138.390845,0.079110,1.299691
19:01:33.594,138.404286,138.404286,0.088603,1.327533
19:01:34.398,138.455123,138.455123,0.053996,1.228829
19:01:35.594,138.527010,138.527010,0.013702,1.053118
19:01:36.594,138.715680,138.715680,0.002223,1.276144
19:01:37.398,139.071517,139.071517,0.045954,1.732750
19:01:38.594,139.548502,139.548502,0.160792,1.981720
19:01:39.195,139.932851,139.932851,0.357095,1.288830
19:01:40.195,140.125274,140.125274,0.636063,0.312448
19:01:41.398,140.098603,140.098603,0.977348,-0.623734
19:01:42.398,139.924045,139.924045,1.335580,-0.859125
19:01:44.797,139.731766,139.731766,1.651639,-0.051607
19:01:45.797,139.703444,139.703444,1.874178,1.738955
19:01:46.195,140.011654,140.011654,1.981668,3.858230
19:01:47.398,140.687666,140.687666,1.977634,5.298370
19:01:48.797,141.593273,141.593273,1.879679,5.471366
19:01:49.797,142.467781,142.467781,1.694285,4.436452
19:01:50.398,143.146802,143.146802,1.411282,3.036438
19:01:51.594,143.579142,143.579142,1.014560,1.847634
19:01:52.594,143.834203,143.834203,0.501557,1.406416
19:01:54.398,144.062299,144.062299,-0.021260,2.110451
19:01:55.594,144.343837,144.343837,-0.474171,3.480326
19:01:56.195,144.748895,144.748895,-0.696267,5.016043
19:01:57.398,145.281066,145.281066,-0.585000,6.348939
19:01:58.195,145.872674,145.872674,-0.148673,7.262238
19:01:59.398,146.447860,146.447860,0.514676,7.868347
19:02:00.195,145.440000,143.580000,-13.680901,3.443000
19:02:01.594,147.940000,146.470000,-9.521189,9.030800
19:02:02.398,150.380000,149.140000,-7.678571,12.702000
19:02:03.594,155.350000,154.470000,-6.418499,18.389000
19:02:04.195,158.280000,157.640000,-6.382175,22.027000
19:02:05.594,167.560000,167.540000,-7.403424,27.993000
19:02:06.398,173.150000,173.320000,-7.818693,26.227000
19:02:07.797,181.320000,181.590000,-7.052438,18.795000
19:02:08.594,184.780000,185.070000,-6.099469,15.229000
19:02:09.398,187.720000,188.130000,-4.962180,14.300000
19:02:10.195,190.830000,191.380000,-3.922647,15.024000
19:02:11.398,195.320000,196.000000,-4.084220,15.764000
19:02:12.000,197.460000,198.210000,-4.784878,15.888000
19:02:13.594,203.020000,203.860000,-6.660819,12.450000
19:02:14.398,204.960000,205.760000,-7.213581,8.828500
19:02:15.594,206.740000,207.490000,-6.505052,5.022400
19:02:16.195,207.420000,208.140000,-5.698400,3.720800
19:02:17.797,208.170000,208.810000,-2.441057,1.207300
19:02:18.195,208.280000,208.920000,-1.616169,1.340500
19:02:19.594,209.080000,209.830000,-0.594484,3.591200
19:02:20.195,209.650000,210.420000,-0.467634,3.797500
19:02:21.195,210.340000,211.110000,-1.000545,2.465600
19:02:22.797,210.690000,211.550000,-3.906555,5.478900
19:02:23.797,212.350000,213.450000,-6.112824,10.673000
19:02:24.195,213.310000,214.520000,-6.867716,12.327000
19:02:25.195,216.360000,217.880000,-8.425158,16.533000
19:02:26.797,223.500000,225.500000,-10.636499,21.835000
19:02:27.195,225.560000,227.700000,-10.941277,22.564000
19:02:28.797,235.130000,237.660000,-10.616405,21.396000
19:02:29.594,239.440000,242.000000,-9.628439,18.968000
19:02:30.594,244.160000,246.710000,-7.805912,16.613000
19:02:31.594,248.420000,251.020000,-5.975923,16.722000
19:02:32.398,252.020000,254.720000,-5.001956,17.717000
19:02:33.398,256.530000,259.250000,-4.252593,15.482000
19:02:34.195,259.120000,261.730000,-3.818627,11.482000
19:02:35.797,261.910000,264.410000,-4.020204,7.277700
19:02:36.594,263.230000,265.790000,-4.139461,8.042000
19:02:37.797,265.890000,268.530000,-4.147803,9.480500
19:02:38.398,267.200000,269.850000,-4.435658,9.580500
19:02:39.195,268.920000,271.590000,-5.034860,9.758300
19:02:40.398,271.600000,274.340000,-6.005933,11.069000
19:02:41.797,275.660000,278.610000,-6.324197,14.656000
19:02:42.594,278.860000,281.910000,-5.924615,15.782000
19:02:43.797,283.690000,286.650000,-5.121319,12.880000
19:02:44.594,285.940000,288.850000,-4.527836,10.957000
19:02:45.797,289.170000,292.140000,-4.309452,12.685000
19:02:46.594,291.860000,294.890000,-4.824020,14.473000
19:02:47.195,294.010000,297.050000,-5.308419,14.898000
19:02:48.398,298.410000,301.330000,-6.213482,14.394000
19:02:49.398,301.830000,304.600000,-6.806216,13.710000
19:02:50.594,305.940000,308.480000,-6.461412,13.296000
19:02:51.398,308.710000,311.050000,-5.675854,12.991000
