totsec,true_course_deg,hdg_deg_T,pitch_deg,bank_deg
19:01:00.402,190.121212528573,190.121212528573,-12.250358,13.791497
19:01:00.502,190.58092061989,190.58092061989,-12.280662,14.254050
19:01:00.602,190.984090251962,190.984090251962,-12.310966,14.604414
19:01:00.702,191.325505111067,191.325505111067,-12.341271,14.603862
19:01:00.802,191.608062602245,191.608062602245,-12.371575,14.603309
19:01:00.902,191.839132817128,191.839132817128,-12.401879,14.602757
19:01:01.002,192.026132584914,192.026132584914,-12.432184,14.602205
19:01:01.102,192.176478734923,192.176478734923,-12.462488,14.601653
19:01:01.202,192.297588096391,192.297588096391,-12.492792,14.601100
19:01:01.302,192.396877498571,192.396877498571,-12.523097,14.600548
19:01:01.402,192.481763770759,192.481763770759,-12.553401,14.599996
19:01:01.502,192.559663742192,192.559663742192,-12.584324,14.599444
19:01:01.602,192.63799424216,192.63799424216,-12.624036,14.551191
19:01:01.702,192.724167793638,192.724167793638,-12.663748,14.353999
19:01:01.802,192.823317911468,192.823317911468,-12.703460,14.156808
19:01:01.902,192.934560146934,192.934560146934,-12.743172,13.959616
19:01:02.002,193.056028239188,193.056028239188,-12.782884,13.762425
19:01:02.102,193.185855927451,193.185855927451,-12.822597,13.565233
19:01:02.202,193.322176950891,193.322176950891,-12.862309,13.368041
19:01:02.302,193.46312504867,193.46312504867,-12.902021,13.161962
19:01:02.402,193.606833960016,193.606833960016,-12.941733,12.680607
19:01:02.502,193.751437424072,193.751437424072,-12.981445,12.199252
19:01:02.602,193.895069180064,193.895069180064,-12.992291,11.717897
19:01:02.702,194.035862967157,194.035862967157,-12.972035,11.204733
19:01:02.802,194.171992431759,194.171992431759,-12.951778,10.675619
19:01:02.902,194.302345407582,194.302345407582,-12.931522,10.146504
19:01:03.002,194.426426296054,194.426426296054,-12.911265,9.621796
19:01:03.102,194.543759749725,194.543759749725,-12.891009,9.102242
19:01:03.202,194.653870421092,194.653870421092,-12.870752,8.582687
19:01:03.302,194.756282962655,194.756282962655,-12.850495,7.885386
19:01:03.402,194.850522026959,194.850522026959,-12.830239,6.938771
19:01:03.502,194.936112266491,194.936112266491,-12.809982,5.998919
19:01:03.602,195.012578333792,195.012578333792,-12.789726,5.595905
19:01:03.702,195.079444881362,195.079444881362,-12.740536,5.192892
19:01:03.802,195.136236561709,195.136236561709,-12.688024,4.789878
19:01:03.902,195.182700000792,195.182700000792,-12.635511,4.386864
19:01:04.002,195.219547809849,195.219547809849,-12.582999,3.987479
19:01:04.102,195.247755306399,195.247755306399,-12.530487,3.665723
19:01:04.202,195.268297813297,195.268297813297,-12.477974,3.343967
19:01:04.302,195.282150653405,195.282150653405,-12.425462,3.022212
19:01:04.402,195.290289149589,195.290289149589,-12.372949,2.700456
19:01:04.502,195.29368862471,195.29368862471,-12.320437,2.378700
19:01:04.602,195.293324401631,195.293324401631,-12.267924,2.038222
19:01:04.702,195.290171803215,195.290171803215,-12.229400,1.673514
19:01:04.802,195.285206152324,195.285206152324,-12.221637,1.308805
19:01:04.902,195.279390550218,195.279390550218,-12.213874,0.944097
19:01:05.002,195.2731760411,195.2731760411,-12.206111,0.579388
19:01:05.102,195.266326291387,195.266326291387,-12.198348,0.226416
19:01:05.202,195.258556725994,195.258556725994,-12.190585,-0.058762
19:01:05.302,195.249582769836,195.249582769836,-12.182822,-0.343939
19:01:05.402,195.239119847826,195.239119847826,-12.175059,-0.629117
19:01:05.502,195.226883384881,195.226883384881,-12.167296,-0.914295
19:01:05.602,195.212588805912,195.212588805912,-12.159533,-1.199473
19:01:05.702,195.195951535836,195.195951535836,-12.151770,-1.488803
19:01:05.802,195.176686999569,195.176686999569,-12.178910,-1.784949
19:01:05.902,195.15451062202,195.15451062202,-12.219077,-2.081095
19:01:06.002,195.129181497253,195.129181497253,-12.259243,-2.377241
19:01:06.102,195.100778204152,195.100778204152,-12.299410,-2.673388
19:01:06.202,195.069521250882,195.069521250882,-12.339576,-2.969534
19:01:06.302,195.035631788425,195.035631788425,-12.379742,-3.269691
19:01:06.402,194.999330967749,194.999330967749,-12.419909,-3.572419
19:01:06.502,194.960839939842,194.960839939842,-12.460075,-3.875146
19:01:06.602,194.920379855669,194.920379855669,-12.500242,-4.177873
19:01:06.702,194.878171866214,194.878171866214,-12.540408,-4.480600
19:01:06.802,194.834437122459,194.834437122459,-12.582045,-4.783328
19:01:06.902,194.789396775371,194.789396775371,-12.632434,-5.018945
19:01:07.002,194.743271151831,194.743271151831,-12.682822,-5.241823
19:01:07.102,194.696141412175,194.696141412175,-12.733210,-5.464700
19:01:07.202,194.647794085456,194.647794085456,-12.783599,-5.687578
19:01:07.302,194.597978183846,194.597978183846,-12.833987,-5.910455
19:01:07.402,194.546442719494,194.546442719494,-12.884376,-6.133333
19:01:07.502,194.492936704577,194.492936704577,-12.934764,-6.356210
19:01:07.602,194.437209151245,194.437209151245,-12.985152,-6.490055
19:01:07.702,194.379009071667,194.379009071667,-13.035541,-6.571421
19:01:07.802,194.318085478016,194.318085478016,-13.085929,-6.652786
19:01:07.902,194.254187382437,194.254187382437,-13.129201,-6.734152
19:01:08.002,194.187063797114,194.187063797114,-13.166868,-6.815517
19:01:08.102,194.116492874348,194.116492874348,-13.204536,-6.896883
19:01:08.202,194.042634474024,194.042634474024,-13.242204,-6.978248
19:01:08.302,193.965916779096,193.965916779096,-13.279872,-7.059613
19:01:08.402,193.886773548925,193.886773548925,-13.317540,-7.140979
19:01:08.502,193.805638542916,193.805638542916,-13.355207,-7.219821
19:01:08.602,193.722945520428,193.722945520428,-13.392875,-7.121921
19:01:08.702,193.639128240856,193.639128240856,-13.430543,-7.024021
19:01:08.802,193.554620463594,193.554620463594,-13.468211,-6.926122
19:01:08.902,193.469855948002,193.469855948002,-13.505878,-6.828222
19:01:09.002,193.385268453486,193.385268453486,-13.552185,-6.730323
19:01:09.102,193.30129173823,193.30129173823,-13.598711,-6.632423
19:01:09.202,193.218348709931,193.218348709931,-13.645238,-6.534523
19:01:09.302,193.13682490884,193.13682490884,-13.691765,-6.436624
19:01:09.402,193.057097837169,193.057097837169,-13.738292,-6.338724
19:01:09.502,192.979544997175,192.979544997175,-13.784818,-6.240825
19:01:09.602,192.904543891071,192.904543891071,-13.831345,-6.082969
19:01:09.702,192.832472021103,192.832472021103,-13.877872,-5.848026
19:01:09.802,192.763706889514,192.763706889514,-13.924399,-5.613083
19:01:09.902,192.698625998521,192.698625998521,-13.970926,-5.378140
19:01:10.002,192.637606850376,192.637606850376,-14.018429,-5.143198
19:01:10.102,192.581026947297,192.581026947297,-14.067454,-4.908255
19:01:10.202,192.52926290794,192.52926290794,-14.116480,-4.673312
19:01:10.302,192.482667334007,192.482667334007,-14.165505,-4.438370
19:01:10.402,192.441566558619,192.441566558619,-14.214531,-4.093635
19:01:10.502,192.406285579881,192.406285579881,-14.263556,-3.711409
19:01:10.602,192.377149395872,192.377149395872,-14.312581,-3.329183
19:01:10.702,192.35448300469,192.35448300469,-14.361607,-2.946957
19:01:10.802,192.33861140443,192.33861140443,-14.410632,-2.564731
19:01:10.902,192.329859593177,192.329859593177,-14.459658,-2.125389
19:01:11.002,192.328552569026,192.328552569026,-14.508683,-1.682267
19:01:11.102,192.335015330068,192.335015330068,-14.504957,-1.239144
19:01:11.202,192.349572874395,192.349572874395,-14.488562,-0.796022
19:01:11.302,192.372421305922,192.372421305922,-14.472167,-0.323789
19:01:11.402,192.403018447189,192.403018447189,-14.455772,0.166968
19:01:11.502,192.440559721123,192.440559721123,-14.439378,0.657725
19:01:11.602,192.484240235602,192.484240235602,-14.422983,1.148481
19:01:11.702,192.533255098486,192.533255098486,-14.406588,1.639238
19:01:11.802,192.586799417631,192.586799417631,-14.390193,2.129995
19:01:11.902,192.64406830092,192.64406830092,-14.373798,2.620751
19:01:12.002,192.7042568562,192.7042568562,-14.357403,3.041746
19:01:12.102,192.766560191355,192.766560191355,-14.328067,3.453279
19:01:12.202,192.830173414242,192.830173414242,-14.253372,3.864813
19:01:12.302,192.894297873876,192.894297873876,-14.178676,4.276346
19:01:12.402,192.958630099689,192.958630099689,-14.103981,4.655905
19:01:12.502,193.023713019234,193.023713019234,-14.029286,5.009701
19:01:12.602,193.090172436564,193.090172436564,-13.954590,5.363497
19:01:12.702,193.158634155702,193.158634155702,-13.879895,5.717293
19:01:12.802,193.229723980672,193.229723980672,-13.805200,6.071089
19:01:12.902,193.304067715527,193.304067715527,-13.730504,6.397311
19:01:13.002,193.382291164279,193.382291164279,-13.655809,6.714158
19:01:13.102,193.465020130983,193.465020130983,-13.594985,7.031004
19:01:13.202,193.552880419663,193.552880419663,-13.543417,7.347851
19:01:13.302,193.646497834337,193.646497834337,-13.491848,7.664697
19:01:13.402,193.746442229711,193.746442229711,-13.440280,7.962293
19:01:13.502,193.85273047996,193.85273047996,-13.388711,8.237105
19:01:13.602,193.9650640991,193.9650640991,-13.337143,8.511917
19:01:13.702,194.083140927064,194.083140927064,-13.285574,8.786730
19:01:13.802,194.206658803782,194.206658803782,-13.234006,9.061542
19:01:13.902,194.335315569236,194.335315569236,-13.182437,9.336354
19:01:14.002,194.468809063339,194.468809063339,-13.130869,9.605626
19:01:14.102,194.606837126076,194.606837126076,-13.123681,9.853824
19:01:14.202,194.749097597377,194.749097597377,-13.117508,10.102023
19:01:14.302,194.895288317168,194.895288317168,-13.111335,10.350222
19:01:14.402,195.045106970603,195.045106970603,-13.105162,10.598421
19:01:14.502,195.19814624106,195.19814624106,-13.098989,10.846619
19:01:14.602,195.353711356853,195.353711356853,-13.092816,11.094818
19:01:14.702,195.511058798384,195.511058798384,-13.086643,11.320385
19:01:14.802,195.669445046057,195.669445046057,-13.080470,11.521200
19:01:14.902,195.828126580342,195.828126580342,-13.074297,11.722016
19:01:15.002,195.98635988162,195.98635988162,-13.068124,11.922831
19:01:15.102,196.143401430362,196.143401430362,-13.069545,12.123646
19:01:15.202,196.29850770697,196.29850770697,-13.082680,12.324462
19:01:15.302,196.450935191848,196.450935191848,-13.095815,12.525277
19:01:15.402,196.599940365466,196.599940365466,-13.108950,12.726092
19:01:15.502,196.744825698078,196.744825698078,-13.122085,12.905315
19:01:15.602,196.885762015922,196.885762015922,-13.135220,13.035295
19:01:15.702,197.023694728306,197.023694728306,-13.148355,13.165275
19:01:15.802,197.159596403046,197.159596403046,-13.161491,13.295254
19:01:15.902,197.29443960802,197.29443960802,-13.174626,13.425234
19:01:16.002,197.429196911027,197.429196911027,-13.187761,13.555213
19:01:16.102,197.564840879943,197.564840879943,-13.200896,13.685193
19:01:16.202,197.702344082585,197.702344082585,-13.218441,13.815172
19:01:16.302,197.842679086772,197.842679086772,-13.237028,13.945152
19:01:16.402,197.98681846038,197.98681846038,-13.255614,14.075132
19:01:16.502,198.135734771206,198.135734771206,-13.274201,14.176718
19:01:16.602,198.290081982566,198.290081982566,-13.292788,14.170844
19:01:16.702,198.449074425689,198.449074425689,-13.311375,14.164970
19:01:16.802,198.611520002436,198.611520002436,-13.329962,14.159096
19:01:16.902,198.776226590603,198.776226590603,-13.348549,14.153222
19:01:17.002,198.942002067892,198.942002067892,-13.367135,14.147348
19:01:17.102,199.107654312102,199.107654312102,-13.385722,14.141474
19:01:17.202,199.271991200959,199.271991200959,-13.405014,14.135600
19:01:17.302,199.433820612189,199.433820612189,-13.426741,14.129726
19:01:17.402,199.591950423588,199.591950423588,-13.448467,14.123852
19:01:17.502,199.745188512862,199.745188512862,-13.470194,14.117978
19:01:17.602,199.892359912852,199.892359912852,-13.491920,13.983694
19:01:17.702,200.033066566347,200.033066566347,-13.513647,13.774776
19:01:17.802,200.167988347402,200.167988347402,-13.535373,13.565859
19:01:17.902,200.297884520635,200.297884520635,-13.557100,13.356941
19:01:18.002,200.423514350588,200.423514350588,-13.578827,13.148023
19:01:18.102,200.545637101875,200.545637101875,-13.600553,12.939106
19:01:18.202,200.665012039056,200.665012039056,-13.596255,12.730188
19:01:18.302,200.782398426694,200.782398426694,-13.574778,12.521270
19:01:18.402,200.898555529401,200.898555529401,-13.553301,12.143438
19:01:18.502,201.014242611722,201.014242611722,-13.531824,11.754894
19:01:18.602,201.130218938269,201.130218938269,-13.510347,11.366350
19:01:18.702,201.247144258338,201.247144258338,-13.488870,10.977806
19:01:18.802,201.364920364453,201.364920364453,-13.467393,10.590941
19:01:18.902,201.483100331747,201.483100331747,-13.445916,10.215032
19:01:19.002,201.601235388067,201.601235388067,-13.424439,9.839124
19:01:19.102,201.718876761329,201.718876761329,-13.402962,9.463216
19:01:19.202,201.835575679397,201.835575679397,-13.381485,9.087307
19:01:19.302,201.950883370138,201.950883370138,-13.360008,8.715509
19:01:19.402,202.064351061466,202.064351061466,-13.338531,8.352237
19:01:19.502,202.175529981231,202.175529981231,-13.315066,7.988964
19:01:19.602,202.283971357346,202.283971357346,-13.278454,7.625691
19:01:19.702,202.389227312963,202.389227312963,-13.241842,7.262419
19:01:19.802,202.491025425577,202.491025425577,-13.205231,6.970702
19:01:19.902,202.589477913276,202.589477913276,-13.168619,6.745630
19:01:20.002,202.684747997458,202.684747997458,-13.132007,6.520559
19:01:20.102,202.77699889958,202.77699889958,-13.095396,6.295488
19:01:20.202,202.866393841054,202.866393841054,-13.058784,6.070417
19:01:20.302,202.953096043294,202.953096043294,-13.022173,5.845346
19:01:20.402,203.037268727755,203.037268727755,-12.985561,5.620275
19:01:20.502,203.119075115839,203.119075115839,-12.948949,5.395204
19:01:20.602,203.198678428996,203.198678428996,-12.932341,5.339808
19:01:20.702,203.276241888643,203.276241888643,-12.932301,5.320228
19:01:20.802,203.351927982818,203.351927982818,-12.932261,5.300648
19:01:20.902,203.425889124422,203.425889124422,-12.932222,5.281069
19:01:21.002,203.49827040563,203.49827040563,-12.932182,5.261489
19:01:21.102,203.56921675386,203.56921675386,-12.932142,5.241909
19:01:21.202,203.638873096495,203.638873096495,-12.932102,5.222329
19:01:21.302,203.707384360921,203.707384360921,-12.932062,5.202749
19:01:21.402,203.774895474553,203.774895474553,-12.932022,5.183169
19:01:21.502,203.841551364766,203.841551364766,-12.931983,5.163589
19:01:21.602,203.907496958974,203.907496958974,-12.931943,5.201878
19:01:21.702,203.972877184564,203.972877184564,-12.948083,5.414583
19:01:21.802,204.03783697186,204.03783697186,-12.964853,5.627287
19:01:21.902,204.102583371407,204.102583371407,-12.981623,5.839992
19:01:22.002,204.167545495815,204.167545495815,-12.998392,6.052696
19:01:22.102,204.233202057549,204.233202057549,-13.015162,6.265401
19:01:22.202,204.300031769045,204.300031769045,-13.031931,6.478105
19:01:22.302,204.368513342739,204.368513342739,-13.048701,6.690810
19:01:22.402,204.439125491097,204.439125491097,-13.065471,6.910887
19:01:22.502,204.512346926543,204.512346926543,-13.082240,7.220195
19:01:22.602,204.588656361545,204.588656361545,-13.099010,7.529504
19:01:22.702,204.668532508539,204.668532508539,-13.118872,7.838812
19:01:22.802,204.752454079957,204.752454079957,-13.143819,8.148120
19:01:22.902,204.840887485291,204.840887485291,-13.168766,8.457429
19:01:23.002,204.933942640129,204.933942640129,-13.193713,8.759996
19:01:23.102,205.031326593319,205.031326593319,-13.218661,9.047368
19:01:23.202,205.132724772602,205.132724772602,-13.243608,9.334739
19:01:23.302,205.237822605719,205.237822605719,-13.268555,9.622111
19:01:23.402,205.346305520455,205.346305520455,-13.293502,9.909482
19:01:23.502,205.457858944533,205.457858944533,-13.318449,10.196854
19:01:23.602,205.572168305741,205.572168305741,-13.343396,10.410244
19:01:23.702,205.688919031819,205.688919031819,-13.368343,10.560165
19:01:23.802,205.807796550503,205.807796550503,-13.398340,10.710085
19:01:23.902,205.928486289583,205.928486289583,-13.429647,10.860006
19:01:24.002,206.050697889167,206.050697889167,-13.460954,11.009927
19:01:24.102,206.174285122345,206.174285122345,-13.492262,11.159848
19:01:24.202,206.299154879732,206.299154879732,-13.523569,11.309768
19:01:24.302,206.425214135377,206.425214135377,-13.554877,11.459689
19:01:24.402,206.552369863384,206.552369863384,-13.586184,11.519278
19:01:24.502,206.680529037784,206.680529037784,-13.617492,11.422006
19:01:24.602,206.80959863268,206.80959863268,-13.648799,11.324733
19:01:24.702,206.939485622123,206.939485622123,-13.680107,11.227461
19:01:24.802,207.07009698016,207.07009698016,-13.705514,11.130188
19:01:24.902,207.201339680898,207.201339680898,-13.708654,11.032916
19:01:25.002,207.333117665809,207.333117665809,-13.711795,10.935643
19:01:25.102,207.465067676721,207.465067676721,-13.714935,10.838371
19:01:25.202,207.596354013802,207.596354013802,-13.718075,10.694102
19:01:25.302,207.726092668567,207.726092668567,-13.721216,10.352846
19:01:25.402,207.853399632589,207.853399632589,-13.724356,10.011589
19:01:25.502,207.977390897367,207.977390897367,-13.727496,9.670333
19:01:25.602,208.09718245447,208.09718245447,-13.730637,9.329077
19:01:25.702,208.211890295416,208.211890295416,-13.733777,8.987821
19:01:25.802,208.320630411725,208.320630411725,-13.736917,8.638341
19:01:25.902,208.422518794962,208.422518794962,-13.708825,8.287991
19:01:26.002,208.516671436633,208.516671436633,-13.662001,7.937641
19:01:26.102,208.602302707957,208.602302707957,-13.615176,7.587291
19:01:26.202,208.679642523955,208.679642523955,-13.568351,7.236941
19:01:26.302,208.749519875143,208.749519875143,-13.521527,6.898360
19:01:26.402,208.812771493443,208.812771493443,-13.474702,6.567115
19:01:26.502,208.870234110735,208.870234110735,-13.427877,6.235870
19:01:26.602,208.922744458936,208.922744458936,-13.381053,5.904625
19:01:26.702,208.971139269935,208.971139269935,-13.334228,5.573380
19:01:26.802,209.016255275628,209.016255275628,-13.266573,5.242135
19:01:26.902,209.058929207926,209.058929207926,-13.176714,5.049449
19:01:27.002,209.099997798717,209.099997798717,-13.086855,4.881791
19:01:27.102,209.140297649124,209.140297649124,-12.996996,4.714133
19:01:27.202,209.180548470206,209.180548470206,-12.907137,4.546475
19:01:27.302,209.221138150599,209.221138150599,-12.817278,4.378817
19:01:27.402,209.262396099075,209.262396099075,-12.727419,4.211160
19:01:27.502,209.304651724382,209.304651724382,-12.628212,4.043502
19:01:27.602,209.34823443529,209.34823443529,-12.525864,3.875844
19:01:27.702,209.393473640555,209.393473640555,-12.423517,3.815163
19:01:27.802,209.440698748929,209.440698748929,-12.321169,3.806180
19:01:27.902,209.490239169185,209.490239169185,-12.218822,3.797197
19:01:28.002,209.542424310069,209.542424310069,-12.116474,3.788213
19:01:28.102,209.597583580356,209.597583580356,-12.005936,3.779230
19:01:28.202,209.656032291944,209.656032291944,-11.895190,3.770247
19:01:28.302,209.717804604119,209.717804604119,-11.784444,3.761263
19:01:28.402,209.782675556467,209.782675556467,-11.673698,3.752280
19:01:28.502,209.850410507455,209.850410507455,-11.562952,3.743297
19:01:28.602,209.920774815593,209.920774815593,-11.454800,3.734313
19:01:28.702,209.993533839357,209.993533839357,-11.356899,3.760952
19:01:28.802,210.068452937226,210.068452937226,-11.258999,3.890108
19:01:28.902,210.145297467708,210.145297467708,-11.161098,4.019264
19:01:29.002,210.223832789269,210.223832789269,-11.063197,4.148420
19:01:29.102,210.30382426042,210.30382426042,-10.965296,4.277576
19:01:29.202,210.385037239638,210.385037239638,-10.867395,4.406732
19:01:29.302,210.467233009657,210.467233009657,-10.791606,4.535888
19:01:29.402,210.550153729868,210.550153729868,-10.717042,4.665044
19:01:29.502,210.633535955787,210.633535955787,-10.642477,4.794200
19:01:29.602,210.71711624226,210.71711624226,-10.567913,4.923356
19:01:29.702,210.800631144098,210.800631144098,-10.493348,5.052512
19:01:29.802,210.883817216109,210.883817216109,-10.418784,5.192587
19:01:29.902,210.966411013139,210.966411013139,-10.344219,5.342700
19:01:30.002,211.048149089987,211.048149089987,-10.269655,5.492812
19:01:30.102,211.128768001498,211.128768001498,-10.210774,5.642925
19:01:30.202,211.208004302481,211.208004302481,-10.190745,5.793038
19:01:30.302,211.285599941531,211.285599941531,-10.170715,5.943151
19:01:30.402,211.361561656639,211.361561656639,-10.150686,6.093263
19:01:30.502,211.436275939562,211.436275939562,-10.130656,6.243376
19:01:30.602,211.510158610079,211.510158610079,-10.110627,6.393489
19:01:30.702,211.583625487938,211.583625487938,-10.090598,6.543601
19:01:30.802,211.657092392887,211.657092392887,-10.070568,6.693714
19:01:30.902,211.730975144707,211.730975144707,-10.050539,6.858004
19:01:31.002,211.805689563133,211.805689563133,-10.030509,7.023128
19:01:31.102,211.881651467946,211.881651467946,-10.010480,7.188252
19:01:31.202,211.959276678894,211.959276678894,-10.014411,7.353376
19:01:31.302,212.038981015724,212.038981015724,-10.028455,7.518500
19:01:31.402,212.121147355834,212.121147355834,-10.042499,7.683624
19:01:31.502,212.205897273276,212.205897273276,-10.056542,7.848748
19:01:31.602,212.29322786159,212.29322786159,-10.070586,8.013872
19:01:31.702,212.383135450854,212.383135450854,-10.084630,8.178996
19:01:31.802,212.475616371147,212.475616371147,-10.098674,8.344120
19:01:31.902,212.570666952585,212.570666952585,-10.112717,8.479471
19:01:32.002,212.668283525231,212.668283525231,-10.126761,8.563664
19:01:32.102,212.768462419206,212.768462419206,-10.140805,8.647858
19:01:32.202,212.871199964585,212.871199964585,-10.154363,8.732052
19:01:32.302,212.976492491444,212.976492491444,-10.164317,8.816245
19:01:32.402,213.084335847931,213.084335847931,-10.174272,8.900439
19:01:32.502,213.194615111864,213.194615111864,-10.184227,8.984633
19:01:32.602,213.306963859016,213.306963859016,-10.194182,9.068826
19:01:32.702,213.420980949248,213.420980949248,-10.204137,9.153020
19:01:32.802,213.536265242423,213.536265242423,-10.214092,9.237214
19:01:32.902,213.652415598452,213.652415598452,-10.224047,9.321407
19:01:33.002,213.76903087718,213.76903087718,-10.234002,9.319352
19:01:33.102,213.88570993852,213.88570993852,-10.243957,9.294551
19:01:33.202,214.002051642333,214.002051642333,-10.253912,9.269750
19:01:33.302,214.117654848481,214.117654848481,-10.258040,9.244948
19:01:33.402,214.232118416876,214.232118416876,-10.257091,9.220147
19:01:33.502,214.345064336198,214.345064336198,-10.256143,9.195346
19:01:33.602,214.45644811368,214.45644811368,-10.255194,9.170545
19:01:33.702,214.566475725063,214.566475725063,-10.254246,9.145743
19:01:33.802,214.675359236782,214.675359236782,-10.253297,9.120942
19:01:33.902,214.783310715315,214.783310715315,-10.252349,9.096141
19:01:34.002,214.890542227081,214.890542227081,-10.251400,9.061529
19:01:34.102,214.997265838559,214.997265838559,-10.250452,8.991042
19:01:34.202,215.103693616182,215.103693616182,-10.249504,8.920554
19:01:34.302,215.210037626384,215.210037626384,-10.248555,8.850066
19:01:34.402,215.316509935643,215.316509935643,-10.239621,8.779579
19:01:34.502,215.423322608658,215.423322608658,-10.230268,8.709091
19:01:34.602,215.530569397148,215.530569397148,-10.220915,8.638603
19:01:34.702,215.637904998866,215.637904998866,-10.211562,8.568115
19:01:34.802,215.744882288122,215.744882288122,-10.202209,8.497628
19:01:34.902,215.851054139275,215.851054139275,-10.192856,8.427140
19:01:35.002,215.955973426621,215.955973426621,-10.183503,8.356652
19:01:35.102,216.059193024516,216.059193024516,-10.174149,8.271171
19:01:35.202,216.160265807273,216.160265807273,-10.164796,8.177187
19:01:35.302,216.258744649203,216.258744649203,-10.155443,8.083203
19:01:35.402,216.354182424661,216.354182424661,-10.145508,7.989220
19:01:35.502,216.446132007948,216.446132007948,-10.134565,7.895236
19:01:35.602,216.534160197246,216.534160197246,-10.123622,7.801253
19:01:35.702,216.618264686588,216.618264686588,-10.112679,7.707269
19:01:35.802,216.698946308083,216.698946308083,-10.101735,7.613285
19:01:35.902,216.776734375039,216.776734375039,-10.090792,7.519302
19:01:36.002,216.852158200717,216.852158200717,-10.079849,7.425318
19:01:36.102,216.925747098425,216.925747098425,-10.068906,7.328882
19:01:36.202,216.998030381437,216.998030381437,-10.057962,7.195074
19:01:36.302,217.069537363026,217.069537363026,-10.047019,7.061265
19:01:36.402,217.140797356499,217.140797356499,-10.036076,6.927457
19:01:36.502,217.212339675118,217.212339675118,-10.044123,6.793648
19:01:36.602,217.284693632191,217.284693632191,-10.057486,6.659839
19:01:36.702,217.358304489717,217.358304489717,-10.070848,6.526031
19:01:36.802,217.433097393872,217.433097393872,-10.084210,6.392222
19:01:36.902,217.508798778686,217.508798778686,-10.097572,6.258414
19:01:37.002,217.585134680617,217.585134680617,-10.110935,6.124605
19:01:37.102,217.66183113617,217.66183113617,-10.124297,5.990797
19:01:37.202,217.738614181813,217.738614181813,-10.137659,5.784210
19:01:37.302,217.815209854017,217.815209854017,-10.151022,5.575043
19:01:37.402,217.891344189284,217.891344189284,-10.164384,5.365876
19:01:37.502,217.966743224074,217.966743224074,-10.179938,5.156709
19:01:37.602,218.041132994889,218.041132994889,-10.204431,4.947542
19:01:37.702,218.114238846028,218.114238846028,-10.228924,4.738375
19:01:37.802,218.185718035535,218.185718035535,-10.253417,4.529208
19:01:37.902,218.255103273671,218.255103273671,-10.277910,4.335121
19:01:38.002,218.321913978247,218.321913978247,-10.302402,4.181047
19:01:38.102,218.385669567115,218.385669567115,-10.326895,4.026974
19:01:38.202,218.445889458096,218.445889458096,-10.351388,3.872900
19:01:38.302,218.502093069015,218.502093069015,-10.375881,3.718827
19:01:38.402,218.55379981772,218.55379981772,-10.400374,3.564753
19:01:38.502,218.600529122028,218.600529122028,-10.424866,3.410680
19:01:38.602,218.641800399784,218.641800399784,-10.419068,3.256606
19:01:38.702,218.677133068813,218.677133068813,-10.394113,3.102533
19:01:38.802,218.706097008634,218.706097008634,-10.369158,2.948459
19:01:38.902,218.728806452326,218.728806452326,-10.344202,2.794386
19:01:39.002,218.745707749218,218.745707749218,-10.319247,2.637094
19:01:39.102,218.757251986573,218.757251986573,-10.294291,2.474477
19:01:39.202,218.763890251646,218.763890251646,-10.269336,2.311859
19:01:39.302,218.766073631696,218.766073631696,-10.244380,2.149242
19:01:39.402,218.764253213981,218.764253213981,-10.219425,1.986624
19:01:39.502,218.75888008576,218.75888008576,-10.194470,1.824007
19:01:39.602,218.75040533429,218.75040533429,-10.144537,1.661389
19:01:39.702,218.73928004683,218.73928004683,-10.070540,1.498771
19:01:39.802,218.725955337132,218.725955337132,-9.996543,1.336154
19:01:39.902,218.710914626414,218.710914626414,-9.922546,1.199382
19:01:40.002,218.694736455077,218.694736455077,-9.848549,1.110792
19:01:40.102,218.678016781677,218.678016781677,-9.774552,1.022202
19:01:40.202,218.661351564778,218.661351564778,-9.700554,0.933613
19:01:40.302,218.645336762947,218.645336762947,-9.626557,0.845023
19:01:40.402,218.630568334739,218.630568334739,-9.554824,0.756433
19:01:40.502,218.617642238722,218.617642238722,-9.487676,0.667843
19:01:40.602,218.607154433453,218.607154433453,-9.420529,0.579253
19:01:40.702,218.599700877497,218.599700877497,-9.353381,0.490663
19:01:40.802,218.595877529417,218.595877529417,-9.286233,0.402073
19:01:40.902,218.596261428997,218.596261428997,-9.219086,0.313483
19:01:41.002,218.601030556563,218.601030556563,-9.151938,0.226729
19:01:41.102,218.609982900431,218.609982900431,-9.084790,0.212370
19:01:41.202,218.622901346493,218.622901346493,-9.017643,0.198012
19:01:41.302,218.639568780641,218.639568780641,-8.981175,0.183653
19:01:41.402,218.659768088772,218.659768088772,-8.959783,0.169294
19:01:41.502,218.683282156774,218.683282156774,-8.938391,0.154936
19:01:41.602,218.709893870546,218.709893870546,-8.916998,0.140577
19:01:41.702,218.739386115979,218.739386115979,-8.895606,0.126219
19:01:41.802,218.77154177896,218.77154177896,-8.874214,0.111860
19:01:41.902,218.806143745393,218.806143745393,-8.852821,0.097501
19:01:42.002,218.842922827033,218.842922827033,-8.831429,0.083143
19:01:42.102,218.881356103199,218.881356103199,-8.810037,0.127484
19:01:42.202,218.920843487311,218.920843487311,-8.788644,0.244108
19:01:42.302,218.960784874762,218.960784874762,-8.768054,0.360731
19:01:42.402,219.000580160962,219.000580160962,-8.755975,0.477355
19:01:42.502,219.039629241298,219.039629241298,-8.743896,0.593979
19:01:42.602,219.07733201118,219.07733201118,-8.731817,0.710603
19:01:42.702,219.113088366001,219.113088366001,-8.719738,0.827227
19:01:42.802,219.146298201154,219.146298201154,-8.707659,0.943850
19:01:42.902,219.176361412047,219.176361412047,-8.695580,1.060474
19:01:43.002,219.202688417165,219.202688417165,-8.683501,1.177098
19:01:43.102,219.225251351792,219.225251351792,-8.671422,1.384095
19:01:43.202,219.244855153676,219.244855153676,-8.659343,1.609200
19:01:43.302,219.262372150396,219.262372150396,-8.647264,1.834305
19:01:43.402,219.278674669536,219.278674669536,-8.634729,2.059410
19:01:43.502,219.294635038671,219.294635038671,-8.621742,2.284515
19:01:43.602,219.311125585386,219.311125585386,-8.608754,2.509620
19:01:43.702,219.329018637258,219.329018637258,-8.595767,2.762803
19:01:43.802,219.349186521863,219.349186521863,-8.582779,3.036048
19:01:43.902,219.372501566788,219.372501566788,-8.569791,3.309292
19:01:44.002,219.399836099605,219.399836099605,-8.556804,3.582536
19:01:44.102,219.43200300278,219.43200300278,-8.543816,3.855780
19:01:44.202,219.469323902187,219.469323902187,-8.530828,4.129025
19:01:44.302,219.511878145385,219.511878145385,-8.517841,4.402269
19:01:44.402,219.559743375057,219.559743375057,-8.504853,4.675513
19:01:44.502,219.612997233858,219.612997233858,-8.520415,4.948758
19:01:44.602,219.671717364474,219.671717364474,-8.538548,5.222002
19:01:44.702,219.735981409565,219.735981409565,-8.556680,5.495246
19:01:44.802,219.805867011791,219.805867011791,-8.574813,5.768490
19:01:44.902,219.881451813841,219.881451813841,-8.592945,6.025282
19:01:45.002,219.962813458363,219.962813458363,-8.611078,6.269378
19:01:45.102,220.050029029746,220.050029029746,-8.629210,6.513475
19:01:45.202,220.143023327231,220.143023327231,-8.647343,6.757571
19:01:45.302,220.241362982929,220.241362982929,-8.665475,7.001667
19:01:45.402,220.344563180586,220.344563180586,-8.683608,7.245764
19:01:45.502,220.452139103887,220.452139103887,-8.704539,7.489860
19:01:45.602,220.563605936581,220.563605936581,-8.731077,7.733956
19:01:45.702,220.678478862367,220.678478862367,-8.757614,7.978052
19:01:45.802,220.796273064945,220.796273064945,-8.784151,8.222149
19:01:45.902,220.916503728065,220.916503728065,-8.810688,8.466245
19:01:46.002,221.038686035409,221.038686035409,-8.837225,8.704181
19:01:46.102,221.162335170728,221.162335170728,-8.863763,8.714624
19:01:46.202,221.286975256122,221.286975256122,-8.890300,8.725067
19:01:46.302,221.412265821072,221.412265821072,-8.916837,8.735509
19:01:46.402,221.537971488826,221.537971488826,-8.943374,8.745952
19:01:46.502,221.663859635893,221.663859635893,-8.969911,8.756395
19:01:46.602,221.789697638857,221.789697638857,-8.975701,8.766837
19:01:46.702,221.915252874244,221.915252874244,-8.974526,8.777280
19:01:46.802,222.040292718582,222.040292718582,-8.973350,8.787722
19:01:46.902,222.164584548454,222.164584548454,-8.972175,8.798165
19:01:47.002,222.287895740369,222.287895740369,-8.970999,8.808608
19:01:47.102,222.409993670909,222.409993670909,-8.969823,8.739403
19:01:47.202,222.530645716514,222.530645716514,-8.968648,8.572768
19:01:47.302,222.649572233605,222.649572233605,-8.967472,8.406132
19:01:47.402,222.766312426356,222.766312426356,-8.966296,8.239497
19:01:47.502,222.880361879408,222.880361879408,-8.965121,8.072861
19:01:47.602,222.991216177467,222.991216177467,-8.959952,7.906226
19:01:47.702,223.09837090519,223.09837090519,-8.934471,7.739591
19:01:47.802,223.201321647234,223.201321647234,-8.908990,7.572955
19:01:47.902,223.299563988304,223.299563988304,-8.883509,7.406320
19:01:48.002,223.392593513044,223.392593513044,-8.858028,7.198240
19:01:48.102,223.479905806155,223.479905806155,-8.832547,6.900231
19:01:48.202,223.560996452295,223.560996452295,-8.807066,6.602222
19:01:48.302,223.635371957297,223.635371957297,-8.781585,6.304214
19:01:48.402,223.702900493392,223.702900493392,-8.756104,6.006205
19:01:48.502,223.763886594402,223.763886594402,-8.730622,5.708196
19:01:48.602,223.81866081968,223.81866081968,-8.705141,5.410187
19:01:48.702,223.867553728549,223.867553728549,-8.680582,5.209041
19:01:48.802,223.910895880339,223.910895880339,-8.656691,5.013479
19:01:48.902,223.949017834395,223.949017834395,-8.632800,4.817918
19:01:49.002,223.982250150042,223.982250150042,-8.608909,4.622356
19:01:49.102,224.010923386623,224.010923386623,-8.585018,4.426794
19:01:49.202,224.035368103466,224.035368103466,-8.561127,4.231233
19:01:49.302,224.055914859904,224.055914859904,-8.537236,4.035671
19:01:49.402,224.072936494916,224.072936494916,-8.513345,3.834010
19:01:49.502,224.087077879489,224.087077879489,-8.489454,3.587911
19:01:49.602,224.099091607621,224.099091607621,-8.465563,3.341812
19:01:49.702,224.10973054174,224.10973054174,-8.441672,3.095714
19:01:49.802,224.119747544274,224.119747544274,-8.428636,2.849615
19:01:49.902,224.129895477656,224.129895477656,-8.415648,2.603516
19:01:50.002,224.140927204315,224.140927204315,-8.402660,2.357418
19:01:50.102,224.153595586682,224.153595586682,-8.389673,2.056847
19:01:50.202,224.168653487187,224.168653487187,-8.376685,1.727581
19:01:50.302,224.186853768257,224.186853768257,-8.363698,1.398315
19:01:50.402,224.208941442851,224.208941442851,-8.350710,1.069049
19:01:50.502,224.234794499719,224.234794499719,-8.337722,0.739783
19:01:50.602,224.262649811856,224.262649811856,-8.324735,0.390018
19:01:50.702,224.29056153415,224.29056153415,-8.311747,-0.038549
19:01:50.802,224.316583821488,224.316583821488,-8.290033,-0.467117
19:01:50.902,224.338770828771,224.338770828771,-8.255820,-0.895685
19:01:51.002,224.355176710884,224.355176710884,-8.221608,-1.324252
19:01:51.102,224.363855622724,224.363855622724,-8.187395,-1.876855
19:01:51.202,224.362861719179,224.362861719179,-8.153183,-2.471802
19:01:51.302,224.350249155145,224.350249155145,-8.118970,-3.066749
19:01:51.402,224.324072085509,224.324072085509,-8.084758,-3.660415
19:01:51.502,224.28249888464,224.28249888464,-8.050545,-4.248320
19:01:51.602,224.224986317062,224.224986317062,-8.016333,-4.836225
19:01:51.702,224.151804027641,224.151804027641,-7.982120,-5.429350
19:01:51.802,224.06323440865,224.06323440865,-7.933853,-6.034805
19:01:51.902,223.959559852324,223.959559852324,-7.853990,-6.640259
19:01:52.002,223.841062750953,223.841062750953,-7.774127,-7.208445
19:01:52.102,223.708025496763,223.708025496763,-7.694265,-7.723646
19:01:52.202,223.56073048203,223.56073048203,-7.614402,-8.238846
19:01:52.302,223.399460099039,223.399460099039,-7.534539,-8.753016
19:01:52.402,223.224496740002,223.224496740002,-7.454676,-9.246593
19:01:52.502,223.036122950101,223.036122950101,-7.374814,-9.740170
19:01:52.602,222.834887032425,222.834887032425,-7.281697,-10.233747
19:01:52.702,222.622148939264,222.622148939264,-7.180113,-10.723697
19:01:52.802,222.399423028693,222.399423028693,-7.078529,-11.199286
19:01:52.902,222.168223658688,222.168223658688,-6.976945,-11.674875
19:01:53.002,221.930065187358,221.930065187358,-6.875361,-12.150464
19:01:53.102,221.686461972674,221.686461972674,-6.773777,-12.626053
19:01:53.202,221.43892837271,221.43892837271,-6.672832,-13.017200
19:01:53.302,221.188978745546,221.188978745546,-6.572011,-13.396267
19:01:53.402,220.93812744915,220.93812744915,-6.471191,-13.775335
19:01:53.502,220.687888841634,220.687888841634,-6.370370,-14.154402
19:01:53.602,220.439726943384,220.439726943384,-6.269550,-14.532618
19:01:53.702,220.193981336925,220.193981336925,-6.172631,-14.899050
19:01:53.802,219.949885375666,219.949885375666,-6.133200,-15.265482
19:01:53.902,219.706625717399,219.706625717399,-6.093769,-15.631913
19:01:54.002,219.463389020059,219.463389020059,-6.054338,-15.998345
19:01:54.102,219.219361941441,219.219361941441,-6.014907,-16.359853
19:01:54.202,218.973731139443,218.973731139443,-5.975476,-16.707331
19:01:54.302,218.725683271967,218.725683271967,-5.936045,-17.054809
19:01:54.402,218.474404996803,218.474404996803,-5.896614,-17.402288
19:01:54.502,218.21908297189,218.21908297189,-5.857183,-17.749766
19:01:54.602,217.958903855018,217.958903855018,-5.885131,-18.097244
19:01:54.702,217.693243260277,217.693243260277,-5.921857,-18.441932
19:01:54.802,217.422433020389,217.422433020389,-5.958584,-18.786539
19:01:54.902,217.147106734354,217.147106734354,-5.995311,-19.131146
19:01:55.002,216.867898116295,216.867898116295,-6.032037,-19.475752
19:01:55.102,216.585440880177,216.585440880177,-6.068764,-19.820359
19:01:55.202,216.300368740084,216.300368740084,-6.105491,-20.169085
19:01:55.302,216.013315410102,216.013315410102,-6.142218,-20.519722
19:01:55.402,215.724914604192,215.724914604192,-6.190935,-20.870360
19:01:55.502,215.435800036483,215.435800036483,-6.281004,-21.220997
19:01:55.602,215.146605420936,215.146605420936,-6.371072,-21.571634
19:01:55.702,214.857956089786,214.857956089786,-6.461141,-21.927803
19:01:55.802,214.569989252176,214.569989252176,-6.551210,-22.284758
19:01:55.902,214.28209390905,214.28209390905,-6.641279,-22.641713
19:01:56.002,213.993595669409,213.993595669409,-6.731348,-22.998668
19:01:56.102,213.703820142087,213.703820142087,-6.848584,-23.359712
19:01:56.202,213.412092936042,213.412092936042,-6.966649,-23.776686
19:01:56.302,213.117739660234,213.117739660234,-7.084714,-24.193660
19:01:56.402,212.820085923496,212.820085923496,-7.202779,-24.610634
19:01:56.502,212.518457334831,212.518457334831,-7.320845,-25.027608
19:01:56.602,212.212179503068,212.212179503068,-7.442322,-25.433082
19:01:56.702,211.900578037169,211.900578037169,-7.565418,-25.805927
19:01:56.802,211.582941561131,211.582941561131,-7.688513,-26.178772
19:01:56.902,211.258240133594,211.258240133594,-7.811609,-26.551617
19:01:57.002,210.925281191661,210.925281191661,-7.934705,-26.924463
19:01:57.102,210.582870869648,210.582870869648,-8.066381,-27.297308
19:01:57.202,210.229815302013,210.229815302013,-8.199372,-27.492547
19:01:57.302,209.864920623223,209.864920623223,-8.332363,-27.682728
19:01:57.402,209.486992967583,209.486992967583,-8.465353,-27.872909
19:01:57.502,209.094838469613,209.094838469613,-8.596046,-28.063090
19:01:57.602,208.687263263612,208.687263263612,-8.688021,-28.253272
19:01:57.702,208.263073484047,208.263073484047,-8.779995,-28.443453
19:01:57.802,207.82107871375,207.82107871375,-8.871970,-28.633634
19:01:57.902,207.36122027528,207.36122027528,-8.963945,-28.823815
19:01:58.002,206.886197328758,206.886197328758,-9.055919,-28.754702
19:01:58.102,206.399121152872,206.399121152872,-9.147894,-28.620562
19:01:58.202,205.903103026515,205.903103026515,-9.239869,-28.486422
19:01:58.302,205.401254228587,205.401254228587,-9.301560,-28.352283
19:01:58.402,204.896686037768,204.896686037768,-9.309016,-28.218143
19:01:58.502,204.39250973303,204.39250973303,-9.316472,-28.084004
19:01:58.602,203.891836593051,203.891836593051,-9.323929,-27.949864
19:01:58.702,203.397777896731,203.397777896731,-9.331385,-27.815724
19:01:58.802,202.913444922965,202.913444922965,-9.338841,-27.681585
19:01:58.902,202.441785467682,202.441785467682,-9.346297,-27.485646
19:01:59.002,201.983143162193,201.983143162193,-9.353754,-27.258600
19:01:59.102,201.535772945892,201.535772945892,-9.338070,-27.031555
19:01:59.202,201.097870945172,201.097870945172,-9.216594,-26.804509
19:01:59.302,200.667633286421,200.667633286421,-9.095117,-26.577464
19:01:59.402,200.243256095837,200.243256095837,-8.973641,-26.350418
19:01:59.502,199.822935499872,199.822935499872,-8.852164,-26.123373
19:01:59.602,199.404867624729,199.404867624729,-8.730688,-25.896327
19:01:59.702,198.987248596793,198.987248596793,-8.604777,-25.789843
19:01:59.802,198.568274542452,198.568274542452,-8.478303,-25.686688
19:01:59.902,198.146141587909,198.146141587909,-8.351829,-25.583533
19:02:00.002,197.719419724443,197.719419724443,-8.225356,-25.480377
19:02:00.102,197.288174382541,197.288174382541,-8.091611,-25.377222
19:02:00.202,196.852844847776,196.852844847776,-7.869722,-25.274067
19:02:00.302,196.413870405725,196.413870405725,-7.647834,-25.170912
19:02:00.402,195.971690341771,195.971690341771,-7.487493,-25.067756
19:02:00.502,195.526743941553,195.526743941553,-7.426724,-24.964601
19:02:00.602,195.079470490454,195.079470490454,-7.365955,-24.962755
19:02:00.702,194.630309274051,194.630309274051,-7.305186,-24.980377
19:02:00.802,194.179699577919,194.179699577919,-7.244417,-24.997999
19:02:00.902,193.72808068744,193.72808068744,-7.183648,-25.015621
19:02:01.002,193.27590361946,193.27590361946,-7.122879,-25.033243
19:02:01.102,192.824035991548,192.824035991548,-7.062110,-25.050865
19:02:01.202,192.373864824343,192.373864824343,-7.001341,-25.068487
19:02:01.302,191.926809744087,191.926809744087,-6.976222,-25.086109
19:02:01.402,191.484290376827,191.484290376827,-6.982766,-25.103731
19:02:01.502,191.047726348868,191.047726348868,-6.989310,-25.121353
19:02:01.602,190.618537286259,190.618537286259,-6.995854,-25.143253
19:02:01.702,190.198142815242,190.198142815242,-7.002398,-25.177192
19:02:01.802,189.787962562053,189.787962562053,-7.008942,-25.211130
19:02:01.902,189.389416152748,189.389416152748,-7.015486,-25.245069
19:02:02.002,189.00392321362,189.00392321362,-7.022030,-25.279007
19:02:02.102,188.632684132775,188.632684132775,-7.028574,-25.312946
19:02:02.202,188.275432231922,188.275432231922,-7.124892,-25.346884
19:02:02.302,187.93129880449,187.93129880449,-7.234664,-25.380823
19:02:02.402,187.59941330966,187.59941330966,-7.344436,-25.414761
19:02:02.502,187.278905206809,187.278905206809,-7.454208,-25.448700
19:02:02.602,186.968903955123,186.968903955123,-7.563980,-25.482638
19:02:02.702,186.668539013932,186.668539013932,-7.677252,-25.570725
19:02:02.802,186.376939842556,186.376939842556,-7.823344,-25.683636
19:02:02.902,186.093235900191,186.093235900191,-7.969436,-25.796547
19:02:03.002,185.8165566462,185.8165566462,-8.115528,-25.909458
19:02:03.102,185.546023577164,185.546023577164,-8.276096,-26.022369
19:02:03.202,185.279764192439,185.279764192439,-8.480671,-26.135279
19:02:03.302,185.013958863591,185.013958863591,-8.685247,-26.248190
19:02:03.402,184.744561909976,184.744561909976,-8.894231,-26.361101
19:02:03.502,184.467527651111,184.467527651111,-9.111022,-26.474012
19:02:03.602,184.178810406349,184.178810406349,-9.327814,-26.586923
19:02:03.702,183.874364495165,183.874364495165,-9.540261,-26.701542
19:02:03.802,183.550144237043,183.550144237043,-9.747890,-26.830117
19:02:03.902,183.202103951325,183.202103951325,-9.955520,-26.958692
19:02:04.002,182.826197957547,182.826197957547,-10.157766,-27.087267
19:02:04.102,182.418380575036,182.418380575036,-10.356234,-27.215841
19:02:04.202,181.975236382731,181.975236382731,-10.554702,-27.344416
19:02:04.302,181.500788582199,181.500788582199,-10.748888,-27.472991
19:02:04.402,181.003913139478,181.003913139478,-10.941248,-27.601566
19:02:04.502,180.493569345336,180.493569345336,-11.133608,-27.730141
19:02:04.602,179.978716490253,179.978716490253,-11.325968,-27.858715
19:02:04.702,179.46831386493,179.46831386493,-11.518327,-27.987290
19:02:04.802,178.971320760065,178.971320760065,-11.710687,-28.012296
19:02:04.902,178.49669646614,178.49669646614,-11.866070,-27.946377
19:02:05.002,178.053400273919,178.053400273919,-11.975615,-27.880458
19:02:05.102,177.650391473899,177.650391473899,-12.085161,-27.814539
19:02:05.202,177.296542674903,177.296542674903,-12.194707,-27.748620
19:02:05.302,176.994029416691,176.994029416691,-12.304253,-27.682701
19:02:05.402,176.733680631051,176.733680631051,-12.403155,-27.616782
19:02:05.502,176.50522683394,176.50522683394,-12.443729,-27.550863
19:02:05.602,176.298398541173,176.298398541173,-12.484302,-27.484943
19:02:05.702,176.102926268663,176.102926268663,-12.524876,-27.419024
19:02:05.802,175.908540532317,175.908540532317,-12.565450,-27.353105
19:02:05.902,175.704971847959,175.704971847959,-12.606024,-27.156684
19:02:06.002,175.48195073153,175.48195073153,-12.646598,-26.954247
19:02:06.102,175.229207698845,175.229207698845,-12.687172,-26.751809
19:02:06.202,174.936473265813,174.936473265813,-12.727746,-26.549372
19:02:06.302,174.593845181843,174.593845181843,-12.724496,-26.346935
19:02:06.402,174.20012068951,174.20012068951,-12.676425,-26.144497
19:02:06.502,173.762939516869,173.762939516869,-12.628355,-25.942060
19:02:06.602,173.290337225983,173.290337225983,-12.580285,-25.739622
19:02:06.702,172.790349379104,172.790349379104,-12.532214,-25.537185
19:02:06.802,172.2710115385,172.2710115385,-12.484144,-25.366258
19:02:06.902,171.740359266209,171.740359266209,-12.436074,-25.202173
19:02:07.002,171.206428124576,171.206428124576,-12.388003,-25.038089
19:02:07.102,170.677253675634,170.677253675634,-12.339933,-24.874004
19:02:07.202,170.160871481652,170.160871481652,-12.247846,-24.709919
19:02:07.302,169.665317104893,169.665317104893,-12.147025,-24.545834
19:02:07.402,169.197167549058,169.197167549058,-12.046205,-24.381749
19:02:07.502,168.755332969546,168.755332969546,-11.945384,-24.217664
19:02:07.602,168.336213232975,168.336213232975,-11.844564,-24.053579
19:02:07.702,167.936206762574,167.936206762574,-11.743743,-23.940815
19:02:07.802,167.551711981563,167.551711981563,-11.637705,-23.851400
19:02:07.902,167.179127312996,167.179127312996,-11.527889,-23.761985
19:02:08.002,166.814851180146,166.814851180146,-11.418073,-23.672570
19:02:08.102,166.455282006073,166.455282006073,-11.308257,-23.583155
19:02:08.202,166.096818213994,166.096818213994,-11.198441,-23.493740
19:02:08.302,165.735858227127,165.735858227127,-11.086995,-23.404325
19:02:08.402,165.368829793911,165.368829793911,-10.971516,-23.314910
19:02:08.502,164.994030570667,164.994030570667,-10.856036,-23.225495
19:02:08.602,164.612721889077,164.612721889077,-10.740556,-23.136080
19:02:08.702,164.226427810931,164.226427810931,-10.625077,-23.054831
19:02:08.802,163.836672398021,163.836672398021,-10.515837,-23.039167
19:02:08.902,163.44497971197,163.44497971197,-10.413446,-23.023503
19:02:09.002,163.052873814626,163.052873814626,-10.311055,-23.007839
19:02:09.102,162.661878767612,162.661878767612,-10.208664,-22.992175
19:02:09.202,162.27351863272,162.27351863272,-10.106272,-22.976512
19:02:09.302,161.889317471742,161.889317471742,-10.003881,-22.960848
19:02:09.402,161.5107993463,161.5107993463,-9.923604,-22.945184
19:02:09.502,161.139314687694,161.139314687694,-9.852649,-22.929520
19:02:09.602,160.774654479148,160.774654479148,-9.781694,-22.913856
19:02:09.702,160.415785846102,160.415785846102,-9.710739,-22.898192
19:02:09.802,160.061668455942,160.061668455942,-9.639783,-22.925059
19:02:09.902,159.711261975902,159.711261975902,-9.568828,-22.989020
19:02:10.002,159.363526073422,159.363526073422,-9.497873,-23.052981
19:02:10.102,159.017420415736,159.017420415736,-9.426918,-23.116942
19:02:10.202,158.671904670231,158.671904670231,-9.357754,-23.180903
19:02:10.302,158.325938504295,158.325938504295,-9.327957,-23.244864
19:02:10.402,157.978481585164,157.978481585164,-9.298160,-23.308826
19:02:10.502,157.628494180078,157.628494180078,-9.268363,-23.372787
19:02:10.602,157.275177220067,157.275177220067,-9.238566,-23.436748
19:02:10.702,156.918339367754,156.918339367754,-9.208769,-23.500709
19:02:10.802,156.557883737714,156.557883737714,-9.178972,-23.564670
19:02:10.902,156.193713444365,156.193713444365,-9.149175,-23.646130
19:02:11.002,155.825731602336,155.825731602336,-9.119378,-23.728366
19:02:11.102,155.453841326045,155.453841326045,-9.089581,-23.810601
19:02:11.202,155.077945730066,155.077945730066,-9.059784,-23.892837
19:02:11.302,154.697947928979,154.697947928979,-9.026069,-23.975073
19:02:11.402,154.313751037196,154.313751037196,-8.987740,-24.057308
19:02:11.502,153.925258169353,153.925258169353,-8.949410,-24.139544
19:02:11.602,153.532385514811,153.532385514811,-8.911081,-24.221780
19:02:11.702,153.135268478878,153.135268478878,-8.872752,-24.304015
19:02:11.802,152.734224153632,152.734224153632,-8.834422,-24.386251
19:02:11.902,152.329575117071,152.329575117071,-8.796093,-24.454562
19:02:12.002,151.921643947423,151.921643947423,-8.757763,-24.500248
19:02:12.102,151.510753222683,151.510753222683,-8.719434,-24.545935
19:02:12.202,151.097225521022,151.097225521022,-8.681105,-24.591621
19:02:12.302,150.681383420614,150.681383420614,-8.630476,-24.637307
19:02:12.402,150.26354949945,150.26354949945,-8.557588,-24.682994
19:02:12.502,149.844046335764,149.844046335764,-8.484699,-24.728680
19:02:12.602,149.423196507547,149.423196507547,-8.411811,-24.774367
19:02:12.702,149.0013593779,149.0013593779,-8.338923,-24.820053
19:02:12.802,148.579047074214,148.579047074214,-8.266034,-24.865740
19:02:12.902,148.156811374253,148.156811374253,-8.193146,-24.911426
19:02:13.002,147.7352040561,147.7352040561,-8.120258,-24.920362
19:02:13.102,147.314776897594,147.314776897594,-8.044811,-24.920362
19:02:13.202,146.896081676755,146.896081676755,-7.957471,-24.920362
19:02:13.302,146.479670171606,146.479670171606,-7.870132,-24.920362
19:02:13.402,146.066094159985,146.066094159985,-7.782792,-24.920362
19:02:13.502,145.655905419974,145.655905419974,-7.695453,-24.920362
19:02:13.602,145.249655729414,145.249655729414,-7.608113,-24.920362
19:02:13.702,144.847874273652,144.847874273652,-7.520774,-24.920362
19:02:13.802,144.45022792918,144.45022792918,-7.433434,-24.920362
19:02:13.902,144.055272561345,144.055272561345,-7.367229,-24.920362
19:02:14.002,143.661490699168,143.661490699168,-7.301894,-24.917834
19:02:14.102,143.267364871442,143.267364871442,-7.236559,-24.906739
19:02:14.202,142.871377607128,142.871377607128,-7.171224,-24.895643
19:02:14.302,142.472011435191,142.472011435191,-7.105890,-24.884548
19:02:14.402,142.06774888442,142.06774888442,-7.040555,-24.873453
19:02:14.502,141.657072483839,141.657072483839,-6.975220,-24.862358
19:02:14.602,141.238464762234,141.238464762234,-6.909885,-24.851262
19:02:14.702,140.81040824857,140.81040824857,-6.844551,-24.840167
19:02:14.802,140.371862474905,140.371862474905,-6.811499,-24.829072
19:02:14.902,139.925107620556,139.925107620556,-6.785563,-24.817976
19:02:15.002,139.473835699046,139.473835699046,-6.759628,-24.806881
19:02:15.102,139.021743899021,139.021743899021,-6.733693,-24.800461
19:02:15.202,138.572529409324,138.572529409324,-6.707757,-24.796545
19:02:15.302,138.129889418798,138.129889418798,-6.681822,-24.792629
19:02:15.402,137.69752111609,137.69752111609,-6.655886,-24.788714
19:02:15.502,137.279121690104,137.279121690104,-6.629951,-24.784798
19:02:15.602,136.878327460072,136.878327460072,-6.604016,-24.780882
19:02:15.702,136.495975706577,136.495975706577,-6.578080,-24.776966
19:02:15.802,136.128995397393,136.128995397393,-6.551878,-24.773050
19:02:15.902,135.774024996388,135.774024996388,-6.524807,-24.769134
19:02:16.002,135.427702967638,135.427702967638,-6.497735,-24.765218
19:02:16.102,135.086667775016,135.086667775016,-6.470664,-24.763398
19:02:16.202,134.747557882545,134.747557882545,-6.443593,-24.787546
19:02:16.302,134.407011754249,134.407011754249,-6.416522,-24.811695
19:02:16.402,134.061667854,134.061667854,-6.389451,-24.835843
19:02:16.502,133.708164645875,133.708164645875,-6.362380,-24.859992
19:02:16.602,133.343264242168,133.343264242168,-6.335308,-24.884140
19:02:16.702,132.966137200659,132.966137200659,-6.308237,-24.908289
19:02:16.802,132.578142886526,132.578142886526,-6.281166,-24.932438
19:02:16.902,132.180720259662,132.180720259662,-6.242715,-24.956586
19:02:17.002,131.775308280187,131.775308280187,-6.198153,-24.980735
19:02:17.102,131.363345907986,131.363345907986,-6.153591,-25.004883
19:02:17.202,130.946272103125,130.946272103125,-6.109029,-25.022530
19:02:17.302,130.525525825668,130.525525825668,-6.064467,-25.033625
19:02:17.402,130.102546035499,130.102546035499,-6.019905,-25.044720
19:02:17.502,129.678771692746,129.678771692746,-5.975342,-25.055816
19:02:17.602,129.255641757288,129.255641757288,-5.930780,-25.066911
19:02:17.702,128.834344262551,128.834344262551,-5.886218,-25.078006
19:02:17.802,128.414908783987,128.414908783987,-5.841656,-25.089102
19:02:17.902,127.997030809454,127.997030809454,-5.795733,-25.100197
19:02:18.002,127.580405795452,127.580405795452,-5.730631,-25.111292
19:02:18.102,127.164729198238,127.164729198238,-5.665529,-25.122387
19:02:18.202,126.749696474249,126.749696474249,-5.600427,-25.133483
19:02:18.302,126.335003079924,126.335003079924,-5.535325,-25.106085
19:02:18.402,125.92034447152,125.92034447152,-5.470223,-25.075410
19:02:18.502,125.505416105535,125.505416105535,-5.405121,-25.044735
19:02:18.602,125.089913438225,125.089913438225,-5.340019,-25.014060
19:02:18.702,124.67353406938,124.67353406938,-5.274917,-24.983384
19:02:18.802,124.256077202466,124.256077202466,-5.187908,-24.952709
19:02:18.902,123.837485700228,123.837485700228,-5.092674,-24.922034
19:02:19.002,123.417713297764,123.417713297764,-4.997440,-24.891359
19:02:19.102,122.996713729931,122.996713729931,-4.902206,-24.860684
19:02:19.202,122.574440731767,122.574440731767,-4.806972,-24.830008
19:02:19.302,122.150848038311,122.150848038311,-4.711737,-24.832817
19:02:19.402,121.725889384417,121.725889384417,-4.613567,-24.899208
19:02:19.502,121.299518505187,121.299518505187,-4.499004,-24.965600
19:02:19.602,120.871689135475,120.871689135475,-4.384440,-25.031991
19:02:19.702,120.442355010319,120.442355010319,-4.269877,-25.098383
19:02:19.802,120.011470851385,120.011470851385,-4.155314,-25.164774
19:02:19.902,119.57899907063,119.57899907063,-4.040750,-25.231166
19:02:20.002,119.144905689601,119.144905689601,-3.936841,-25.297557
19:02:20.102,118.709156750405,118.709156750405,-3.850417,-25.363948
19:02:20.202,118.271718295336,118.271718295336,-3.763994,-25.430340
19:02:20.302,117.832556366693,117.832556366693,-3.677571,-25.531591
19:02:20.402,117.391637006579,117.391637006579,-3.591147,-25.737906
19:02:20.502,116.948926257356,116.948926257356,-3.504724,-25.944221
19:02:20.602,116.504390161127,116.504390161127,-3.423985,-26.150536
19:02:20.702,116.05799476019,116.05799476019,-3.383332,-26.356852
19:02:20.802,115.609705692102,115.609705692102,-3.342678,-26.563167
19:02:20.902,115.15940184142,115.15940184142,-3.302025,-26.769482
19:02:21.002,114.706768068323,114.706768068323,-3.261371,-26.975797
19:02:21.102,114.25146290729,114.25146290729,-3.220718,-27.243154
19:02:21.202,113.793144892998,113.793144892998,-3.180064,-27.559043
19:02:21.302,113.331472560126,113.331472560126,-3.139410,-27.874932
19:02:21.402,112.86610444315,112.86610444315,-3.098757,-28.190822
19:02:21.502,112.396699076818,112.396699076818,-3.089371,-28.506711
19:02:21.602,111.922914995604,111.922914995604,-3.116067,-28.827695
19:02:21.702,111.444410734187,111.444410734187,-3.142763,-29.162537
19:02:21.802,110.960844827248,110.960844827248,-3.169460,-29.497380
19:02:21.902,110.471902689549,110.471902689549,-3.196156,-29.832223
19:02:22.002,109.977649335367,109.977649335367,-3.222852,-30.167065
19:02:22.102,109.478430846511,109.478430846511,-3.249548,-30.503365
19:02:22.202,108.974599919415,108.974599919415,-3.276244,-30.841367
19:02:22.302,108.466509250516,108.466509250516,-3.302941,-31.179368
19:02:22.402,107.954511536031,107.954511536031,-3.329637,-31.517370
19:02:22.502,107.438959472472,107.438959472472,-3.392364,-31.855372
19:02:22.602,106.920205756051,106.920205756051,-3.461846,-32.115207
19:02:22.702,106.398603083207,106.398603083207,-3.531329,-32.333637
19:02:22.802,105.87450415038,105.87450415038,-3.600812,-32.552068
19:02:22.902,105.348261652028,105.348261652028,-3.670294,-32.770498
19:02:23.002,104.820159936705,104.820159936705,-3.739777,-32.988928
19:02:23.102,104.290233764611,104.290233764611,-3.809260,-33.207359
19:02:23.202,103.758460938717,103.758460938717,-3.878743,-33.425789
19:02:23.302,103.224819261995,103.224819261995,-3.942709,-33.644219
19:02:23.402,102.689286537184,102.689286537184,-4.003874,-33.637530
19:02:23.502,102.151840567336,102.151840567336,-4.065039,-33.621866
19:02:23.602,101.612459155188,101.612459155188,-4.126205,-33.606202
19:02:23.702,101.071120103713,101.071120103713,-4.187370,-33.590538
19:02:23.802,100.527801215886,100.527801215886,-4.248535,-33.574874
19:02:23.902,99.9824802944422,99.9824802944422,-4.309701,-33.559210
19:02:24.002,99.4351350091008,99.4351350091008,-4.370866,-33.543546
19:02:24.102,98.8857390188005,98.8857390188005,-4.432031,-33.527882
19:02:24.202,98.334261365178,98.334261365178,-4.477278,-33.512218
19:02:24.302,97.7806708343636,97.7806708343636,-4.490171,-33.496555
19:02:24.402,97.224936212246,97.224936212246,-4.503065,-33.440678
19:02:24.502,96.6670262850365,96.6670262850365,-4.515958,-33.320587
19:02:24.602,96.1069098386225,96.1069098386225,-4.528851,-33.200497
19:02:24.702,95.5445556591347,95.5445556591347,-4.541744,-33.080407
19:02:24.802,94.9799325327052,94.9799325327052,-4.554638,-32.960317
19:02:24.902,94.4130092452193,94.4130092452193,-4.567531,-32.840227
19:02:25.002,93.8437545828916,93.8437545828916,-4.580424,-32.720137
19:02:25.102,93.2722493708064,93.2722493708064,-4.593317,-32.600046
19:02:25.202,92.6992562873884,92.6992562873884,-4.606211,-32.479956
19:02:25.302,92.1257945241552,92.1257945241552,-4.614644,-32.359866
19:02:25.402,91.552883736312,91.552883736312,-4.622782,-32.239776
19:02:25.502,90.981543579398,90.981543579398,-4.630919,-32.213614
19:02:25.602,90.412793708619,90.412793708619,-4.639057,-32.209698
19:02:25.702,89.847653779431,89.847653779431,-4.647195,-32.205782
19:02:25.802,89.2871434472875,89.2871434472875,-4.655332,-32.201866
19:02:25.902,88.7322823673977,88.7322823673977,-4.663470,-32.197950
19:02:26.002,88.1840901952954,88.1840901952954,-4.671608,-32.194034
19:02:26.102,87.6435778855908,87.6435778855908,-4.679746,-32.190118
19:02:26.202,87.1109406025007,87.1109406025007,-4.687883,-32.186202
19:02:26.302,86.5849028547008,86.5849028547008,-4.705736,-32.182286
19:02:26.402,86.0640350418993,86.0640350418993,-4.741360,-32.178370
19:02:26.502,85.5469075641095,85.5469075641095,-4.776983,-32.175362
19:02:26.602,85.032090821042,85.032090821042,-4.812606,-32.175362
19:02:26.702,84.5181552126335,84.5181552126335,-4.848230,-32.175362
19:02:26.802,84.0036711388201,84.0036711388201,-4.883853,-32.175362
19:02:26.902,83.4872089993134,83.4872089993134,-4.919476,-32.175362
19:02:27.002,82.9673391941253,82.9673391941253,-4.955100,-32.175362
19:02:27.102,82.4426321229657,82.4426321229657,-4.990723,-32.175362
19:02:27.202,81.9117915353401,81.9117915353401,-5.026347,-32.175362
19:02:27.302,81.3749326503052,81.3749326503052,-5.061970,-32.175362
19:02:27.402,80.8330194969789,80.8330194969789,-5.094449,-32.175362
19:02:27.502,80.2870277168438,80.2870277168438,-5.125983,-32.175362
19:02:27.602,79.737932951066,79.737932951066,-5.157518,-32.128312
19:02:27.702,79.18671084105,79.18671084105,-5.189052,-32.056519
19:02:27.802,78.6343370282012,78.6343370282012,-5.220587,-31.984726
19:02:27.902,78.0817871536839,78.0817871536839,-5.252122,-31.912933
19:02:28.002,77.5300368589839,77.5300368589839,-5.283656,-31.841140
19:02:28.102,76.9800617852655,76.9800617852655,-5.315191,-31.769347
19:02:28.202,76.4328373970251,76.4328373970251,-5.346725,-31.697554
19:02:28.302,75.8891512570172,75.8891512570172,-5.378260,-31.625761
19:02:28.402,75.3492463131009,75.3492463131009,-5.411957,-31.553968
19:02:28.502,74.8132674076708,74.8132674076708,-5.455200,-31.482175
19:02:28.602,74.2813593828088,74.2813593828088,-5.498444,-31.411821
19:02:28.702,73.7536670808306,73.7536670808306,-5.541687,-31.358303
19:02:28.802,73.23033534405,73.23033534405,-5.584930,-31.304785
19:02:28.902,72.7115090145521,72.7115090145521,-5.628173,-31.251266
19:02:29.002,72.1973329347257,72.1973329347257,-5.671416,-31.197748
19:02:29.102,71.6879519466587,71.6879519466587,-5.714659,-31.144229
19:02:29.202,71.1835108926641,71.1835108926641,-5.757902,-31.090711
19:02:29.302,70.6841305745139,70.6841305745139,-5.801146,-31.037192
19:02:29.402,70.1894368211235,70.1894368211235,-5.858600,-30.983674
19:02:29.502,69.6985906959791,69.6985906959791,-5.927104,-30.930156
19:02:29.602,69.2107352706362,69.2107352706362,-5.995609,-30.876637
19:02:29.702,68.7250136168648,68.7250136168648,-6.064114,-30.849012
19:02:29.802,68.2405688064335,68.2405688064335,-6.132618,-30.847054
19:02:29.902,67.7565439108998,67.7565439108998,-6.201123,-30.845096
19:02:30.002,67.272082002103,67.272082002103,-6.269627,-30.843138
19:02:30.102,66.7863261516006,66.7863261516006,-6.338132,-30.841180
19:02:30.202,66.2984194311612,66.2984194311612,-6.406637,-30.839222
19:02:30.302,65.8075049125549,65.8075049125549,-6.465120,-30.837264
19:02:30.402,65.3128879145524,65.3128879145524,-6.522523,-30.835307
19:02:30.502,64.8146515949865,64.8146515949865,-6.579925,-30.833349
19:02:30.602,64.3131119335553,64.3131119335553,-6.637328,-30.831391
19:02:30.702,63.8085849529126,63.8085849529126,-6.694730,-30.829433
19:02:30.802,63.3013866757139,63.3013866757139,-6.752133,-30.827475
19:02:30.902,62.791833124393,62.791833124393,-6.809535,-30.825517
19:02:31.002,62.2802403216797,62.2802403216797,-6.866937,-30.823559
19:02:31.102,61.7669242900064,61.7669242900064,-6.924340,-30.821601
19:02:31.202,61.2522010520292,61.2522010520292,-6.972322,-30.819643
19:02:31.302,60.7363866304045,60.7363866304045,-6.996133,-30.817685
19:02:31.402,60.2197968597804,60.2197968597804,-7.019945,-30.815727
19:02:31.502,59.7027379089696,59.7027379089696,-7.043756,-30.813769
19:02:31.602,59.1855018184311,59.1855018184311,-7.067567,-30.811811
19:02:31.702,58.66837950819,58.66837950819,-7.091379,-30.809853
19:02:31.802,58.1516618982713,58.1516618982713,-7.115190,-30.775773
19:02:31.902,57.6356399084745,57.6356399084745,-7.139001,-30.681790
19:02:32.002,57.1206044588994,57.1206044588994,-7.162813,-30.587806
19:02:32.102,56.606846469346,56.606846469346,-7.186624,-30.493822
19:02:32.202,56.0946568598392,56.0946568598392,-7.210435,-30.399839
19:02:32.302,55.5843265504029,55.5843265504029,-7.205944,-30.305855
19:02:32.402,55.0761464608384,55.0761464608384,-7.189095,-30.211871
19:02:32.502,54.570365575964,54.570365575964,-7.172246,-30.117888
19:02:32.602,54.0668923855632,54.0668923855632,-7.155396,-30.023904
19:02:32.702,53.5654699294594,53.5654699294594,-7.138547,-29.929921
19:02:32.802,53.065840148797,53.065840148797,-7.121698,-29.835937
19:02:32.902,52.5677449845024,52.5677449845024,-7.104849,-29.694058
19:02:33.002,52.0709263777924,52.0709263777924,-7.087999,-29.538071
19:02:33.102,51.5751262695943,51.5751262695943,-7.071150,-29.382084
19:02:33.202,51.0800866010523,51.0800866010523,-7.054301,-29.226098
19:02:33.302,50.58554931331,50.58554931331,-7.035219,-29.070111
19:02:33.402,50.0912563472955,50.0912563472955,-6.998380,-28.914124
19:02:33.502,49.596950726983,49.596950726983,-6.961541,-28.758138
19:02:33.602,49.1026494523732,49.1026494523732,-6.924703,-28.602151
19:02:33.702,48.6090042122307,48.6090042122307,-6.887864,-28.446164
19:02:33.802,48.1167563223906,48.1167563223906,-6.851025,-28.290178
19:02:33.902,47.6266470984732,47.6266470984732,-6.814186,-28.138155
19:02:34.002,47.1394178563847,47.1394178563847,-6.777347,-28.002400
19:02:34.102,46.6558099117468,46.6558099117468,-6.740508,-27.866646
19:02:34.202,46.1765645803943,46.1765645803943,-6.703670,-27.730892
19:02:34.302,45.7024231781596,45.7024231781596,-6.666831,-27.595138
19:02:34.402,45.2341270206682,45.2341270206682,-6.640857,-27.459384
19:02:34.502,44.7724174238199,44.7724174238199,-6.624623,-27.323630
19:02:34.602,44.3179800435458,44.3179800435458,-6.608389,-27.187876
19:02:34.702,43.8706750972265,43.8706750972265,-6.592155,-27.052122
19:02:34.802,43.4297311390256,43.4297311390256,-6.575920,-26.916368
19:02:34.902,42.9943606901145,42.9943606901145,-6.559686,-26.780614
19:02:35.002,42.5637762719198,42.5637762719198,-6.543452,-26.680430
19:02:35.102,42.1371904056159,42.1371904056159,-6.527218,-26.602110
19:02:35.202,41.7138156125654,41.7138156125654,-6.510983,-26.523790
19:02:35.302,41.292864414129,41.292864414129,-6.494749,-26.445471
19:02:35.402,40.8735493314839,40.8735493314839,-6.495155,-26.367151
19:02:35.502,40.4550828860519,40.4550828860519,-6.529681,-26.288831
19:02:35.602,40.0366776003934,40.0366776003934,-6.564206,-26.210512
19:02:35.702,39.6178010080781,39.6178010080781,-6.598732,-26.132192
19:02:35.802,39.1988874315156,39.1988874315156,-6.633257,-26.053872
19:02:35.902,38.7806002646887,38.7806002646887,-6.667783,-25.975553
19:02:36.002,38.3636029018241,38.3636029018241,-6.702308,-25.896711
19:02:36.102,37.9485587369051,37.9485587369051,-6.736834,-25.806184
19:02:36.202,37.5361311640976,37.5361311640976,-6.771359,-25.715656
19:02:36.302,37.1269835775657,37.1269835775657,-6.805885,-25.625129
19:02:36.402,36.7217793712953,36.7217793712953,-6.868321,-25.534601
19:02:36.502,36.3211819395091,36.3211819395091,-6.937653,-25.444073
19:02:36.602,35.9258546761954,35.9258546761954,-7.006985,-25.353546
19:02:36.702,35.5364384785955,35.5364384785955,-7.076317,-25.263018
19:02:36.802,35.1528507655621,35.1528507655621,-7.145649,-25.172491
19:02:36.902,34.7741482449577,34.7741482449577,-7.214980,-25.081963
19:02:37.002,34.3993374216395,34.3993374216395,-7.284312,-24.991435
19:02:37.102,34.0274248002452,34.0274248002452,-7.353644,-24.775234
19:02:37.202,33.6574168855764,33.6574168855764,-7.422976,-24.551988
19:02:37.302,33.2883201824332,33.2883201824332,-7.452833,-24.328742
19:02:37.402,32.9191411954553,32.9191411954553,-7.462431,-24.105495
19:02:37.502,32.5488864294969,32.5488864294969,-7.472029,-23.882249
19:02:37.602,32.176562389197,32.176562389197,-7.481627,-23.659003
19:02:37.702,31.8011755793562,31.8011755793562,-7.491225,-23.435757
19:02:37.802,31.4219223799291,31.4219223799291,-7.500823,-23.212511
19:02:37.902,31.0392005403817,31.0392005403817,-7.510421,-23.012468
19:02:38.002,30.653876295787,30.653876295787,-7.520019,-22.819197
19:02:38.102,30.2668169460347,30.2668169460347,-7.529617,-22.625926
19:02:38.202,29.8788897911828,29.8788897911828,-7.447630,-22.432654
19:02:38.302,29.4909621312896,29.4909621312896,-7.322575,-22.239383
19:02:38.402,29.1039012662441,29.1039012662441,-7.197520,-22.046112
19:02:38.502,28.7185744961605,28.7185744961605,-7.072464,-21.852840
19:02:38.602,28.3358491209286,28.3358491209286,-6.947409,-21.659569
19:02:38.702,27.9565924406066,27.9565924406066,-6.802600,-21.495846
19:02:38.802,27.5816641144284,27.5816641144284,-6.649671,-21.547697
19:02:38.902,27.2111213862511,27.2111213862511,-6.496742,-21.599547
19:02:39.002,26.8435248038372,26.8435248038372,-6.343813,-21.651398
19:02:39.102,26.4772712647916,26.4772712647916,-6.167251,-21.703249
19:02:39.202,26.1107576668795,26.1107576668795,-5.986836,-21.755099
19:02:39.302,25.7423809078666,25.7423809078666,-5.806422,-21.806950
19:02:39.402,25.3705378853574,25.3705378853574,-5.625970,-21.858800
19:02:39.502,24.9936254971722,24.9936254971722,-5.442120,-21.910651
19:02:39.602,24.6100406409134,24.6100406409134,-5.258269,-21.962501
19:02:39.702,24.2181802143469,24.2181802143469,-5.074419,-22.140994
19:02:39.802,23.8164411152437,23.8164411152437,-4.904098,-22.443384
19:02:39.902,23.4034122489741,23.4034122489741,-4.803701,-22.745774
19:02:40.002,22.9798070975148,22.9798070975148,-4.703304,-23.048163
19:02:40.102,22.5476604541772,22.5476604541772,-4.602907,-23.350553
19:02:40.202,22.1090270183072,22.1090270183072,-4.502510,-23.652943
19:02:40.302,21.6659614892544,21.6659614892544,-4.402112,-24.005478
19:02:40.402,21.2205185661744,21.2205185661744,-4.301715,-24.503991
19:02:40.502,20.7747529484811,20.7747529484811,-4.275305,-25.002504
19:02:40.602,20.3307193353293,20.3307193353293,-4.267298,-25.501017
19:02:40.702,19.8904724260689,19.8904724260689,-4.259292,-25.995486
19:02:40.802,19.4560669200473,19.4560669200473,-4.251286,-26.484127
19:02:40.902,19.029556263581,19.029556263581,-4.243280,-26.972768
19:02:41.002,18.6111347222951,18.6111347222951,-4.235273,-27.461409
19:02:41.102,18.1954071883479,18.1954071883479,-4.227267,-27.944487
19:02:41.202,17.7759324874421,17.7759324874421,-4.219261,-28.423257
19:02:41.302,17.3462694452829,17.3462694452829,-4.211255,-28.902026
19:02:41.402,16.8999768873873,16.8999768873873,-4.203248,-29.380796
19:02:41.502,16.4306136395287,16.4306136395287,-4.244896,-29.870192
19:02:41.602,15.9317385272128,15.9317385272128,-4.298613,-30.363769
19:02:41.702,15.3969103761473,15.3969103761473,-4.352331,-30.857346
19:02:41.802,14.8196880120612,14.8196880120612,-4.406049,-31.350923
19:02:41.902,14.1936302604287,14.1936302604287,-4.459767,-31.646981
19:02:42.002,13.5127558787111,13.5127558787111,-4.513485,-31.913935
19:02:42.102,12.7811061757858,12.7811061757858,-4.567203,-32.180888
19:02:42.202,12.0124455872423,12.0124455872423,-4.620920,-32.447842
19:02:42.302,11.220938577981,11.220938577981,-4.674638,-32.714795
19:02:42.402,10.420749612554,10.420749612554,-4.728356,-32.981749
19:02:42.502,9.62604315597374,9.62604315597374,-4.763493,-33.185635
19:02:42.602,8.8509836727915,8.8509836727915,-4.790712,-33.351158
19:02:42.702,8.1097356279078,8.1097356279078,-4.817931,-33.516680
19:02:42.802,7.41646348620352,7.41646348620352,-4.845149,-33.682203
19:02:42.902,6.78533171225932,6.78533171225932,-4.872368,-33.847726
19:02:43.002,6.23050476889045,6.23050476889045,-4.899587,-34.013249
19:02:43.102,5.76080360042698,5.76080360042698,-4.926805,-34.178772
19:02:43.202,5.36414653460461,5.36414653460461,-4.954024,-34.344294
19:02:43.302,5.02334152042874,5.02334152042874,-4.981243,-34.509817
19:02:43.402,4.72119650676129,4.72119650676129,-5.008461,-34.675455
19:02:43.502,4.44051944265466,4.44051944265466,-5.037043,-34.858129
19:02:43.602,4.16411827698826,4.16411827698826,-5.075930,-35.040802
19:02:43.702,3.87480095876313,3.87480095876313,-5.114817,-35.223475
19:02:43.802,3.5553754369878,3.5553754369878,-5.153705,-35.406149
19:02:43.902,3.18864966053043,3.18864966053043,-5.192592,-35.588822
19:02:44.002,2.75743157846219,2.75743157846219,-5.231479,-35.771495
19:02:44.102,2.2445291396187,2.2445291396187,-5.270366,-35.954169
19:02:44.202,1.63305386714273,1.63305386714273,-5.309254,-36.136842
19:02:44.302,0.919387897672814,0.919387897672814,-5.348141,-36.351193
19:02:44.402,0.118054002668421,0.118054002668421,-5.387028,-36.623567
19:02:44.502,-0.755117532743377,-0.755117532743377,-5.519965,-36.895941
19:02:44.602,-1.68429642391978,-1.68429642391978,-5.655239,-37.168315
19:02:44.702,-2.65365238583972,-2.65365238583972,-5.790513,-37.440689
19:02:44.802,-3.64735513345876,-3.64735513345876,-5.867688,-37.713063
19:02:44.902,-4.64957438216917,-4.64957438216917,-5.934493,-37.985437
19:02:45.002,-5.64447984678542,-5.64447984678542,-6.001299,-38.219151
19:02:45.102,-6.61624124270014,-6.61624124270014,-6.068104,-38.429430
19:02:45.202,-7.54902828486879,-7.54902828486879,-6.134909,-38.639710
19:02:45.302,-8.42701068826951,-8.42701068826951,-6.201715,-38.849989
19:02:45.402,-9.23435816826092,-9.23435816826092,-6.312002,-39.060269
19:02:45.502,-9.95525883200359,-9.95525883200359,-6.430900,-39.270548
19:02:45.602,-10.5820880915024,-10.5820880915024,-6.549798,-39.480828
19:02:45.702,-11.1282576736592,-11.1282576736592,-6.668696,-39.691107
19:02:45.802,-11.6105111467074,-11.6105111467074,-6.787594,-39.795714
19:02:45.902,-12.0455920790851,-12.0455920790851,-6.900784,-39.892434
19:02:46.002,-12.4502440389601,-12.4502440389601,-7.009160,-39.989153
19:02:46.102,-12.8412105947479,-12.8412105947479,-7.117535,-40.085872
19:02:46.202,-13.2352353146875,-13.2352353146875,-7.225911,-40.182591
19:02:46.302,-13.6490617670161,-13.6490617670161,-7.334287,-40.279310
19:02:46.402,-14.0994335201519,-14.0994335201519,-7.442663,-40.376030
19:02:46.502,-14.602996343013,-14.602996343013,-7.536986,-40.472749
19:02:46.602,-15.1680020535172,-15.1680020535172,-7.627092,-40.569468
19:02:46.702,-15.7879841267757,-15.7879841267757,-7.717199,-40.468911
19:02:46.802,-16.4549869136576,-16.4549869136576,-7.807306,-40.312188
19:02:46.902,-17.1610547653273,-17.1610547653273,-7.897412,-40.155464
19:02:47.002,-17.8982320325512,-17.8982320325512,-7.987519,-39.998740
19:02:47.102,-18.6585630665141,-18.6585630665141,-8.075971,-39.842016
19:02:47.202,-19.4340922180801,-19.4340922180801,-8.116995,-39.685292
19:02:47.302,-20.2168638381045,-20.2168638381045,-8.158020,-39.528568
19:02:47.402,-20.9989222777853,-20.9989222777853,-8.199044,-39.371844
19:02:47.502,-21.7723118878667,-21.7723118878667,-8.240068,-39.215120
19:02:47.602,-22.5296701825124,-22.5296701825124,-8.281092,-38.947952
19:02:47.702,-23.2696923249797,-23.2696923249797,-8.322117,-38.624371
19:02:47.802,-23.994617386856,-23.994617386856,-8.363141,-38.300789
19:02:47.902,-24.7067291035524,-24.7067291035524,-8.404165,-37.977208
19:02:48.002,-25.4083112100613,-25.4083112100613,-8.445189,-37.653626
19:02:48.102,-26.1016474417872,-26.1016474417872,-8.406785,-37.228244
19:02:48.202,-26.7890215338276,-26.7890215338276,-8.358829,-36.632191
19:02:48.302,-27.4727172212836,-27.4727172212836,-8.310873,-36.036138
19:02:48.402,-28.1550182395544,-28.1550182395544,-8.262917,-35.439860
19:02:48.502,-28.8382083236411,-28.8382083236411,-8.214961,-34.816856
19:02:48.602,-29.5245693182139,-29.5245693182139,-8.167005,-34.193852
19:02:48.702,-30.2148087328895,-30.2148087328895,-8.119049,-33.573021
19:02:48.802,-30.9052046796778,-30.9052046796778,-8.071093,-32.967567
19:02:48.902,-31.5912619776352,-31.5912619776352,-7.959242,-32.362112
19:02:49.002,-32.2684854454182,-32.2684854454182,-7.821774,-31.538677
19:02:49.102,-32.9323799020792,-32.9323799020792,-7.684306,-30.630495
19:02:49.202,-33.5784501663739,-33.5784501663739,-7.546838,-29.627897
19:02:49.302,-34.202201057068,-34.202201057068,-7.409370,-28.601256
19:02:49.402,-34.7991373931985,-34.7991373931985,-7.238819,-27.557360
19:02:49.502,-35.3647639934478,-35.3647639934478,-7.064703,-26.510976
19:02:49.602,-35.8945856768361,-35.8945856768361,-6.888352,-25.427041
19:02:49.702,-36.3843336019451,-36.3843336019451,-6.575281,-24.342830
19:02:49.802,-36.8341922598024,-36.8341922598024,-6.262210,-23.316190
19:02:49.902,-37.2484176626453,-37.2484176626453,-6.139700,-22.301652
19:02:50.002,-37.6314156076045,-37.6314156076045,-6.050528,-21.390283
19:02:50.102,-37.9875918920439,-37.9875918920439,-5.961356,-20.478914
19:02:50.202,-38.3213523131583,-38.3213523131583,-5.872184,-19.716112
19:02:50.302,-38.6371026681556,-38.6371026681556,-5.783012,-19.013951
19:02:50.402,-38.93924875438,-38.93924875438,-5.693840,-18.311790
19:02:50.502,-39.232196368995,-39.232196368995,-5.604668,-17.684309
19:02:50.602,-39.5203513093379,-39.5203513093379,-5.515496,-17.073590
