simtime,hdg_deg_T,pitch_deg,bank_deg
18:45:01.398,180.868754,-1.682331,-0.433428
18:45:01.805,180.847546,-1.719041,-0.457372
18:45:02.398,180.819887,-1.767594,-0.455187
18:45:02.859,180.785815,-1.828799,-0.431685
18:45:03.594,180.746235,-1.901323,-0.408379
18:45:03.938,180.702081,-1.982853,-0.392146
18:45:04.398,180.653012,-2.072367,-0.393450
18:45:05.039,180.599752,-2.166069,-0.400509
18:45:05.594,180.541954,-2.262433,-0.401553
18:45:06.055,180.481028,-2.358832,-0.364904
18:45:07.039,180.420353,-2.452412,-0.288902
18:45:08.164,180.363921,-2.539582,-0.187805
18:45:08.797,180.313958,-2.617238,-0.095371
18:45:09.164,180.269601,-2.683638,-0.039757
18:45:09.594,180.227638,-2.739669,-0.012907
18:45:10.195,180.185066,-2.787872,0.000000
18:45:11.195,180.141000,-2.830045,0.000000
18:45:12.406,180.096682,-2.866380,0.000000
18:45:13.195,180.053859,-2.896552,-0.019474
18:45:13.492,180.012934,-2.920606,-0.059983
18:45:14.414,179.972367,-2.939652,-0.157474
18:45:14.797,179.929482,-2.954968,-0.322809
18:45:15.313,179.882246,-2.967676,-0.528916
18:45:15.594,179.829916,-2.978387,-0.739319
18:45:16.273,179.772612,-2.987133,-0.889682
18:45:16.594,179.711134,-2.993569,-0.979045
18:45:17.180,179.646475,-2.997219,-1.018595
18:45:18.102,179.579921,-2.997602,-1.033586
18:45:18.398,179.512408,-2.994643,-1.056278
18:45:19.070,179.444307,-2.988672,-1.064214
18:45:19.398,179.375735,-2.980447,-1.052400
18:45:20.117,179.306976,-2.970986,-0.995674
18:45:20.797,179.238965,-2.961541,-0.907344
18:45:21.172,179.172902,-2.953333,-0.822240
18:45:22.117,179.110009,-2.947345,-0.764117
18:45:22.594,179.050884,-2.944170,-0.773511
18:45:22.945,178.995104,-2.943925,-0.805188
18:45:23.375,178.941903,-2.946305,-0.810176
18:45:23.797,178.891025,-2.950841,-0.730383
18:45:24.422,178.843052,-2.956928,-0.599850
18:45:24.859,178.798109,-2.963885,-0.503357
18:45:25.195,178.754976,-2.971088,-0.479060
18:45:25.453,178.711662,-2.978034,-0.498173
18:45:25.961,178.666695,-2.984477,-0.500672
18:45:26.398,178.620331,-2.990279,-0.440248
18:45:27.055,178.574226,-2.995132,-0.328258
18:45:27.586,178.530030,-2.998498,-0.200488
18:45:27.992,178.488325,-2.999695,-0.099158
18:45:28.398,178.448781,-2.998130,-0.036095
18:45:29.125,178.411046,-2.993301,-0.011718
18:45:29.594,178.375338,-2.985056,0.000000
18:45:30.227,178.342325,-2.973764,0.000000
18:45:30.813,178.312591,-2.960481,0.000000
18:45:31.984,178.286143,-2.946904,0.000000
18:45:32.563,178.262051,-2.934894,0.000000
18:45:33.031,178.238541,-2.925933,0.000000
18:45:33.492,178.213817,-2.920770,0.000000
18:45:34.055,178.186782,-2.919542,-0.013423
18:45:34.539,178.157263,-2.922037,-0.041347
18:45:35.055,178.125400,-2.927990,-0.113195
18:45:35.547,178.091086,-2.937210,-0.228454
18:45:36.094,178.054173,-2.949548,-0.373126
18:45:36.398,178.015061,-2.964717,-0.498897
18:45:37.094,177.975386,-2.982421,-0.550984
18:45:37.398,177.938026,-3.002491,-0.504136
18:45:38.141,177.906205,-3.024688,-0.380554
18:45:38.711,177.882208,-3.048570,-0.234728
18:45:39.164,177.866620,-3.073469,-0.116933
18:45:39.703,177.858541,-3.098584,-0.043149
18:45:40.234,177.856363,-3.123449,-0.014008
18:45:40.594,177.858649,-3.147782,0.000000
18:45:41.156,177.864232,-3.171800,0.000000
18:45:41.570,177.871776,-3.195952,0.000000
18:45:42.195,177.879560,-3.220835,0.000000
18:45:42.594,177.885559,-3.246930,0.000000
18:45:43.078,177.887974,-3.274409,0.000000
18:45:43.641,177.885766,-3.302415,0.000000
18:45:44.172,177.878732,-3.329209,0.000000
18:45:44.625,177.867105,-3.353320,0.000000
18:45:45.148,177.851229,-3.374468,0.000000
18:45:45.555,177.831433,-3.393246,0.000000
18:45:45.977,177.808179,-3.410246,-0.010121
18:45:46.406,177.782300,-3.425328,-0.031173
18:45:46.984,177.754897,-3.437959,-0.074781
18:45:47.484,177.726820,-3.447598,-0.139709
18:45:47.797,177.698570,-3.453680,-0.203276
18:45:48.070,177.670721,-3.455500,-0.230342
18:45:48.602,177.644370,-3.452672,-0.203276
18:45:49.078,177.621056,-3.444360,-0.139709
18:45:49.500,177.602149,-3.429454,-0.074781
18:45:50.102,177.588251,-3.407058,-0.031173
18:45:50.586,177.579105,-3.376560,-0.010121
18:45:51.031,177.573876,-3.338042,0.000000
18:45:51.438,177.571486,-3.291816,0.000000
18:45:51.797,177.570970,-3.238032,0.000000
18:45:52.398,177.571730,-3.177739,0.000000
18:45:53.023,177.573389,-3.113199,0.000000
18:45:53.398,177.575511,-3.047554,0.000000
18:45:54.148,177.577490,-2.983467,0.000000
18:45:54.594,177.578708,-2.922535,0.000000
18:45:55.023,177.578902,-2.865203,0.000000
18:45:55.438,177.578344,-2.811143,0.000000
18:45:55.797,177.577678,-2.760177,0.000000
18:45:56.516,177.577559,-2.712715,0.000000
18:45:56.984,177.578261,-2.670459,0.000000
18:45:57.531,177.579430,-2.635971,0.000000
18:45:58.023,177.580270,-2.611100,0.000000
18:45:58.570,177.579954,-2.596496,0.000000
18:45:59.156,177.578036,-2.591357,0.000000
18:45:59.617,177.574393,-2.594097,0.000000
18:46:00.055,177.568941,-2.603266,0.000000
18:46:00.539,177.561335,-2.617749,0.000000
18:46:01.070,177.551173,-2.637003,0.000000
18:46:01.586,177.538549,-2.660883,0.000000
18:46:02.164,177.524447,-2.689298,0.000000
18:46:02.750,177.510599,-2.722120,0.000000
18:46:03.195,177.498655,-2.759193,0.000000
18:46:03.875,177.489296,-2.800548,0.000000
18:46:04.398,177.482071,-2.845387,0.000000
18:46:04.945,177.475936,-2.892028,0.000000
18:46:05.383,177.469979,-2.939617,0.000000
18:46:05.789,177.463716,-2.988237,0.000000
18:46:06.344,177.457152,-3.038838,0.000000
18:46:06.797,177.450715,-3.091472,0.000000
18:46:07.523,177.445241,-3.145102,0.000000
18:46:07.797,177.441937,-3.198562,0.000000
18:46:08.422,177.442157,-3.250907,0.000000
18:46:08.930,177.447085,-3.301333,0.000000
18:46:09.398,177.457282,-3.348425,0.000000
18:46:10.055,177.472344,-3.390875,0.000000
18:46:10.477,177.490763,-3.427399,0.000000
18:46:11.063,177.510107,-3.456851,0.000000
18:46:11.469,177.527588,-3.478873,0.000000
18:46:12.031,177.540782,-3.492973,0.000000
18:46:12.398,177.548267,-3.498943,0.000000
18:46:13.164,177.549887,-3.496865,0.000000
18:46:13.750,177.546480,-3.487303,0.000000
18:46:14.328,177.539321,-3.470944,0.000000
18:46:14.594,177.529484,-3.448059,0.000000
18:46:14.891,177.517615,-3.418539,0.000000
18:46:15.195,177.504143,-3.381221,0.000000
18:46:15.820,177.489613,-3.335413,0.000000
18:46:16.398,177.474755,-3.282196,0.000000
18:46:16.813,177.460338,-3.224288,0.000000
18:46:17.266,177.447030,-3.164935,0.000000
18:46:17.727,177.435367,-3.106217,0.000000
18:46:18.188,177.425532,-3.049027,0.000000
18:46:18.680,177.417203,-2.994117,0.000000
18:46:19.188,177.409741,-2.942925,0.000000
18:46:19.734,177.402779,-2.897399,0.000000
18:46:20.273,177.396561,-2.859199,0.000000
18:46:20.711,177.391775,-2.829418,0.000000
18:46:21.195,177.389149,-2.807873,0.000000
18:46:21.742,177.389108,-2.793638,0.000000
18:46:22.289,177.391728,-2.785709,0.000000
18:46:22.828,177.396864,-2.782912,0.000000
18:46:23.359,177.404086,-2.784159,0.000000
18:46:23.883,177.412673,-2.788392,0.000000
18:46:24.336,177.421692,-2.794851,0.000000
18:46:24.797,177.430313,-2.803229,0.000000
18:46:25.289,177.438122,-2.813375,0.000000
18:46:25.797,177.445242,-2.825253,0.000000
18:46:26.195,177.452250,-2.838772,0.000000
18:46:27.008,177.459979,-2.853699,0.000000
18:46:27.523,177.469289,-2.869720,0.000000
18:46:27.797,177.480749,-2.886418,0.000000
18:46:28.359,177.494265,-2.903558,0.000000
18:46:28.789,177.508902,-2.921024,0.000000
18:46:29.352,177.522981,-2.938878,0.000000
18:46:29.766,177.534546,-2.957220,0.000000
18:46:30.289,177.541983,-2.976246,0.000000
18:46:30.594,177.544653,-2.996346,0.000000
18:46:31.164,177.543164,-3.017804,0.000000
18:46:31.688,177.539131,-3.040508,0.000000
18:46:32.156,177.534538,-3.063875,0.000000
18:46:32.688,177.530950,-3.086973,0.000000
18:46:33.195,177.529013,-3.108776,0.000000
18:46:33.703,177.528460,-3.128264,0.000000
18:46:34.117,177.528484,-3.144582,0.000000
18:46:34.523,177.528158,-3.156803,0.000000
18:46:35.055,177.526714,-3.164009,0.000000
18:46:35.578,177.523633,-3.165322,0.000000
18:46:36.133,177.518552,-3.160301,0.000000
18:46:36.711,177.511239,-3.149295,0.000000
18:46:37.195,177.501577,-3.133529,0.000000
18:46:37.859,177.489446,-3.114593,0.000000
18:46:38.266,177.474689,-3.093835,0.000000
18:46:38.594,177.457239,-3.072273,0.000000
18:46:39.195,177.437318,-3.051010,0.000000
18:46:39.836,177.415669,-3.031441,0.000000
18:46:40.242,177.393704,-3.014948,0.000000
18:46:40.781,177.373279,-3.002469,0.000000
18:46:41.367,177.356083,-2.994478,0.000000
18:46:41.781,177.342873,-2.991233,0.000000
18:46:42.281,177.333004,-2.992802,0.000000
18:46:42.797,177.324800,-2.999194,0.000000
18:46:43.195,177.316483,-3.010283,0.000000
18:46:43.883,177.307060,-3.026228,0.000000
18:46:44.195,177.296729,-3.047300,0.000000
18:46:44.867,177.286709,-3.073426,0.000000
18:46:45.352,177.278717,-3.103896,0.000000
18:46:45.797,177.274322,-3.137547,0.000000
18:46:46.195,177.274527,-3.172572,0.000000
18:46:46.906,177.279433,-3.206706,0.000000
18:46:47.359,177.288043,-3.238072,0.000000
18:46:47.797,177.298440,-3.265847,0.000000
18:46:48.453,177.308375,-3.290085,0.000000
18:46:48.898,177.316074,-3.311163,0.000000
18:46:49.398,177.320814,-3.329012,0.000000
18:46:49.930,177.322954,-3.343498,0.000000
18:46:50.398,177.323477,-3.354854,0.000000
18:46:51.000,177.323315,-3.363619,0.000000
18:46:51.523,177.322944,-3.370332,0.000000
18:46:51.797,177.322302,-3.375609,0.000000
18:46:52.070,177.321167,-3.379893,0.000000
18:46:52.398,177.319616,-3.383181,0.000000
18:46:53.125,177.318220,-3.385228,0.000000
18:46:53.539,177.317935,-3.385693,0.000000
18:46:53.797,177.319749,-3.384384,0.000000
18:46:54.133,177.324310,-3.381422,0.000000
18:46:54.656,177.331776,-3.377210,0.000000
18:46:55.063,177.341711,-3.372291,0.000000
18:46:55.617,177.353037,-3.367223,0.000000
18:46:56.141,177.364113,-3.362343,0.000000
18:46:56.602,177.373059,-3.357630,0.000000
18:46:57.023,177.378236,-3.352549,0.000000
18:46:57.523,177.378706,-3.346096,0.000000
18:46:58.031,177.374469,-3.337105,0.000000
18:46:58.555,177.366544,-3.324503,0.000000
18:46:59.109,177.356835,-3.307664,0.000000
18:46:59.594,177.347677,-3.286667,0.000000
18:47:00.141,177.341159,-3.261866,0.000000
18:47:00.586,177.338482,-3.233818,0.000000
18:47:01.148,177.339682,-3.202756,0.000000
18:47:01.594,177.344000,-3.168826,0.000000
18:47:02.227,177.350739,-3.132660,0.000000
18:47:02.797,177.360031,-3.095888,0.000000
18:47:03.195,177.373242,-3.061157,0.011354
18:47:03.781,177.392369,-3.031562,0.034972
18:47:04.797,177.419463,-3.010470,0.099344
18:47:05.594,177.456705,-3.000774,0.215090
18:47:06.195,177.505644,-3.004412,0.386163
18:47:06.758,177.566046,-3.021033,0.584488
18:47:07.797,177.634715,-3.047485,0.766738
18:47:08.195,177.711101,-3.078993,0.873603
18:47:08.914,177.792705,-3.112038,0.856019
18:47:09.484,177.883378,-3.145557,0.710122
18:47:09.953,177.988186,-3.181232,0.490898
18:47:10.594,178.104770,-3.220361,0.276117
18:47:24.594,178.218510,-3.261761,0.128353
18:47:25.797,178.310212,-3.302949,0.044007
18:47:26.594,178.370449,-3.343880,0.010791
18:47:26.922,178.404625,-3.387123,0.000000
18:47:27.195,178.424447,-3.433358,0.000000
18:47:27.797,178.438436,-3.477198,0.000000
18:47:28.594,178.448384,-3.509252,0.000000
18:47:28.875,178.457946,-3.521635,0.000000
18:47:29.797,178.467133,-3.513296,0.000000
18:47:30.398,178.477148,-3.488405,0.000000
18:47:31.031,178.488728,-3.453881,0.000000
18:47:32.078,178.502043,-3.415897,0.000000
18:47:32.398,178.517150,-3.378097,0.000000
18:47:32.984,178.534092,-3.342022,0.000000
18:47:33.594,178.552618,-3.308120,0.000000
18:47:34.039,178.572124,-3.276731,0.000000
18:47:34.797,178.591923,-3.247825,0.000000
18:47:35.109,178.611487,-3.221132,0.000000
18:47:35.398,178.630435,-3.196479,0.000000
18:47:36.031,178.648515,-3.173755,0.000000
18:47:36.594,178.665752,-3.153279,0.000000
18:47:37.148,178.682476,-3.135422,0.000000
18:47:37.680,178.698979,-3.120600,0.000000
18:47:38.133,178.714869,-3.109071,0.000000
18:47:38.680,178.728764,-3.100541,0.000000
18:47:39.133,178.739074,-3.094529,0.000000
18:47:39.727,178.745124,-3.090476,0.000000
18:47:40.203,178.747832,-3.087972,0.000000
18:47:40.609,178.749505,-3.086966,0.000000
18:47:41.055,178.752752,-3.087688,0.000000
18:47:41.648,178.759304,-3.090591,0.000000
18:47:42.063,178.769426,-3.096058,0.000000
18:47:42.539,178.782029,-3.104195,0.000000
18:47:42.797,178.795310,-3.114604,0.000000
18:47:43.523,178.807420,-3.126337,0.000000
18:47:44.016,178.817071,-3.138044,0.000000
18:47:44.547,178.823908,-3.148387,0.000000
18:47:44.797,178.828495,-3.156516,0.000000
18:47:45.195,178.831890,-3.162155,0.000000
18:47:45.469,178.835023,-3.165519,0.000000
18:47:46.070,178.838320,-3.167055,0.000000
18:47:46.398,178.841653,-3.167303,0.000000
18:47:47.086,178.844618,-3.166833,0.000000
18:47:47.492,178.846906,-3.166133,0.000000
18:47:48.070,178.848270,-3.165635,0.000000
18:47:48.398,178.848088,-3.165666,0.000000
18:47:49.086,178.844901,-3.166429,0.000000
18:47:49.664,178.836614,-3.167938,0.000000
18:47:50.164,178.821376,-3.170074,0.000000
18:47:50.609,178.798522,-3.172767,0.000000
18:47:51.039,178.769084,-3.176009,0.000000
18:47:51.563,178.735795,-3.179861,0.000000
18:47:52.094,178.702565,-3.184255,0.000000
18:47:52.672,178.673495,-3.188997,0.000000
18:47:53.203,178.651846,-3.193816,0.000000
18:47:53.633,178.639410,-3.198437,0.000000
18:47:54.063,178.636618,-3.202596,0.000000
18:47:54.555,178.643034,-3.206014,0.000000
18:47:55.055,178.657843,-3.208415,0.000000
18:47:55.539,178.680105,-3.209632,0.000000
18:47:55.992,178.708442,-3.209696,0.000000
18:47:56.438,178.740472,-3.208826,0.000000
18:47:56.984,178.772556,-3.207293,0.000000
18:47:57.445,178.800326,-3.205270,0.000000
18:47:57.797,178.819783,-3.202838,0.000000
18:47:58.313,178.828424,-3.200097,0.000000
18:47:58.820,178.825856,-3.197364,0.000000
18:47:59.391,178.813723,-3.195343,0.000000
18:47:59.828,178.794823,-3.194988,0.000000
18:48:00.422,178.771694,-3.197256,0.000000
18:48:00.945,178.745407,-3.202758,0.000000
18:48:01.477,178.715404,-3.211535,0.000000
18:48:01.953,178.680468,-3.223155,0.000000
18:48:02.398,178.640248,-3.237016,0.000000
18:48:02.992,178.596229,-3.252532,0.000000
18:48:03.563,178.551274,-3.268949,0.000000
18:48:04.055,178.508339,-3.285461,0.000000
18:48:04.500,178.469585,-3.301464,0.000000
18:48:04.992,178.436493,-3.316609,0.000000
18:48:05.461,178.410541,-3.330717,0.000000
18:48:05.875,178.393330,-3.343441,0.000000
18:48:06.383,178.386034,-3.354276,0.000000
18:48:06.797,178.388801,-3.362659,0.000000
18:48:07.195,178.400521,-3.367984,0.000000
18:48:07.742,178.419231,-3.369664,0.000000
18:48:08.336,178.442830,-3.367182,0.000000
18:48:08.789,178.469777,-3.360141,0.000000
18:48:09.219,178.499253,-3.348268,0.000000
18:48:09.695,178.530789,-3.331482,0.000000
18:48:10.250,178.563510,-3.310047,0.000000
18:48:10.773,178.595545,-3.284766,0.000000
18:48:11.305,178.623748,-3.256721,0.000000
18:48:11.766,178.643981,-3.226974,0.000000
18:48:12.195,178.652139,-3.196628,0.000000
18:48:12.758,178.645545,-3.167098,0.000000
18:48:13.195,178.624550,-3.140128,0.000000
18:48:13.875,178.592831,-3.117468,0.000000
18:48:14.781,178.555695,-3.100309,0.000000
18:48:15.242,178.517704,-3.088891,0.000000
18:48:15.594,178.481364,-3.082584,0.000000
18:48:16.398,178.447619,-3.080131,0.000000
18:48:16.758,178.416898,-3.080010,0.000000
18:48:17.305,178.389446,-3.080976,0.000000
18:48:17.594,178.365138,-3.082090,0.000000
18:48:17.859,178.343846,-3.082645,0.000000
18:48:18.195,178.326245,-3.082154,0.000000
18:48:18.961,178.313827,-3.080302,0.000000
18:48:19.477,178.308149,-3.076885,0.000000
18:48:19.953,178.309664,-3.071853,0.000000
18:48:20.500,178.317130,-3.065142,0.000000
18:48:20.938,178.328118,-3.056748,0.000000
18:48:21.422,178.339885,-3.046714,0.000000
18:48:21.797,178.350110,-3.035136,0.000000
18:48:22.438,178.357431,-3.022269,0.000000
18:48:22.797,178.361575,-3.008740,0.000000
18:48:23.461,178.363109,-2.995614,0.000000
18:48:24.055,178.362960,-2.984081,0.000000
18:48:24.594,178.361830,-2.975054,0.000000
18:48:25.172,178.359882,-2.968967,0.000000
18:48:25.594,178.356765,-2.965928,0.000000
18:48:26.164,178.351759,-2.966120,0.000000
18:48:26.570,178.344152,-2.969663,0.000000
18:48:26.984,178.333657,-2.976571,0.000000
18:48:27.578,178.320691,-2.986536,0.000000
18:48:28.164,178.306334,-2.998753,0.000000
18:48:28.688,178.292068,-3.012125,0.000000
18:48:29.125,178.279381,-3.025662,0.000000
18:48:29.547,178.269428,-3.038635,0.000000
18:48:30.078,178.262874,-3.050632,0.000000
18:48:30.398,178.259897,-3.061390,0.000000
18:48:31.008,178.260335,-3.070827,0.000000
18:48:31.398,178.263991,-3.078950,0.000000
18:48:32.086,178.270961,-3.085799,0.000000
18:48:32.500,178.281645,-3.091281,0.000000
18:48:33.023,178.296142,-3.095257,0.000000
18:48:33.594,178.313459,-3.097674,0.000000
18:48:34.063,178.331240,-3.098587,0.000000
18:48:34.594,178.346579,-3.098026,0.000000
18:48:35.156,178.357357,-3.095899,0.000000
18:48:36.070,178.363167,-3.091849,0.000000
18:48:36.594,178.365138,-3.085293,0.000000
18:48:37.047,178.365220,-3.075715,0.000000
18:48:37.398,178.365585,-3.063089,0.000000
18:48:38.133,178.368279,-3.048261,0.000000
18:48:39.133,178.374656,-3.032792,0.000000
18:48:39.398,178.384770,-3.018351,0.000000
18:48:40.055,178.397270,-3.006091,0.000000
18:48:40.625,178.410079,-2.996477,0.000000
18:48:41.094,178.421308,-2.989537,0.000000
18:48:42.094,178.429829,-2.985041,0.000000
18:48:42.594,178.435360,-2.982431,0.000000
18:48:43.117,178.438440,-2.980899,0.000000
18:48:43.594,178.440168,-2.979429,0.000000
18:48:44.141,178.441837,-2.977179,0.000000
18:48:44.594,178.444461,-2.973638,0.000000
18:48:45.133,178.448457,-2.968695,0.000000
18:48:45.594,178.453499,-2.962626,0.000000
18:48:46.141,178.458776,-2.955999,0.000000
18:48:46.586,178.463463,-2.949587,0.000000
18:48:47.156,178.467024,-2.944298,0.000000
18:48:47.594,178.469182,-2.941022,0.000000
18:48:48.078,178.469658,-2.940536,0.000000
18:48:48.398,178.468188,-2.943312,0.000000
18:48:49.016,178.464925,-2.949507,0.000000
18:48:49.797,178.460757,-2.958894,0.000000
18:48:50.594,178.457197,-2.971098,0.000000
18:48:51.117,178.455928,-2.985489,0.000000
18:48:51.797,178.458117,-3.001361,0.000000
18:48:52.195,178.463912,-3.017966,0.000000
18:48:53.336,178.472407,-3.034475,0.000000
18:48:53.750,178.482020,-3.049845,0.000000
18:48:54.195,178.491037,-3.062791,0.000000
18:48:54.727,178.498107,-3.071908,0.000000
18:48:55.141,178.502453,-3.076132,0.000000
18:48:55.594,178.503979,-3.075030,0.000000
18:48:56.180,178.503307,-3.069111,0.000000
18:48:57.211,178.501658,-3.059507,0.000000
18:48:57.594,178.500461,-3.047634,0.000000
18:48:58.109,178.500951,-3.034451,0.000000
18:48:58.594,178.503864,-3.020318,0.000000
18:48:59.195,178.509366,-3.005128,0.000000
18:48:59.688,178.517157,-2.988616,0.000000
18:49:00.242,178.526473,-2.970505,0.000000
18:49:00.656,178.536236,-2.950319,0.000000
18:49:01.227,178.545534,-2.927339,0.000000
18:49:01.672,178.553990,-2.900887,0.000000
18:49:02.133,178.561859,-2.870882,0.000000
18:49:03.031,178.569769,-2.838464,0.000000
18:49:03.398,178.578328,-2.805983,0.000000
18:49:04.109,178.587874,-2.776630,0.000000
18:49:05.117,178.598454,-2.753991,0.000000
18:49:05.594,178.609754,-2.741209,0.000000
18:49:06.188,178.620864,-2.740428,0.000000
18:49:07.195,178.630266,-2.751672,0.000000
18:49:08.234,178.636221,-2.773105,0.000000
18:49:08.672,178.637394,-2.802258,0.000000
18:49:09.094,178.633364,-2.837094,0.000000
18:49:09.398,178.624805,-2.876004,0.000000
18:49:10.016,178.613434,-2.917071,0.000000
18:49:11.039,178.601629,-2.957792,0.000000
18:49:11.633,178.591515,-2.995941,0.000000
18:49:12.156,178.584092,-3.030132,0.000000
18:49:12.797,178.579241,-3.060304,0.000000
18:49:13.180,178.576420,-3.087085,0.000000
18:49:14.258,178.575351,-3.111572,0.000000
18:49:14.773,178.576131,-3.134458,0.000000
18:49:15.313,178.578929,-3.156073,0.000000
18:49:15.594,178.583772,-3.176877,0.000000
18:49:16.203,178.590667,-3.197448,0.000000
18:49:16.797,178.599872,-3.218176,0.000000
18:49:17.398,178.612119,-3.238807,0.000000
18:49:17.898,178.628390,-3.258417,0.000000
18:49:18.195,178.649148,-3.276019,0.000000
18:49:18.898,178.673775,-3.290700,0.000000
18:49:19.594,178.700805,-3.301787,0.000000
18:49:19.945,178.728686,-3.308757,0.000000
18:49:20.367,178.756424,-3.311252,0.000000
18:49:20.969,178.783373,-3.308870,0.000000
18:49:21.398,178.808511,-3.300963,0.000000
18:49:21.961,178.830135,-3.286661,0.000000
18:49:22.797,178.846404,-3.265149,0.000000
18:49:23.398,178.856202,-3.236187,0.000000
18:49:24.047,178.859814,-3.200389,0.000000
18:49:24.594,178.858849,-3.159190,0.000000
18:49:25.164,178.855202,-3.114896,0.000000
18:49:25.797,178.850021,-3.070158,0.000000
18:49:26.180,178.843236,-3.027318,0.000000
18:49:26.664,178.833796,-2.988307,0.000000
18:49:27.195,178.820632,-2.954638,0.000000
18:49:27.594,178.803520,-2.927517,0.000000
18:49:28.203,178.783365,-2.907561,0.000000
18:49:28.594,178.761951,-2.894691,0.000000
18:49:29.203,178.741377,-2.888171,0.000000
18:49:29.750,178.723643,-2.886992,0.000000
18:49:30.195,178.710272,-2.890357,0.000000
18:49:30.836,178.702206,-2.897554,0.000000
18:49:31.305,178.699739,-2.908223,0.000000
18:49:31.594,178.702657,-2.922177,0.000000
18:49:32.422,178.710288,-2.938961,0.000000
18:49:32.797,178.721472,-2.957733,0.000000
18:49:33.195,178.734617,-2.977165,0.000000
18:49:33.805,178.748165,-2.995838,0.000000
18:49:34.336,178.761170,-3.012696,0.000000
18:49:34.594,178.773305,-3.027529,0.000000
18:49:35.273,178.784940,-3.040590,0.000000
18:49:36.227,178.797161,-3.052293,0.000000
18:49:36.594,178.811830,-3.063230,0.000000
18:49:37.359,178.832105,-3.073818,0.011421
18:49:37.930,178.862420,-3.084556,0.076528
18:49:38.383,178.909721,-3.096177,0.254918
18:49:39.492,178.982656,-3.109513,0.633504
18:49:40.398,179.091032,-3.124831,1.299505
18:49:41.477,179.244654,-3.141324,2.219972
18:49:41.797,179.450375,-3.157327,3.282425
18:49:42.445,179.708499,-3.170878,4.316599
18:49:43.289,180.012042,-3.180452,5.256208
18:49:43.742,180.349982,-3.184967,6.048947
18:49:44.313,180.712221,-3.183771,6.735740
18:49:44.797,181.092337,-3.176983,7.304251
18:49:45.422,181.487122,-3.165075,7.783417
18:49:45.797,181.895013,-3.148841,8.161463
18:49:46.391,182.313110,-3.128931,8.358913
18:49:46.797,182.735441,-3.105904,8.371439
18:49:47.539,183.154044,-3.080253,8.238271
18:49:47.984,183.563969,-3.052304,8.149063
18:49:48.453,183.965521,-3.022721,8.169393
18:49:49.039,184.361597,-2.992108,8.305890
18:49:49.398,184.753677,-2.961234,8.433754
18:49:50.125,185.139071,-2.930925,8.340860
18:49:50.398,185.513475,-2.902267,7.936343
18:49:51.195,185.871961,-2.876986,7.191757
18:49:51.688,186.208150,-2.857140,6.304218
18:49:52.594,186.516122,-2.844455,5.483379
18:49:53.172,186.791501,-2.839515,4.852753
18:49:53.633,187.034241,-2.841516,4.458167
18:49:54.398,187.248680,-2.848830,4.195685
18:49:54.688,187.442995,-2.859023,4.046647
18:49:55.195,187.627090,-2.869530,3.904673
18:49:55.617,187.810124,-2.877510,3.766053
18:49:56.195,187.997981,-2.880244,3.578835
18:49:56.633,188.189814,-2.874899,3.302213
18:49:57.398,188.377969,-2.859049,2.918923
18:49:58.594,188.550932,-2.831038,2.476760
18:49:59.570,188.699904,-2.791378,2.084568
18:49:59.977,188.823323,-2.742320,1.788240
18:50:00.398,188.925552,-2.687555,1.607342
18:50:01.508,189.012741,-2.630932,1.516850
18:50:01.797,189.090217,-2.575321,1.505290
18:50:02.102,189.162588,-2.522688,1.533062
18:50:02.625,189.233470,-2.473845,1.553742
18:50:03.063,189.304421,-2.428248,1.532359
18:50:03.617,189.374855,-2.384533,1.475384
18:50:04.125,189.443278,-2.341211,1.396462
18:50:04.578,189.507724,-2.298115,1.275159
18:50:05.039,189.566409,-2.255560,1.148437
18:50:05.539,189.618865,-2.214323,1.034405
18:50:05.797,189.666350,-2.174418,0.948164
18:50:06.070,189.711535,-2.135357,0.875939
18:50:06.484,189.756971,-2.096350,0.780283
18:50:06.797,189.803666,-2.056678,0.649967
18:50:07.609,189.850816,-2.016838,0.495620
18:50:08.039,189.896967,-1.978251,0.389977
18:50:08.578,189.940884,-1.942571,0.365015
18:50:09.141,189.982421,-1.910971,0.427946
18:50:09.398,190.021616,-1.883809,0.519750
18:50:10.109,190.058239,-1.860995,0.554313
18:50:10.398,190.092161,-1.841918,0.505748
18:50:10.648,190.123988,-1.826160,0.380820
18:50:11.172,190.154977,-1.813455,0.234429
18:50:11.594,190.186385,-1.803728,0.116616
18:50:12.188,190.218866,-1.796739,0.055238
18:50:12.734,190.252181,-1.792167,0.051886
18:50:13.195,190.285855,-1.789796,0.091043
18:50:13.750,190.318992,-1.789242,0.170091
18:50:14.328,190.350487,-1.790172,0.247482
18:50:14.594,190.380203,-1.792367,0.280433
18:50:14.844,190.408727,-1.795848,0.247482
18:50:15.352,190.436949,-1.800850,0.170091
18:50:15.914,190.465494,-1.807742,0.091043
18:50:16.195,190.494746,-1.816942,0.037953
18:50:16.516,190.524868,-1.828792,0.012321
18:50:16.992,190.555438,-1.843368,0.000000
18:50:17.555,190.585478,-1.860187,0.000000
18:50:18.023,190.613502,-1.878471,0.000000
18:50:18.398,190.638768,-1.897415,0.000000
18:50:18.922,190.661149,-1.916449,0.000000
18:50:19.195,190.680986,-1.935036,0.000000
18:50:19.836,190.698931,-1.952398,0.000000
18:50:20.398,190.715974,-1.967467,0.000000
18:50:21.000,190.733447,-1.979169,0.000000
18:50:21.492,190.752823,-1.986777,0.000000
18:50:21.992,190.775222,-1.989908,0.000000
18:50:22.438,190.800945,-1.988467,0.000000
18:50:22.961,190.829447,-1.982463,0.000000
18:50:23.391,190.859842,-1.971747,0.011225
18:50:23.797,190.891374,-1.956407,0.034574
18:50:24.352,190.923699,-1.936526,0.082939
18:50:24.813,190.957026,-1.912319,0.154951
18:50:25.289,190.991896,-1.884072,0.225453
18:50:25.594,191.028497,-1.852393,0.255472
18:50:26.586,191.066152,-1.818572,0.225453
18:50:27.398,191.103603,-1.785068,0.154951
18:50:27.906,191.139628,-1.754771,0.082939
18:50:28.359,191.173547,-1.729750,0.045519
18:50:29.320,191.205355,-1.710648,0.044936
18:50:29.797,191.235445,-1.696828,0.080870
18:50:30.195,191.264658,-1.687120,0.151086
18:50:30.859,191.293129,-1.680448,0.219828
18:50:31.195,191.319124,-1.675738,0.249098
18:50:32.398,191.339389,-1.672037,0.219828
18:50:33.547,191.351317,-1.668664,0.151086
18:50:34.109,191.355039,-1.665283,0.080870
18:50:34.594,191.353481,-1.661679,0.033712
18:50:35.195,191.350754,-1.657866,0.010945
18:50:35.695,191.350068,-1.653772,0.000000
18:50:36.000,191.352806,-1.649086,0.000000
18:50:36.625,191.358750,-1.643402,0.000000
18:50:37.156,191.366440,-1.636412,0.000000
18:50:37.578,191.374132,-1.628096,0.000000
18:50:38.398,191.380520,-1.618921,0.000000
18:50:39.195,191.385545,-1.609916,0.000000
18:50:39.734,191.390240,-1.602520,0.000000
18:50:40.594,191.396319,-1.598186,0.000000
18:50:40.852,191.404972,-1.598083,0.000000
18:50:41.398,191.416187,-1.602672,0.000000
18:50:41.945,191.429169,-1.611924,0.000000
18:50:42.195,191.443230,-1.625584,0.000000
18:50:42.883,191.458154,-1.643107,0.000000
18:50:43.398,191.473860,-1.664002,0.000000
18:50:43.805,191.489620,-1.687816,0.000000
18:50:44.250,191.504016,-1.714299,0.000000
18:50:44.750,191.514941,-1.743070,0.000000
18:50:45.195,191.520175,-1.773352,0.000000
18:50:45.664,191.518128,-1.803742,0.000000
18:50:46.703,191.509513,-1.832179,0.000000
18:50:47.273,191.497544,-1.856737,0.000000
18:50:47.688,191.486161,-1.876199,0.000000
18:50:48.234,191.477719,-1.890459,0.000000
18:50:48.766,191.472154,-1.900358,0.000000
18:50:49.211,191.467970,-1.906901,0.000000
18:50:49.656,191.463820,-1.911179,0.000000
18:50:50.094,191.459107,-1.914127,0.000000
18:50:50.508,191.454315,-1.916705,0.000000
18:50:50.977,191.451008,-1.919740,0.000000
18:50:51.406,191.451697,-1.923928,0.000000
18:50:51.898,191.459296,-1.929979,0.000000
18:50:52.195,191.476002,-1.938424,0.000000
18:50:53.219,191.501454,-1.949254,0.000000
18:50:54.297,191.531674,-1.961429,0.000000
18:50:55.297,191.560276,-1.972837,0.000000
18:50:55.797,191.581563,-1.981056,0.000000
18:50:56.328,191.593275,-1.983996,0.000000
18:50:56.594,191.596794,-1.980007,0.000000
18:50:57.227,191.595593,-1.967681,0.000000
18:50:57.805,191.592662,-1.945665,0.000000
18:50:58.195,191.588907,-1.912766,0.000000
18:50:59.195,191.583540,-1.868707,0.000000
18:51:00.094,191.575895,-1.814972,0.000000
18:51:00.594,191.566594,-1.754822,0.000000
18:51:01.172,191.556608,-1.692124,0.000000
18:51:01.703,191.545821,-1.630116,0.000000
18:51:02.203,191.533153,-1.571015,0.000000
18:51:02.797,191.517725,-1.515933,0.000000
18:51:03.242,191.499320,-1.464559,-0.011379
18:51:03.594,191.482165,-1.411360,-0.019438
18:51:04.305,191.472626,-1.349261,-0.035993
18:51:05.344,191.481064,-1.263181,-0.041728
18:51:05.883,191.518924,-1.139409,-0.013043
18:51:06.352,191.590343,-0.971623,0.054580
18:51:08.469,191.684483,-0.769384,0.126763
18:51:23.047,191.777949,-0.556241,0.156484
18:51:23.398,191.848382,-0.355237,0.131430
18:51:23.969,191.887049,-0.179851,0.080305
18:51:24.797,191.899705,-0.033205,0.036708
18:51:25.195,191.898314,0.083526,0.015612
18:51:25.984,191.891758,0.164370,0.000000
18:51:26.398,191.886863,0.203368,0.000000
18:51:27.063,191.886291,0.196203,0.000000
18:51:27.797,191.891254,0.150063,0.000000
18:51:28.078,191.902962,0.076869,0.000000
18:51:29.039,191.922445,-0.009155,0.000000
18:51:30.016,191.949596,-0.094818,0.000000
18:51:31.094,191.982221,-0.170655,0.000000
18:51:32.172,192.016461,-0.230043,0.000000
18:51:33.281,192.048384,-0.271666,0.000000
18:51:33.594,192.075427,-0.298182,0.000000
18:51:34.195,192.096580,-0.314225,0.000000
18:51:35.398,192.111646,-0.323663,0.000000
18:51:36.195,192.120658,-0.329011,0.000000
18:51:36.508,192.123897,-0.330797,0.000000
18:51:37.391,192.122343,-0.328723,0.000000
18:51:38.195,192.117667,-0.322334,0.000000
18:51:38.461,192.111858,-0.311631,0.000000
18:51:39.273,192.106675,-0.296993,0.000000
18:51:39.797,192.103113,-0.278968,0.000000
18:51:40.219,192.101441,-0.257910,0.000000
18:51:40.594,192.101709,-0.233901,0.000000
18:51:41.281,192.104354,-0.206817,0.000000
18:51:41.797,192.110570,-0.176368,0.000000
18:51:42.305,192.121799,-0.142276,0.000000
18:51:42.797,192.138927,-0.103962,0.000000
18:51:43.328,192.161372,-0.060966,0.000000
18:51:43.797,192.186427,-0.013734,0.000000
18:51:44.297,192.209493,0.036067,0.000000
18:51:45.320,192.225532,0.085429,0.000000
18:51:45.797,192.231159,0.130729,0.000000
18:51:46.383,192.225774,0.168317,0.000000
18:51:47.320,192.211047,0.195053,0.000000
18:51:47.594,192.190105,0.208440,0.000000
18:51:48.336,192.166664,0.206828,0.000000
18:51:49.445,192.144201,0.190289,0.000000
18:51:50.578,192.124497,0.161185,0.000000
18:51:51.531,192.107293,0.124588,0.000000
18:51:52.398,192.091645,0.086551,0.000000
18:51:53.398,192.077798,0.052174,0.000000
18:51:54.195,192.067814,0.024232,0.000000
18:51:54.453,192.064659,0.003009,0.000000
18:51:55.195,192.070466,-0.012794,0.000000
18:51:55.563,192.085718,-0.025102,0.000000
18:51:56.438,192.108978,-0.035613,0.000000
18:51:56.797,192.137114,-0.045350,0.000000
18:51:57.398,192.166042,-0.054628,0.000000
18:51:58.539,192.192191,-0.063182,0.000000
18:51:58.797,192.213985,-0.070352,0.000000
18:51:59.195,192.232444,-0.075080,0.000000
18:52:00.414,192.250554,-0.076110,0.000000
18:52:00.797,192.271516,-0.072138,0.000000
18:52:01.445,192.296733,-0.062269,0.000000
18:52:02.461,192.325015,-0.046371,0.000000
18:52:03.320,192.353084,-0.025102,0.000000
18:52:03.797,192.377080,0.000181,0.000000
18:52:04.328,192.393976,0.027776,0.000000
18:52:05.211,192.402323,0.056033,0.000000
18:52:06.242,192.402029,0.083186,0.000000
18:52:06.797,192.394418,0.107763,0.000000
18:52:07.141,192.382031,0.128849,0.000000
18:52:08.148,192.367693,0.146264,0.000000
18:52:08.398,192.354381,0.160286,0.000000
18:52:09.234,192.345415,0.171212,0.000000
18:52:10.195,192.344320,0.179274,0.000000
18:52:11.273,192.353616,0.184737,0.000000
18:52:11.797,192.373498,0.188069,0.010306
18:52:12.320,192.401966,0.189806,0.041511
18:52:13.203,192.436388,0.190360,0.106233
18:52:13.594,192.475386,0.190147,0.214430
18:52:14.203,192.518372,0.189343,0.341814
18:52:14.594,192.563937,0.188039,0.430713
18:52:15.195,192.608329,0.186230,0.429267
18:52:16.195,192.645276,0.183899,0.338418
18:52:17.195,192.668218,0.180934,0.201698
18:52:18.367,192.673244,0.177145,0.075368
18:52:19.438,192.660389,0.172239,-0.028066
18:52:19.797,192.632399,0.165910,-0.118120
18:52:20.422,192.594096,0.158047,-0.186072
18:52:21.195,192.553135,0.148852,-0.200443
18:52:22.352,192.519296,0.138858,-0.154024
18:52:23.289,192.501283,0.128711,-0.037037
18:52:23.797,192.503027,0.118917,0.118204
18:52:24.203,192.522894,0.109602,0.283661
18:52:24.594,192.556333,0.100635,0.434235
18:52:25.289,192.598670,0.091865,0.532244
18:52:25.594,192.645993,0.083171,0.563972
18:52:26.352,192.695480,0.074588,0.548782
18:52:27.000,192.745277,0.066185,0.503265
18:52:27.305,192.793715,0.057927,0.429070
18:52:28.289,192.838585,0.049617,0.321409
18:52:28.797,192.877126,0.040903,0.205298
18:52:29.328,192.906379,0.031377,0.102411
18:52:30.414,192.923918,0.020859,0.042691
18:52:31.336,192.928383,0.009623,0.013860
18:52:31.594,192.919807,-0.001508,0.000000
18:52:32.398,192.900600,-0.011135,0.000000
18:52:33.398,192.876320,-0.017616,0.000000
18:52:34.539,192.853824,-0.019887,0.000000
18:52:35.508,192.837831,-0.018111,0.000000
18:52:36.523,192.827598,-0.013742,0.000000
18:52:37.594,192.819137,-0.008755,0.000000
18:52:38.195,192.807893,-0.004673,0.000000
18:52:38.672,192.793035,-0.002040,0.000000
18:52:39.758,192.777899,-0.000688,0.000000
18:52:40.594,192.767445,-0.000146,0.000000
18:52:41.594,192.764510,0.000013,0.000000
18:52:42.398,192.768212,0.000042,0.000000
18:52:42.672,192.775409,0.000043,0.000000
18:52:43.398,192.783429,0.000043,0.000000
18:52:43.656,192.791543,0.000043,0.000000
18:52:44.570,192.800258,0.000043,0.000000
18:52:45.438,192.809035,0.000043,0.000000
18:52:46.398,192.816663,0.000043,0.000000
18:52:47.438,192.820862,0.000043,0.000000
18:52:47.797,192.820453,0.000043,0.000000
18:52:48.398,192.816199,0.000043,0.000000
18:52:49.531,192.809918,0.000043,0.000000
18:52:49.797,192.802848,0.000043,0.000000
18:52:50.469,192.794638,0.000043,-0.017026
18:52:50.797,192.783691,0.000043,-0.052445
18:52:51.195,192.768037,0.000043,-0.125808
18:52:51.461,192.746406,0.000043,-0.235040
18:52:52.195,192.719667,0.000043,-0.341981
18:52:52.469,192.691293,0.000043,-0.387515
18:52:53.398,192.665869,0.000043,-0.341981
18:52:54.398,192.646522,0.000043,-0.235040
18:52:55.523,192.633458,0.000043,-0.125808
18:52:55.797,192.624818,0.000043,-0.052445
18:52:56.195,192.618658,0.000043,-0.017026
18:52:56.625,192.614330,0.000043,0.000000
18:52:57.195,192.612337,0.000043,0.000000
18:52:57.648,192.613577,0.000043,0.000000
18:52:58.594,192.619035,0.000043,0.000000
18:52:59.398,192.629239,0.000043,0.000000
18:53:00.594,192.643839,0.000043,0.000000
18:53:01.664,192.661338,0.000043,0.000000
18:53:02.398,192.679340,0.000043,0.000000
18:53:02.844,192.695239,0.000043,0.000000
18:53:03.195,192.706980,0.000043,0.000000
18:53:03.891,192.713426,0.000043,0.000000
18:53:04.398,192.714362,0.000043,0.000000
18:53:04.938,192.710468,0.000043,0.000000
18:53:05.594,192.703136,0.000043,0.000000
18:53:06.031,192.694041,0.000043,0.000000
18:53:06.594,192.684609,0.000043,0.000000
18:53:06.930,192.675588,0.000043,0.000000
18:53:07.594,192.666759,0.000043,0.000000
18:53:07.852,192.657151,0.000043,0.000000
18:53:08.398,192.645606,0.000043,0.000000
18:53:08.766,192.631446,0.000043,0.000000
18:53:09.195,192.615043,0.000043,0.000000
18:53:09.758,192.597898,0.000043,0.000000
18:53:10.594,192.582082,0.000043,0.000000
18:53:11.195,192.569450,0.000043,0.000000
18:53:11.797,192.561041,0.000043,0.000000
18:53:12.195,192.556929,0.000043,0.000000
18:53:12.859,192.556523,0.000043,0.000000
18:53:13.195,192.558990,0.000043,0.000000
18:53:13.734,192.563658,0.000043,0.000000
18:53:14.195,192.570221,0.000043,0.000000
18:53:14.727,192.578601,0.000043,0.000000
18:53:15.195,192.588584,0.000043,0.000000
18:53:15.867,192.599519,0.000043,0.000000
18:53:16.398,192.610390,0.000043,0.000000
18:53:16.992,192.620428,0.000043,0.000000
18:53:17.797,192.629920,0.000043,0.000000
18:53:18.164,192.640335,0.000043,0.000000
18:53:18.594,192.654280,0.000043,0.000000
18:53:19.195,192.673465,0.000043,0.000000
18:53:20.359,192.697768,0.000043,0.000000
18:53:21.344,192.725321,0.000043,0.000000
18:53:21.594,192.753731,0.000043,0.000000
18:53:22.383,192.780535,0.000043,0.000000
18:53:23.398,192.803034,0.000043,0.000000
18:53:24.195,192.818514,0.000043,0.000000
18:53:25.367,192.824514,0.000043,0.000000
18:53:26.430,192.819735,0.000043,0.000000
18:53:27.195,192.804848,0.000043,0.000000
18:53:28.195,192.781943,0.000043,0.000000
18:53:29.359,192.754615,0.000043,0.000000
18:53:30.195,192.726824,0.000043,0.000000
18:53:31.141,192.702614,0.000043,0.000000
18:53:32.008,192.685239,0.000043,0.000000
18:53:32.992,192.676763,0.000043,0.009052
18:53:33.797,192.677874,0.000043,0.027884
18:53:34.195,192.688054,0.000046,0.066889
18:53:35.125,192.706194,0.000085,0.124965
18:53:36.133,192.730344,0.000252,0.181824
18:53:36.398,192.757830,0.000750,0.206033
18:53:37.203,192.785623,0.001898,0.181824
18:53:38.039,192.810683,0.004050,0.124965
18:53:38.992,192.830754,0.007420,0.066889
18:53:40.070,192.845243,0.011851,0.027884
18:53:40.594,192.855269,0.016754,0.009052
18:53:41.078,192.862029,0.021242,0.000000
18:53:42.109,192.865308,0.024364,0.000000
18:53:43.031,192.863692,0.025269,0.000000
18:53:43.797,192.856277,0.023258,0.000000
18:53:44.398,192.844356,0.017912,0.000000
18:53:44.992,192.831201,0.009166,0.000000
18:53:45.797,192.820111,-0.002440,0.000000
18:53:46.750,192.812401,-0.015859,0.000000
18:53:47.594,192.807064,-0.029784,0.000000
18:53:48.594,192.802218,-0.043147,0.000000
18:53:48.898,192.796657,-0.055638,0.000000
18:53:49.797,192.790331,-0.067610,0.000000
18:53:50.398,192.783626,-0.079759,0.000000
18:53:51.039,192.776657,-0.092471,0.000000
18:53:52.203,192.769242,-0.105718,0.000000
18:53:52.594,192.761239,-0.119208,0.000000
18:53:53.266,192.752727,-0.132732,0.000000
18:53:53.594,192.743947,-0.146458,0.000000
18:53:54.125,192.735092,-0.160807,0.000000
18:53:54.398,192.726433,-0.176281,0.000000
18:53:55.055,192.718490,-0.193139,0.000000
18:53:55.914,192.712167,-0.211068,0.000000
18:53:56.398,192.708452,-0.229364,0.000000
18:53:56.875,192.708126,-0.247039,0.000000
18:53:57.594,192.711586,-0.263354,0.000000
18:53:57.930,192.718774,-0.277920,0.000000
18:53:58.797,192.729135,-0.290666,0.000000
18:53:59.594,192.741643,-0.301594,0.000000
18:53:59.922,192.754913,-0.310635,0.000000
18:54:00.398,192.767449,-0.317702,0.000000
18:54:00.789,192.777848,-0.322688,0.000000
18:54:01.398,192.785064,-0.325447,0.000000
18:54:01.820,192.788570,-0.325802,0.000000
18:54:02.398,192.788325,-0.323514,0.000000
18:54:02.836,192.784647,-0.318388,0.000000
18:54:03.195,192.778144,-0.310373,0.000000
18:54:03.945,192.769515,-0.299442,0.000000
18:54:04.398,192.759030,-0.285584,0.000000
18:54:04.898,192.746101,-0.268652,0.000000
18:54:05.398,192.729284,-0.248340,0.000000
18:54:05.875,192.706697,-0.224621,0.000000
18:54:06.398,192.676982,-0.197501,0.000000
18:54:06.836,192.640499,-0.166776,0.000000
18:54:07.594,192.600240,-0.131977,0.000000
18:54:08.195,192.561288,-0.092633,0.000000
18:54:08.914,192.528894,-0.048587,0.000000
18:54:09.398,192.506362,-0.000066,0.000000
18:54:09.906,192.494160,0.051958,0.000000
18:54:10.789,192.490594,0.105452,0.000000
18:54:11.797,192.493096,0.157115,0.000000
18:54:12.594,192.499272,0.203475,0.000000
18:54:13.023,192.507426,0.242514,0.000000
18:54:13.594,192.516588,0.274199,0.000000
18:54:14.016,192.526184,0.300036,0.000000
18:54:14.398,192.535518,0.321741,0.000000
18:54:15.031,192.543645,0.340236,0.000000
18:54:15.930,192.549489,0.355513,0.000000
18:54:16.594,192.552333,0.367161,0.000000
18:54:17.016,192.551995,0.374923,0.000000
18:54:17.797,192.548448,0.378899,0.000000
18:54:18.141,192.541478,0.379441,0.000000
18:54:18.398,192.530538,0.376668,0.000000
18:54:19.242,192.514978,0.370433,0.000000
18:54:19.594,192.494698,0.360389,0.000000
18:54:20.234,192.471076,0.346209,0.000000
18:54:21.055,192.447439,0.327888,0.000000
18:54:21.594,192.428414,0.305584,0.000000
18:54:22.188,192.418694,0.279451,0.000000
18:54:22.594,192.421002,0.249447,0.000000
18:54:23.047,192.434574,0.215811,0.000000
18:54:24.195,192.455501,0.179811,0.000000
18:54:25.133,192.478883,0.143690,0.000000
18:54:25.594,192.501557,0.109954,0.000000
18:54:25.977,192.522903,0.080234,0.000000
18:54:26.398,192.543372,0.054878,0.000000
18:54:27.063,192.562424,0.033466,0.000000
18:54:27.594,192.578129,0.015425,0.000000
18:54:28.102,192.588423,0.000489,0.000000
18:54:28.797,192.592441,-0.011499,0.000000
18:54:29.078,192.591137,-0.020745,0.000000
18:54:29.398,192.586489,-0.027558,0.000000
18:54:30.133,192.580176,-0.032253,0.000000
18:54:30.398,192.572740,-0.035005,0.000000
18:54:31.141,192.563574,-0.036033,0.000000
18:54:31.594,192.551771,-0.035562,0.000000
18:54:32.133,192.537086,-0.033854,0.000000
18:54:32.797,192.520072,-0.031176,0.000000
18:54:33.141,192.501509,-0.027766,0.000000
18:54:33.398,192.482572,-0.023927,0.000000
18:54:34.195,192.465200,-0.020201,0.000000
18:54:35.234,192.451885,-0.017322,0.000000
18:54:36.313,192.444230,-0.015922,0.000000
18:54:36.594,192.441269,-0.016123,0.000000
18:54:37.195,192.439649,-0.017316,0.000000
18:54:38.336,192.435513,-0.018237,0.000000
18:54:39.195,192.426552,-0.017457,0.000000
18:54:40.406,192.413157,-0.014027,0.000000
18:54:41.438,192.398204,-0.007910,0.000000
18:54:42.383,192.385682,0.000218,0.000000
18:54:42.797,192.378939,0.009841,0.000000
18:54:43.273,192.379604,0.021187,0.000000
18:54:43.594,192.387543,0.035463,0.000000
18:54:44.281,192.401355,0.054045,0.000000
18:54:45.383,192.418814,0.077521,0.000000
18:54:46.195,192.436926,0.104955,0.000000
18:54:47.367,192.452438,0.133792,0.000000
18:54:48.195,192.463138,0.160686,0.000000
18:54:49.211,192.468628,0.182442,0.000000
18:54:50.297,192.470909,0.196928,0.000000
18:54:50.594,192.473976,0.203337,0.000000
18:54:51.195,192.482335,0.202200,0.000000
18:54:52.398,192.498835,0.195444,0.000000
18:54:53.195,192.522531,0.186038,0.000000
18:54:54.359,192.548777,0.177560,0.000000
18:54:55.336,192.571336,0.173026,0.000000
18:54:55.594,192.585489,0.174184,0.000000
18:54:56.195,192.589994,0.181465,0.000000
18:54:57.188,192.586943,0.194480,0.000000
18:54:57.797,192.580325,0.212557,0.000000
18:54:58.156,192.573907,0.235359,0.000000
18:54:59.227,192.569918,0.262841,0.000000
18:55:00.313,192.568728,0.294695,0.000000
18:55:00.797,192.569217,0.330182,0.000000
18:55:01.258,192.569495,0.368303,0.000000
18:55:01.594,192.567789,0.407661,0.000000
18:55:02.266,192.563533,0.445868,0.000000
18:55:03.273,192.557679,0.479166,0.000000
18:55:04.313,192.552120,0.503826,0.000000
18:55:04.797,192.548479,0.517677,0.000000
18:55:05.195,192.547270,0.520782,0.000000
18:55:06.148,192.547796,0.514266,0.000000
18:55:06.594,192.548506,0.499396,0.000000
18:55:07.125,192.547563,0.476923,0.000000
18:55:07.398,192.543532,0.447158,0.000000
18:55:08.047,192.536012,0.410513,0.000000
18:55:08.984,192.525781,0.367861,0.000000
18:55:09.906,192.514462,0.320482,0.000000
18:55:10.594,192.503943,0.268854,0.000000
18:55:10.992,192.495737,0.210607,0.000000
18:55:11.398,192.490835,0.140463,0.000000
18:55:11.930,192.489613,0.051763,0.000000
18:55:12.797,192.491553,-0.060976,0.000000
18:55:13.797,192.494907,-0.199883,0.000000
18:55:14.398,192.496948,-0.362867,0.000000
18:55:15.102,192.495223,-0.545254,0.000000
18:55:16.070,192.488849,-0.740073,0.000000
18:55:16.797,192.478787,-0.940809,0.000000
18:55:17.094,192.467047,-1.143648,0.000000
18:55:17.594,192.455585,-1.346450,0.000000
18:55:18.063,192.445653,-1.543332,0.000000
18:55:18.594,192.437713,-1.720179,0.000000
18:55:18.930,192.432176,-1.856012,0.000000
18:55:19.398,192.430113,-1.932310,0.010967
18:55:19.883,192.434031,-1.944730,0.047051
18:55:20.195,192.441063,-1.925038,-0.052879
18:55:20.820,192.443587,-1.923941,-0.288943
18:55:21.797,192.422947,-2.003118,-0.888069
18:55:22.398,192.353211,-2.200167,-1.896766
18:55:22.859,192.220604,-2.491107,-2.988467
18:55:23.195,192.042468,-2.796848,-3.560300
18:55:37.805,191.863425,-3.035690,-3.246559
18:55:38.398,191.727273,-3.178158,-2.281093
18:55:38.852,191.651178,-3.249699,-1.239706
18:55:39.797,191.624591,-3.288920,-0.525128
18:55:40.797,191.625799,-3.315340,-0.174793
18:55:41.594,191.638474,-3.326375,0.000000
18:55:41.938,191.650848,-3.325427,0.000000
18:55:42.398,191.658681,-3.312249,0.000000
18:55:42.813,191.661845,-3.287082,0.000000
18:55:43.195,191.661167,-3.252439,0.000000
18:55:43.891,191.658070,-3.209552,0.000000
18:55:44.594,191.653903,-3.159516,0.000000
18:55:44.961,191.648846,-3.103869,0.000000
18:55:46.039,191.641635,-3.045032,0.000000
18:55:46.797,191.630157,-2.985411,-0.009401
18:55:47.219,191.612886,-2.927136,-0.028957
18:55:47.594,191.589946,-2.871139,-0.069464
18:55:48.172,191.562931,-2.817760,-0.129777
18:55:48.797,191.534212,-2.767409,-0.188824
18:55:49.094,191.505931,-2.721340,-0.213965
18:55:50.023,191.479601,-2.681532,-0.188824
18:55:50.398,191.456261,-2.649267,-0.129777
18:55:50.977,191.436847,-2.625236,-0.069464
18:55:51.594,191.422379,-2.609326,-0.028957
18:55:51.898,191.413570,-2.600668,-0.009401
18:55:52.398,191.410129,-2.598122,0.000000
18:55:52.891,191.410121,-2.600084,0.000000
18:55:53.398,191.410406,-2.605242,0.000000
18:55:53.906,191.407912,-2.612328,0.000000
18:55:54.594,191.400887,-2.620551,0.000000
18:55:54.930,191.389644,-2.629358,0.000000
18:55:55.594,191.376264,-2.638576,0.000000
18:55:55.984,191.363538,-2.648285,0.000000
18:55:56.398,191.353971,-2.658685,0.000000
18:55:57.094,191.349271,-2.670130,0.000000
18:55:57.922,191.350176,-2.683121,0.000000
18:55:58.398,191.356619,-2.698340,0.000000
18:55:58.906,191.367725,-2.716478,0.000000
18:55:59.195,191.381705,-2.737946,0.000000
18:55:59.836,191.396325,-2.762536,0.000000
18:56:00.906,191.410087,-2.789035,0.000000
18:56:01.594,191.423206,-2.815680,0.000000
18:56:02.039,191.437935,-2.840870,0.000000
18:56:02.594,191.457119,-2.863796,0.000000
18:56:03.016,191.481561,-2.884243,0.000000
18:56:03.797,191.508552,-2.902034,0.000000
18:56:04.797,191.533156,-2.916791,0.000000
18:56:05.594,191.550927,-2.928039,0.000000
18:56:05.898,191.559799,-2.935505,0.000000
18:56:06.398,191.559999,-2.938951,0.000000
18:56:07.070,191.552875,-2.938292,0.000000
18:56:07.797,191.540254,-2.933681,0.000000
18:56:08.164,191.524418,-2.925528,0.000000
18:56:08.797,191.507399,-2.914482,0.000000
18:56:09.063,191.490665,-2.901332,0.000000
18:56:09.398,191.475318,-2.887009,0.000000
18:56:10.086,191.462531,-2.872796,0.000000
18:56:10.797,191.453678,-2.860265,0.000000
18:56:11.141,191.449909,-2.851185,0.000000
18:56:12.156,191.451497,-2.847525,0.000000
18:56:12.594,191.457734,-2.851533,0.000000
18:56:13.219,191.467457,-2.865743,0.000000
18:56:13.594,191.479493,-2.892692,0.000000
18:56:14.258,191.493000,-2.934320,0.000000
18:56:15.195,191.507610,-2.990800,0.000000
18:56:16.164,191.523301,-3.059791,0.000000
18:56:17.063,191.540193,-3.137269,0.000000
18:56:17.906,191.558201,-3.218326,0.000000
18:56:18.398,191.576729,-3.299425,0.000000
18:56:18.969,191.595061,-3.377768,0.000000
18:56:19.797,191.613296,-3.451710,0.008957
18:56:20.102,191.632851,-3.520284,0.027589
18:56:21.109,191.656567,-3.583692,0.075693
18:56:21.398,191.688122,-3.642974,0.163347
18:56:22.094,191.730382,-3.698993,0.296309
18:56:22.797,191.784194,-3.751994,0.473282
18:56:23.797,191.848321,-3.801338,0.683476
18:56:24.398,191.921358,-3.845951,0.922313
18:56:24.938,192.002511,-3.885472,1.147044
18:56:25.398,192.091870,-3.919976,1.305057
18:56:25.984,192.186504,-3.950801,1.338005
18:56:27.133,192.279752,-3.978708,1.215287
18:56:27.797,192.363785,-4.004190,0.966125
18:56:28.047,192.433502,-4.027369,0.653764
18:56:29.031,192.488135,-4.048602,0.370154
18:56:29.594,192.529806,-4.068399,0.170421
18:56:29.977,192.561057,-4.087000,0.060806
18:56:30.797,192.583874,-4.104319,0.016559
18:56:31.594,192.599397,-4.119896,0.000000
18:56:31.914,192.608273,-4.133103,0.000000
18:56:32.195,192.609810,-4.143505,0.000000
18:56:33.000,192.603761,-4.150985,0.000000
18:56:33.797,192.590703,-4.155886,0.000000
18:56:34.148,192.573441,-4.158465,0.000000
18:56:34.797,192.557375,-4.158724,0.014425
18:56:35.172,192.549398,-4.156487,0.056670
18:56:36.195,192.556031,-4.151354,0.157439
18:56:37.164,192.582417,-4.142769,0.358160
18:56:37.594,192.631099,-4.130052,0.654099
18:56:38.086,192.700957,-4.112642,1.018907
18:56:38.938,192.787766,-4.090720,1.397517
18:56:39.594,192.885670,-4.064637,1.730879
18:56:39.961,192.989924,-4.033977,1.997252
18:56:40.797,193.099015,-3.996777,2.198515
18:56:41.078,193.215352,-3.949948,2.344106
18:56:41.398,193.342188,-3.891391,2.408663
18:56:42.078,193.479164,-3.821486,2.384643
18:56:43.000,193.620624,-3.743597,2.272011
18:56:43.797,193.758499,-3.662582,2.100687
18:56:44.195,193.886629,-3.582749,1.884366
18:56:44.883,194.001046,-3.506921,1.584578
18:56:45.594,194.097835,-3.436670,1.199136
18:56:46.594,194.173325,-3.373828,0.788846
18:56:47.617,194.226431,-3.320948,0.435654
18:56:48.195,194.259395,-3.280614,0.197311
18:56:48.656,194.276049,-3.254329,0.068592
18:56:49.398,194.279785,-3.241732,-0.000483
18:56:50.594,194.272139,-3.241070,-0.074595
18:56:51.195,194.250181,-3.249867,-0.229854
18:56:51.766,194.202439,-3.265934,-0.551879
18:56:52.195,194.108303,-3.287910,-1.091584
18:56:52.734,193.942930,-3.314850,-1.845787
18:56:53.758,193.687225,-3.345425,-2.729808
18:56:54.594,193.336451,-3.377073,-3.641985
18:56:55.594,192.905260,-3.405969,-4.475099
18:56:56.742,192.426492,-3.427878,-5.203677
18:56:57.797,191.940125,-3.439632,-5.824597
18:56:58.594,191.476727,-3.439891,-6.350284
18:56:58.953,191.045786,-3.429480,-6.740960
18:56:59.398,190.641706,-3.410537,-6.870522
18:56:59.906,190.260410,-3.385598,-6.673286
18:57:00.797,189.908534,-3.357048,-6.189635
18:57:01.398,189.597763,-3.326559,-5.565618
18:57:01.742,189.332782,-3.294773,-4.930830
18:57:02.195,189.109286,-3.261384,-4.326272
18:57:02.703,188.919498,-3.225955,-3.775610
18:57:03.398,188.757798,-3.188506,-3.250550
18:57:03.750,188.621895,-3.148874,-2.746116
18:57:04.195,188.510746,-3.106403,-2.211173
18:57:04.875,188.423940,-3.059782,-1.643407
18:57:05.195,188.362055,-3.006776,-1.032446
18:57:05.852,188.328261,-2.946389,-0.403096
18:57:06.594,188.328486,-2.877668,0.258395
18:57:06.875,188.370516,-2.801298,0.964915
18:57:07.594,188.460521,-2.719216,1.673713
18:57:07.859,188.599250,-2.633757,2.286815
18:57:08.797,188.779151,-2.546994,2.700675
18:57:09.594,188.985356,-2.460969,2.899956
18:57:10.594,189.200891,-2.378882,2.965354
18:57:11.195,189.412789,-2.304718,2.967750
18:57:11.727,189.615103,-2.241980,2.965053
18:57:12.609,189.808475,-2.193099,2.967178
18:57:13.195,189.998921,-2.158740,3.041038
18:57:13.648,190.195903,-2.139920,3.164336
18:57:14.195,190.408207,-2.136474,3.323365
18:57:14.758,190.638574,-2.147272,3.432703
18:57:15.703,190.880050,-2.170058,3.492781
18:57:16.594,191.120966,-2.201079,3.543716
18:57:17.398,191.351361,-2.236082,3.578759
18:57:17.688,191.565549,-2.271467,3.534667
18:57:18.594,191.761041,-2.305579,3.360738
18:57:19.195,191.936703,-2.338879,3.078276
18:57:19.680,192.092984,-2.373549,2.772567
18:57:20.195,192.232600,-2.413032,2.486903
18:57:20.711,192.359206,-2.461388,2.214354
18:57:21.195,192.474131,-2.521454,1.893768
18:57:21.859,192.575312,-2.593687,1.519308
18:57:22.797,192.659309,-2.674822,1.096648
18:57:23.594,192.724379,-2.759318,0.700086
18:57:23.883,192.773120,-2.842245,0.417210
18:57:24.398,192.811557,-2.921048,0.277518
18:57:24.891,192.845805,-2.995426,0.237192
18:57:25.195,192.879628,-3.067816,0.223945
18:57:25.906,192.914344,-3.142940,0.189206
18:57:26.797,192.949251,-3.225762,0.130039
18:57:27.398,192.982364,-3.318856,0.069605
18:57:28.008,193.010918,-3.421358,0.029016
18:57:28.398,193.031973,-3.530222,0.009420
18:57:28.883,193.043292,-3.643921,0.000000
18:57:29.594,193.044120,-3.762934,0.000000
18:57:29.891,193.035572,-3.888281,0.000000
18:57:30.195,193.019504,-4.021748,-0.012774
18:57:30.984,192.996609,-4.162680,-0.062384
18:57:31.594,192.964148,-4.306702,-0.193849
18:57:31.922,192.913532,-4.451210,-0.489927
18:57:32.195,192.832189,-4.598993,-0.990696
18:57:33.000,192.708560,-4.758147,-1.699915
18:57:33.797,192.536939,-4.937099,-2.515909
18:57:34.398,192.317437,-5.142675,-3.334870
18:57:34.813,192.054222,-5.375674,-4.005836
18:57:35.719,191.754484,-5.634771,-4.546094
18:57:36.594,191.425068,-5.909520,-5.028509
18:57:37.398,191.070521,-6.175174,-5.454539
18:57:37.703,190.696370,-6.402558,-5.677718
18:57:38.688,190.316022,-6.575999,-5.542707
18:57:39.617,189.952214,-6.703365,-5.083914
18:57:40.594,189.626633,-6.806430,-4.540081
18:57:41.195,189.348117,-6.898750,-4.111465
18:57:41.656,189.110911,-6.977005,-3.865202
18:57:42.195,188.902996,-7.028470,-3.726905
18:57:42.711,188.714999,-7.045868,-3.613741
18:57:43.195,188.543984,-7.025455,-3.400666
18:57:43.648,188.392991,-6.966755,-3.025752
18:57:44.195,188.269172,-6.867124,-2.452444
18:57:44.633,188.182112,-6.724233,-1.706017
18:57:45.664,188.140210,-6.540467,-0.850251
18:57:46.773,188.145780,-6.326749,0.008654
18:57:47.781,188.192313,-6.099894,0.757743
18:57:48.195,188.267926,-5.875867,1.338504
18:57:48.781,188.361417,-5.663474,1.719763
18:57:49.195,188.465937,-5.461026,1.954816
18:57:49.852,188.578583,-5.262352,2.095695
18:57:50.594,188.697804,-5.061436,2.198575
18:57:50.953,188.821538,-4.855235,2.258552
18:57:51.977,188.946102,-4.645715,2.277125
18:57:52.594,189.068154,-4.437783,2.285249
18:57:52.977,189.186678,-4.238725,2.285462
18:57:53.398,189.302199,-4.054094,2.266575
18:57:54.031,189.415030,-3.887354,2.198291
18:57:54.594,189.523914,-3.740623,2.069340
18:57:55.008,189.626429,-3.614672,1.909718
18:57:55.867,189.719812,-3.510420,1.735750
18:57:56.594,189.801642,-3.426230,1.573270
18:57:56.914,189.870292,-3.359888,1.410122
18:57:57.195,189.924384,-3.308222,1.192088
18:57:57.773,189.961179,-3.268581,0.875446
18:57:58.594,189.976408,-3.241162,0.468535
18:57:59.195,189.966817,-3.228153,0.015301
18:57:59.875,189.932413,-3.230880,-0.445061
18:58:00.398,189.875530,-3.247521,-0.899646
18:58:00.789,189.798412,-3.274654,-1.328392
18:58:01.398,189.701536,-3.310504,-1.751461
18:58:01.906,189.583634,-3.354916,-2.165622
18:58:02.594,189.441788,-3.409680,-2.597019
18:58:03.008,189.270371,-3.477618,-3.032170
18:58:03.594,189.062356,-3.562305,-3.395425
18:58:03.969,188.815196,-3.668139,-3.620267
18:58:05.109,188.536909,-3.796825,-3.656845
18:58:06.219,188.247978,-3.944900,-3.543140
18:58:07.195,187.972431,-4.105122,-3.396191
18:58:08.344,187.726400,-4.269751,-3.258486
18:58:08.594,187.514802,-4.434891,-3.076738
18:58:09.195,187.336658,-4.601512,-2.744737
18:58:10.391,187.190462,-4.773802,-2.276783
18:58:10.797,187.074442,-4.954336,-1.729705
18:58:11.367,186.984552,-5.145255,-1.230970
18:58:12.383,186.913398,-5.344879,-0.862905
18:58:13.195,186.852394,-5.549053,-0.638815
18:58:13.484,186.793519,-5.755409,-0.543169
18:58:14.594,186.729272,-5.966849,-0.558819
18:58:15.398,186.653586,-6.188094,-0.676874
18:58:16.195,186.562539,-6.418570,-0.895146
18:58:16.617,186.456635,-6.647605,-1.112818
18:58:17.594,186.343133,-6.857986,-1.223582
18:58:18.766,186.233862,-7.032618,-1.186530
18:58:19.594,186.138443,-7.160200,-1.085936
18:58:19.875,186.059317,-7.235999,-0.999582
18:58:20.398,185.993164,-7.264855,-0.971652
18:58:20.820,185.935764,-7.257139,-0.961101
18:58:21.398,185.886350,-7.224911,-0.891153
18:58:21.719,185.847946,-7.178235,-0.700230
18:58:22.195,185.826107,-7.125116,-0.350274
18:58:22.797,185.827240,-7.071954,0.131491
18:58:23.594,185.856204,-7.023783,0.714419
18:58:23.953,185.914841,-6.983391,1.355198
18:58:24.922,186.000864,-6.949931,1.970205
18:58:25.195,186.108961,-6.918467,2.481648
18:58:25.836,186.233090,-6.880936,2.806552
18:58:26.195,186.368969,-6.826320,2.959520
18:58:26.813,186.516096,-6.746609,3.001228
18:58:27.398,186.678308,-6.641420,3.002862
18:58:27.758,186.860597,-6.515889,2.983049
18:58:28.594,187.062678,-6.371559,2.894848
18:58:29.594,187.275754,-6.206323,2.740337
18:58:30.758,187.485596,-6.022228,2.525594
18:58:31.594,187.679413,-5.831910,2.337498
18:58:32.797,187.851183,-5.654186,2.219871
18:58:33.398,188.000977,-5.502419,2.152131
18:58:33.813,188.131688,-5.378590,2.091213
18:58:34.742,188.246738,-5.278704,2.000669
18:58:35.398,188.350491,-5.196771,1.929720
18:58:35.742,188.448224,-5.127707,1.904847
18:58:36.195,188.543933,-5.066596,1.928408
18:58:36.867,188.637846,-5.009460,1.947349
18:58:37.594,188.724504,-4.952541,1.882501
18:58:37.859,188.794487,-4.894490,1.674495
18:58:38.594,188.837951,-4.836120,1.295293
18:58:39.797,188.848867,-4.779477,0.817725
18:58:40.797,188.828631,-4.727558,0.344546
18:58:41.797,188.785659,-4.683482,-0.056617
18:58:42.797,188.730869,-4.648408,-0.376765
18:58:43.148,188.672460,-4.621368,-0.607835
18:58:43.594,188.614965,-4.599880,-0.697628
18:58:44.141,188.561689,-4.581085,-0.636628
18:58:45.063,188.515883,-4.562692,-0.470752
18:58:45.594,188.480501,-4.543365,-0.280922
18:58:45.977,188.456611,-4.522566,-0.134588
18:58:46.398,188.442451,-4.500286,-0.048756
18:58:47.047,188.434049,-4.476957,-0.012572
18:58:47.398,188.426572,-4.453144,0.000000
18:58:47.938,188.415996,-4.429292,0.000000
18:58:48.594,188.400228,-4.405816,-0.009449
18:58:48.977,188.378810,-4.383281,-0.029105
18:58:50.039,188.351608,-4.362643,-0.079808
18:58:50.797,188.317398,-4.345088,-0.176435
18:58:51.398,188.273165,-4.331608,-0.331159
18:58:51.781,188.215610,-4.322522,-0.538838
18:58:52.711,188.143470,-4.317262,-0.783270
18:58:53.664,188.058820,-4.314637,-1.030545
18:58:54.195,187.967092,-4.313261,-1.206289
18:58:54.742,187.875577,-4.312066,-1.241010
18:58:55.797,187.791221,-4.310313,-1.137327
18:58:56.398,187.718262,-4.307754,-0.955569
18:58:56.781,187.657286,-4.304686,-0.763132
18:58:57.195,187.607351,-4.301969,-0.560373
18:58:57.789,187.569407,-4.300698,-0.340783
18:58:58.711,187.548009,-4.301769,-0.109573
18:58:59.398,187.549912,-4.305166,0.131869
18:58:59.727,187.579796,-4.309671,0.359891
18:59:00.594,187.637042,-4.312819,0.576629
18:59:01.594,187.715439,-4.312012,0.749743
18:59:02.711,187.806456,-4.305556,0.898664
18:59:03.398,187.903915,-4.293721,1.061734
18:59:04.398,188.005951,-4.278733,1.233034
18:59:04.664,188.113350,-4.264292,1.371612
18:59:05.641,188.225048,-4.254401,1.396855
18:59:06.680,188.336133,-4.252494,1.313482
18:59:07.750,188.440164,-4.260279,1.175864
18:59:08.594,188.533524,-4.277626,1.063299
18:59:08.930,188.618359,-4.302549,1.031265
18:59:09.797,188.700389,-4.332777,1.071239
18:59:10.195,188.784390,-4.366338,1.131760
18:59:11.000,188.871132,-4.402134,1.157518
18:59:11.797,188.957203,-4.439126,1.118869
18:59:12.797,189.037832,-4.476280,1.035147
18:59:13.094,189.109157,-4.512255,0.916043
18:59:13.797,189.169227,-4.546112,0.759883
18:59:14.164,189.216208,-4.577199,0.538457
18:59:15.281,189.246776,-4.605433,0.243519
18:59:16.180,189.256392,-4.630694,-0.126539
18:59:17.219,189.241349,-4.653095,-0.559711
18:59:17.594,189.201070,-4.672785,-1.021498
18:59:18.281,189.137679,-4.690625,-1.471436
18:59:18.594,189.054187,-4.707540,-1.867080
18:59:19.000,188.954214,-4.724757,-2.168392
18:59:19.453,188.842743,-4.743124,-2.349766
18:59:20.469,188.726084,-4.763340,-2.439457
18:59:20.797,188.608249,-4.785499,-2.503533
18:59:21.516,188.488328,-4.809454,-2.605689
18:59:21.797,188.361227,-4.834808,-2.750233
18:59:22.367,188.221259,-4.861495,-2.901334
18:59:22.797,188.066748,-4.889369,-2.962018
18:59:23.289,187.903104,-4.917711,-2.876273
18:59:24.195,187.742251,-4.944469,-2.623933
18:59:25.414,187.597200,-4.966823,-2.289406
18:59:25.797,187.475225,-4.982021,-1.960144
18:59:26.414,187.376341,-4.988911,-1.676118
18:59:26.797,187.296535,-4.987339,-1.407389
18:59:27.398,187.232278,-4.978019,-1.129025
18:59:28.195,187.181786,-4.961898,-0.850324
18:59:28.469,187.144313,-4.940068,-0.579985
18:59:29.289,187.120251,-4.913588,-0.321125
18:59:29.594,187.110972,-4.883344,-0.071298
18:59:30.141,187.118220,-4.850247,0.197552
18:59:31.008,187.143106,-4.815506,0.491284
18:59:31.398,187.184326,-4.780370,0.774211
18:59:31.961,187.237844,-4.745898,0.997268
18:59:32.594,187.297901,-4.713091,1.100797
18:59:33.031,187.359324,-4.683064,1.080999
18:59:33.398,187.419458,-4.656334,0.981963
18:59:34.063,187.478460,-4.632760,0.898929
18:59:34.594,187.539112,-4.611210,0.934541
18:59:35.047,187.605597,-4.590029,1.104211
18:59:35.398,187.682498,-4.567249,1.395426
18:59:36.055,187.774675,-4.541112,1.748415
18:59:36.797,187.887108,-4.509817,2.154787
18:59:37.172,188.025799,-4.471912,2.602235
18:59:38.117,188.197841,-4.426171,3.027878
18:59:38.398,188.408848,-4.371918,3.331827
18:59:39.195,188.657127,-4.310458,3.440025
18:59:40.195,188.929509,-4.247481,3.358368
18:59:41.398,189.203195,-4.193451,3.140628
18:59:42.383,189.454940,-4.161796,2.891132
18:59:43.328,189.672483,-4.162968,2.712233
18:59:43.797,189.856773,-4.200389,2.578486
18:59:44.195,190.015415,-4.270295,2.470570
18:59:45.289,190.155133,-4.365412,2.302786
18:59:45.797,190.276524,-4.477604,2.020827
18:59:46.195,190.374862,-4.599427,1.606775
18:59:47.273,190.444199,-4.724458,1.114691
18:59:48.219,190.481903,-4.846982,0.649054
18:59:48.594,190.491015,-4.962521,0.304273
18:59:49.180,190.479655,-5.068930,0.115950
18:59:50.141,190.457440,-5.166222,0.031738
18:59:50.398,190.431553,-5.257231,0.000000
18:59:51.078,190.405498,-5.345727,-0.012035
18:59:51.977,190.378020,-5.434456,-0.052654
18:59:52.398,190.342404,-5.524108,-0.159047
18:59:52.898,190.288884,-5.612830,-0.361393
18:59:53.594,190.208939,-5.696148,-0.667145
18:59:54.594,190.100493,-5.767681,-1.031158
18:59:55.594,189.971166,-5.821237,-1.351704
18:59:56.398,189.835721,-5.852439,-1.555766
18:59:57.602,189.709038,-5.860762,-1.631727
18:59:58.195,189.598956,-5.848629,-1.627084
18:59:58.453,189.504579,-5.819523,-1.575386
18:59:59.000,189.420022,-5.776536,-1.478993
18:59:59.508,189.340579,-5.722814,-1.323478
19:00:00.398,189.265858,-5.662245,-1.110227
19:00:01.195,189.198084,-5.599766,-0.872390
19:00:02.430,189.136949,-5.539434,-0.697097
19:00:02.797,189.076371,-5.482685,-0.671968
19:00:03.398,189.008346,-5.428033,-0.838934
19:00:04.195,188.925591,-5.373701,-1.163444
19:00:05.195,188.826229,-5.318383,-1.518324
19:00:05.492,188.710716,-5.261604,-1.821439
19:00:06.195,188.576782,-5.203543,-2.054704
19:00:06.445,188.419917,-5.143601,-2.317878
19:00:07.398,188.239863,-5.080076,-2.653148
19:00:08.516,188.044683,-5.010969,-2.963465
19:00:08.797,187.849618,-4.935659,-3.044499
19:00:09.555,187.673285,-4.856066,-2.742218
19:00:10.398,187.533040,-4.775673,-2.118604
19:00:11.594,187.439243,-4.697944,-1.384633
19:00:12.195,187.394129,-4.624290,-0.703500
19:00:12.648,187.391985,-4.555266,-0.161781
19:00:13.195,187.427980,-4.489755,0.355191
19:00:13.586,187.505150,-4.425338,0.959123
19:00:14.398,187.631977,-4.360117,1.708364
19:00:14.727,187.812934,-4.293475,2.469051
19:00:15.594,188.038882,-4.227315,3.037653
19:00:16.594,188.286314,-4.164499,3.328232
19:00:17.742,188.528048,-4.108059,3.392379
19:00:18.195,188.744572,-4.058876,3.294021
19:00:18.602,188.927548,-4.016582,3.056933
19:00:19.797,189.077682,-3.981393,2.711559
19:00:20.117,189.200742,-3.954699,2.324245
19:00:20.398,189.304580,-3.938161,1.950161
19:00:21.195,189.395331,-3.931866,1.613040
19:00:22.195,189.476484,-3.935688,1.337102
19:00:22.453,189.550831,-3.950456,1.168173
19:00:23.336,189.623767,-3.978487,1.157293
19:00:23.797,189.702017,-4.022218,1.268269
19:00:24.320,189.791465,-4.083091,1.462427
19:00:24.797,189.896158,-4.161608,1.687075
19:00:25.461,190.016597,-4.256390,1.900627
19:00:26.195,190.149044,-4.363958,2.079223
19:00:27.031,190.286762,-4.478980,2.217370
19:00:27.398,190.420912,-4.596893,2.246925
19:00:28.000,190.540185,-4.715363,2.098720
19:00:28.594,190.632394,-4.834259,1.744415
19:00:29.008,190.689591,-4.954515,1.256754
19:00:29.594,190.712444,-5.077023,0.767807
19:00:30.055,190.709252,-5.200801,0.392208
19:00:30.594,190.688239,-5.322790,0.105956
19:00:31.047,190.647789,-5.441662,-0.183392
19:00:31.398,190.572058,-5.559744,-0.657226
19:00:31.992,190.431110,-5.681592,-1.489473
19:00:32.594,190.185840,-5.809883,-2.705081
19:00:32.914,189.806974,-5.943219,-4.123806
19:00:33.797,189.301183,-6.077460,-5.391899
19:00:35.141,188.717922,-6.208320,-6.295300
19:00:36.008,188.124941,-6.331319,-6.774679
19:00:36.594,187.574418,-6.441386,-6.900277
19:00:37.047,187.085869,-6.533838,-6.733170
19:00:37.797,186.655427,-6.604450,-6.293834
19:00:38.195,186.275297,-6.649769,-5.639173
19:00:39.047,185.944203,-6.668700,-4.861056
19:00:40.047,185.667068,-6.663810,-4.061557
19:00:40.594,185.451772,-6.640826,-3.266780
19:00:40.891,185.304464,-6.606687,-2.399419
19:00:41.398,185.228071,-6.567163,-1.382068
19:00:41.906,185.222713,-6.525276,-0.219540
19:00:42.398,185.283158,-6.482568,0.889359
19:00:42.820,185.394833,-6.439337,1.755224
19:00:43.797,185.537077,-6.396310,2.326602
19:00:44.594,185.690492,-6.354866,2.664966
19:00:44.906,185.841363,-6.315953,2.797188
19:00:45.195,185.981031,-6.278823,2.697190
19:00:45.875,186.103855,-6.241306,2.374118
19:00:46.594,186.206741,-6.201636,1.917667
19:00:46.922,186.290764,-6.159153,1.484480
19:00:47.398,186.361228,-6.114054,1.170328
19:00:47.852,186.423832,-6.065872,0.960860
19:00:48.195,186.478462,-6.014744,0.764381
19:00:48.906,186.517160,-5.963476,0.478428
19:00:49.594,186.526393,-5.917263,0.030168
19:00:50.594,186.492273,-5.881810,-0.545276
19:00:50.852,186.410017,-5.860996,-1.095527
19:00:51.594,186.290710,-5.855451,-1.453995
19:00:52.750,186.163558,-5.862809,-1.440882
19:00:53.398,186.069658,-5.879430,-0.912421
19:00:53.813,186.048460,-5.902176,0.118960
19:00:54.195,186.123943,-5.929347,1.442040
19:00:54.711,186.298121,-5.961029,2.723381
19:00:55.195,186.561674,-5.997622,3.756446
19:00:55.797,186.908053,-6.038893,4.556224
19:00:56.797,187.340509,-6.083642,5.397843
19:00:57.758,187.881586,-6.130591,6.574471
19:00:58.195,188.558476,-6.179138,8.011515
19:00:58.672,189.367327,-6.229618,9.301810
19:00:59.719,190.245674,-6.282486,9.900665
19:01:00.703,191.089096,-6.337749,9.574880
19:01:01.195,191.805719,-6.395361,8.497714
19:01:01.797,192.358476,-6.456311,7.029498
19:01:02.195,192.762519,-6.523719,5.485780
19:01:02.781,193.050702,-6.601049,4.010026
19:01:03.594,193.249436,-6.689471,2.693066
19:01:04.570,193.374377,-6.784999,1.506393
19:01:05.594,193.429606,-6.879659,0.404337
19:01:05.875,193.415826,-6.965582,-0.671901
19:01:06.398,193.335679,-7.038653,-1.755031
19:01:06.828,193.197258,-7.099490,-2.731271
19:01:07.195,193.017061,-7.151593,-3.409524
19:01:07.766,192.818897,-7.198517,-3.616886
19:01:08.195,192.627314,-7.242914,-3.376215
19:01:08.867,192.463120,-7.285872,-2.823959
19:01:09.594,192.346015,-7.327977,-2.095943
19:01:09.906,192.299497,-7.369298,-1.188482
19:01:10.789,192.361948,-7.410431,0.108946
19:01:11.195,192.576568,-7.452060,1.850298
19:01:11.875,192.964475,-7.494777,4.025915
19:01:12.914,193.507206,-7.538407,6.305397
19:01:13.797,194.154082,-7.581795,8.400374
19:01:14.195,194.862187,-7.623399,10.264229
19:01:14.930,195.622610,-7.662134,11.790933
19:01:15.195,196.447381,-7.696640,12.886871
19:01:15.844,197.339645,-7.724279,13.360990
19:01:16.797,198.280904,-7.739885,13.202651
19:01:17.195,199.243676,-7.736590,12.573478
19:01:18.039,200.197098,-7.708764,11.666042
19:01:18.797,201.106512,-7.655366,10.681991
19:01:19.797,201.934266,-7.581331,9.782089
19:01:20.797,202.658176,-7.494777,9.295825
19:01:21.133,203.292049,-7.403188,9.180199
19:01:21.398,203.870290,-7.309037,9.151103
19:01:22.055,204.423085,-7.210804,8.988902
19:01:23.102,204.963906,-7.105579,8.574910
19:01:23.398,205.496307,-6.990741,8.102438
19:01:24.094,206.023166,-6.866367,7.638103
19:01:24.797,206.543949,-6.735224,7.293832
19:01:25.594,207.056647,-6.602617,7.196367
19:01:26.398,207.562970,-6.473843,7.340351
19:01:26.688,208.069436,-6.350409,7.582720
19:01:27.797,208.583550,-6.229240,7.767511
19:01:28.398,209.113582,-6.104413,7.935679
19:01:28.703,209.664128,-5.972220,8.006144
19:01:29.555,210.228696,-5.832138,8.040822
19:01:30.594,210.794252,-5.688348,8.126787
19:01:31.102,211.348843,-5.548069,8.258229
19:01:31.398,211.892720,-5.417147,8.469661
19:01:32.148,212.436267,-5.299053,8.540862
19:01:32.594,212.983653,-5.193078,8.431725
19:01:33.195,213.529417,-5.097002,8.290142
19:01:34.117,214.063435,-5.008758,8.124207
19:01:34.398,214.576012,-4.926679,7.949562
19:01:35.109,215.058986,-4.849407,7.698931
19:01:35.797,215.508777,-4.775089,7.410460
19:01:36.063,215.924035,-4.703594,6.973163
19:01:36.594,216.299854,-4.635215,6.288253
19:01:37.055,216.628293,-4.570921,5.338586
19:01:38.125,216.901145,-4.512500,4.230822
19:01:38.594,217.118246,-4.461595,3.270442
19:01:39.023,217.290786,-4.419670,2.584108
19:01:39.594,217.432569,-4.385729,2.150519
19:01:40.070,217.554063,-4.356354,1.903251
19:01:40.797,217.665361,-4.326441,1.832006
19:01:41.070,217.783116,-4.291129,1.963560
19:01:41.594,217.932463,-4.245565,2.407768
19:01:42.102,218.146646,-4.186337,3.187858
19:01:42.797,218.457304,-4.112327,4.170422
19:01:43.070,218.874986,-4.024429,5.040806
19:01:44.586,219.374489,-3.924554,5.516328
19:01:45.398,219.901947,-3.816959,5.538166
19:01:46.398,220.411556,-3.708444,5.376249
19:01:46.867,220.885628,-3.607136,5.224146
19:01:47.195,221.324823,-3.518621,5.059792
19:01:47.820,221.704115,-3.445300,4.462834
19:01:48.828,221.933261,-3.388572,2.919023
19:01:49.594,221.885867,-3.351230,0.109680
19:01:50.594,221.472843,-3.333469,-3.795247
19:01:51.594,220.706739,-3.331672,-7.939509
19:01:52.195,219.695058,-3.338485,-11.566759
19:01:52.719,218.562849,-3.347143,-14.292064
19:01:53.398,217.385733,-3.353640,-16.187099
19:01:53.656,216.163216,-3.356621,-17.658895
19:01:54.398,214.838052,-3.356075,-18.906125
19:01:54.781,213.309597,-3.338366,-20.223650
19:01:55.195,211.458204,-3.332324,-21.717165
19:01:55.797,209.316746,-3.326185,-23.202827
19:01:56.398,206.969219,-3.356588,-24.457955
19:01:57.594,204.674230,-3.461357,-25.258678
19:01:58.594,202.686320,-3.661016,-25.798040
19:01:59.406,201.124493,-3.944100,-26.133678
19:02:00.414,192.725472,-6.011265,-26.646000
19:02:01.195,189.355173,-5.581198,-25.072000
19:02:02.344,184.963916,-5.191484,-23.700000
19:02:03.344,181.290934,-5.209551,-24.003000
19:02:03.594,180.385899,-5.291575,-24.300000
19:02:04.305,177.792462,-5.686883,-25.204000
19:02:04.797,176.022521,-6.053185,-25.587000
19:02:05.195,174.631101,-6.444568,-25.863000
19:02:06.289,170.888342,-7.861054,-28.186000
19:02:06.594,169.724221,-8.305000,-28.070000
19:02:08.398,162.208901,-7.653418,-21.206000
19:02:09.398,158.319419,-5.108443,-19.706000
19:02:10.313,154.867035,-3.026005,-22.028000
19:02:10.797,152.990301,-2.511681,-24.663000
19:02:11.203,151.427695,-2.467193,-26.951000
19:02:11.594,149.939574,-2.751199,-28.263000
19:02:13.273,143.467276,-4.820458,-29.726000
19:02:14.375,138.749559,-5.607184,-29.845000
19:02:15.344,134.309617,-5.674995,-28.444000
19:02:15.797,132.334594,-5.553679,-26.995000
19:02:16.594,129.107711,-5.104178,-24.553000
19:02:16.906,127.916492,-4.918852,-23.203000
19:02:17.195,126.845174,-4.660848,-21.786000
19:02:17.844,124.414504,-3.601963,-20.855000
19:02:18.797,120.751201,-1.902300,-21.815000
19:02:19.195,119.232935,-1.396324,-22.534000
19:02:19.945,116.268128,-0.752218,-24.919000
19:02:20.797,112.513497,-0.514334,-28.431000
19:02:21.398,109.638081,-0.591629,-29.979000
19:02:21.867,107.323920,-0.665242,-30.719000
19:02:22.594,103.567326,-0.826866,-32.526000
19:02:23.719,97.401369,-1.511003,-34.912000
19:02:24.195,94.770972,-1.909522,-34.757000
19:02:24.625,92.424522,-2.176301,-33.964000
19:02:25.594,87.218926,-2.607062,-32.965000
19:02:26.398,82.961412,-3.022161,-32.955000
19:02:26.844,80.626147,-3.312176,-32.775000
19:02:27.398,77.779002,-3.650443,-31.925000
19:02:27.977,74.846003,-3.882013,-31.284000
19:02:28.797,70.623689,-4.045256,-31.366000
19:02:29.063,69.240129,-4.086104,-31.524000
19:02:29.398,67.486341,-4.135374,-31.595000
19:02:30.039,64.140459,-4.199935,-31.152000
19:02:31.203,58.143434,-4.073050,-29.816000
19:02:31.594,56.166799,-3.935481,-29.190000
19:02:32.234,53.093258,-3.686437,-27.607000
19:02:32.797,50.630133,-3.490817,-25.656000
19:02:33.180,49.081497,-3.362873,-24.649000
19:02:33.797,46.611931,-3.174732,-24.980000
19:02:34.047,45.556078,-3.122133,-25.830000
19:02:34.594,43.109440,-3.089194,-27.679000
19:02:35.008,41.243179,-3.130749,-28.114000
19:02:35.594,38.730826,-3.312650,-27.480000
19:02:35.969,37.210477,-3.486359,-26.988000
19:02:36.594,34.693338,-3.768781,-26.704000
19:02:37.016,33.013928,-3.940097,-26.308000
19:02:37.594,30.793623,-4.137269,-25.138000
19:02:37.977,29.355180,-4.201034,-24.448000
19:02:39.102,25.088840,-4.101666,-23.557000
19:02:39.797,22.368508,-3.863936,-23.646000
19:02:40.086,21.166944,-3.704277,-24.160000
19:02:40.594,18.899574,-3.335273,-25.040000
19:02:41.023,16.950375,-2.941078,-25.430000
19:02:41.594,14.280963,-2.427581,-27.111000
19:02:42.203,11.164193,-2.137044,-30.146000
19:02:43.219,5.408999,-2.336831,-35.646000
19:02:43.594,3.096840,-2.633222,-37.645000
19:02:44.289,358.491361,-3.400982,-39.639000
19:02:44.594,356.482218,-3.747600,-39.286000
19:02:45.383,351.567747,-4.521017,-37.682000
19:02:46.336,345.656382,-5.313709,-37.424000
19:02:47.391,338.738334,-6.070605,-37.961000
19:02:47.797,335.924250,-6.270687,-37.857000
19:02:48.453,331.192263,-6.374516,-37.448000
19:02:48.797,328.596766,-6.325723,-37.424000
19:02:49.508,323.004881,-6.007180,-36.420000
19:02:49.797,320.757748,-5.736592,-35.345000
19:02:50.195,317.644692,-5.216449,-35.098000
19:02:50.500,314.965703,-4.774130,-36.587000
19:02:51.195,307.771087,-3.710021,-40.339000
19:02:51.547,303.746046,-3.148398,-41.836000
