time,lat,lon,alt,Vx,Vy,Vz,source
2022-07-17T18:45:00.749,36.520014,-114.786766,9500,-285.00000,-83.00000,0,ADSB
2022-07-17T18:45:01.906,36.519606,-114.788353,9500,-285.00000,-83.00000,0,ADSB
2022-07-17T18:45:03.000,36.519156,-114.790370,9475,-285.00000,-84.00000,0,ADSB
2022-07-17T18:45:04.094,36.518748,-114.792173,9500,-285.00000,-84.00000,0,ADSB
2022-07-17T18:45:05.076,36.518362,-114.793632,9500,-285.00000,-84.00000,0,ADSB
2022-07-17T18:45:05.998,36.517997,-114.795284,9500,-285.00000,-84.00000,0,ADSB
2022-07-17T18:45:06.967,36.517632,-114.796722,9500,-285.00000,-84.00000,-64,ADSB
2022-07-17T18:45:08.045,36.517224,-114.798546,9500,-285.00000,-85.00000,0,ADSB
2022-07-17T18:45:08.951,36.516881,-114.800005,9500,-285.00000,-85.00000,0,ADSB
2022-07-17T18:45:09.889,36.516452,-114.801636,9500,-285.00000,-85.00000,64,ADSB
2022-07-17T18:45:11.140,36.516044,-114.803460,9500,-285.00000,-85.00000,64,ADSB
2022-07-17T18:45:12.093,36.515615,-114.805069,9500,-285.00000,-85.00000,0,ADSB
2022-07-17T18:45:13.203,36.515164,-114.807065,9500,-286.00000,-85.00000,0,ADSB
2022-07-17T18:45:14.388,36.514735,-114.808824,9500,-286.00000,-85.00000,0,ADSB
2022-07-17T18:45:15.249,36.514392,-114.810326,9500,-286.00000,-85.00000,0,ADSB
2022-07-17T18:45:16.217,36.514049,-114.811807,9500,-286.00000,-85.00000,0,ADSB
2022-07-17T18:45:17.233,36.513619,-114.813588,9500,-286.00000,-85.00000,0,ADSB
2022-07-17T18:45:18.233,36.513255,-114.815068,9500,-286.00000,-86.00000,0,ADSB
2022-07-17T18:45:19.093,36.512868,-114.816570,9500,-286.00000,-86.00000,0,ADSB
2022-07-17T18:45:19.920,36.512504,-114.818051,9500,-286.00000,-85.00000,64,ADSB
2022-07-17T18:45:20.857,36.512139,-114.819489,9500,-286.00000,-85.00000,0,ADSB
2022-07-17T18:45:21.795,36.511796,-114.820969,9500,-286.00000,-85.00000,-64,ADSB
2022-07-17T18:45:22.951,36.511345,-114.822965,9500,-286.00000,-85.00000,-64,ADSB
2022-07-17T18:45:23.873,36.510916,-114.824595,9500,-286.00000,-86.00000,128,ADSB
2022-07-17T18:45:25.043,36.510465,-114.826591,9500,-285.00000,-86.00000,64,ADSB
2022-07-17T18:45:26.122,36.510079,-114.828222,9500,-285.00000,-86.00000,0,ADSB
2022-07-17T18:45:27.137,36.509671,-114.829853,9500,-285.00000,-85.00000,-64,ADSB
2022-07-17T18:45:28.169,36.509306,-114.831333,9500,-285.00000,-85.00000,0,ADSB
2022-07-17T18:45:29.184,36.508942,-114.832942,9500,-285.00000,-84.00000,0,ADSB
2022-07-17T18:45:29.999,36.508534,-114.834595,9500,-285.00000,-84.00000,0,ADSB
2022-07-17T18:45:31.171,36.508126,-114.836397,9500,-285.00000,-83.00000,0,ADSB
2022-07-17T18:45:32.155,36.507761,-114.838049,9500,-285.00000,-83.00000,0,ADSB
2022-07-17T18:45:33.265,36.507289,-114.839981,9500,-285.00000,-83.00000,0,ADSB
2022-07-17T18:45:34.434,36.506839,-114.841805,9500,-285.00000,-83.00000,64,ADSB
2022-07-17T18:45:35.326,36.506495,-114.843242,9500,-285.00000,-83.00000,64,ADSB
2022-07-17T18:45:36.217,36.506152,-114.844723,9500,-285.00000,-83.00000,0,ADSB
2022-07-17T18:45:37.264,36.505744,-114.846525,9500,-285.00000,-83.00000,-64,ADSB
2022-07-17T18:45:38.217,36.505423,-114.847984,9500,-285.00000,-83.00000,-64,ADSB
2022-07-17T18:45:39.155,36.505058,-114.849486,9500,-285.00000,-83.00000,0,ADSB
2022-07-17T18:45:40.170,36.504672,-114.851139,9500,-285.00000,-83.00000,64,ADSB
2022-07-17T18:45:41.295,36.504221,-114.853070,9500,-285.00000,-83.00000,0,ADSB
2022-07-17T18:45:43.233,36.503491,-114.856160,9500,-285.00000,-83.00000,-64,ADSB
2022-07-17T18:45:44.171,36.503148,-114.857683,9500,-285.00000,-83.00000,64,ADSB
2022-07-17T18:45:45.206,36.502719,-114.859486,9500,-285.00000,-83.00000,64,ADSB
2022-07-17T18:45:46.065,36.502397,-114.860752,9500,-285.00000,-83.00000,0,ADSB
2022-07-17T18:45:47.050,36.502032,-114.862404,9500,-285.00000,-83.00000,-64,ADSB
2022-07-17T18:45:47.987,36.501646,-114.863863,9500,-285.00000,-83.00000,-64,ADSB
2022-07-17T18:45:49.145,36.501260,-114.865665,9500,-285.00000,-82.00000,0,ADSB
2022-07-17T18:45:50.092,36.500895,-114.867318,9500,-285.00000,-82.00000,64,ADSB
2022-07-17T18:45:50.951,36.500466,-114.868991,9500,-285.00000,-82.00000,64,ADSB
2022-07-17T18:45:52.248,36.500080,-114.870772,9500,-285.00000,-82.00000,-64,ADSB
2022-07-17T18:45:53.201,36.499693,-114.872403,9500,-285.00000,-82.00000,0,ADSB
2022-07-17T18:45:54.275,36.499243,-114.874334,9500,-285.00000,-81.00000,64,ADSB
2022-07-17T18:45:55.437,36.498835,-114.876137,9500,-285.00000,-81.00000,64,ADSB
2022-07-17T18:45:56.421,36.498492,-114.877660,9500,-285.00000,-81.00000,0,ADSB
2022-07-17T18:45:57.296,36.498148,-114.879119,9500,-285.00000,-80.00000,0,ADSB
2022-07-17T18:45:58.281,36.497741,-114.880879,9500,-285.00000,-80.00000,-64,ADSB
2022-07-17T18:45:59.187,36.497397,-114.882381,9500,-285.00000,-80.00000,-64,ADSB
2022-07-17T18:46:00.170,36.497097,-114.883862,9500,-285.00000,-80.00000,64,ADSB
2022-07-17T18:46:01.248,36.496732,-114.885492,9500,-284.00000,-81.00000,0,ADSB
2022-07-17T18:46:02.311,36.496260,-114.887424,9500,-284.00000,-81.00000,-64,ADSB
2022-07-17T18:46:03.311,36.495895,-114.888904,9500,-284.00000,-81.00000,-128,ADSB
2022-07-17T18:46:04.186,36.495531,-114.890556,9500,-284.00000,-81.00000,-64,ADSB
2022-07-17T18:46:05.186,36.495187,-114.891973,9500,-284.00000,-81.00000,0,ADSB
2022-07-17T18:46:06.217,36.494801,-114.893818,9500,-284.00000,-81.00000,0,ADSB
2022-07-17T18:46:07.030,36.494479,-114.895084,9500,-284.00000,-81.00000,0,ADSB
2022-07-17T18:46:08.046,36.494114,-114.896736,9500,-283.00000,-82.00000,0,ADSB
2022-07-17T18:46:09.030,36.493793,-114.898174,9500,-283.00000,-82.00000,64,ADSB
2022-07-17T18:46:10.045,36.493385,-114.899933,9500,-283.00000,-82.00000,0,ADSB
2022-07-17T18:46:11.139,36.492956,-114.901607,9500,-283.00000,-82.00000,-64,ADSB
2022-07-17T18:46:12.061,36.492591,-114.903195,9500,-284.00000,-82.00000,-64,ADSB
2022-07-17T18:46:13.108,36.492162,-114.905019,9500,-284.00000,-82.00000,64,ADSB
2022-07-17T18:46:14.267,36.491797,-114.906650,9500,-284.00000,-82.00000,0,ADSB
2022-07-17T18:46:15.296,36.491368,-114.908581,9500,-284.00000,-82.00000,0,ADSB
2022-07-17T18:46:16.421,36.490896,-114.910405,9500,-284.00000,-83.00000,64,ADSB
2022-07-17T18:46:17.233,36.490638,-114.911735,9500,-284.00000,-83.00000,0,ADSB
2022-07-17T18:46:18.186,36.490209,-114.913323,9500,-283.00000,-85.00000,0,ADSB
2022-07-17T18:46:19.274,36.489801,-114.914932,9500,-282.00000,-89.00000,-64,ADSB
2022-07-17T18:46:20.140,36.489415,-114.916413,9500,-281.00000,-93.00000,0,ADSB
2022-07-17T18:46:21.046,36.488986,-114.917850,9500,-278.00000,-100.00000,0,ADSB
2022-07-17T18:46:21.968,36.488535,-114.919395,9500,-276.00000,-105.00000,0,ADSB
2022-07-17T18:46:23.109,36.487978,-114.921005,9500,-271.00000,-115.00000,64,ADSB
2022-07-17T18:46:23.937,36.487463,-114.922378,9500,-269.00000,-120.00000,0,ADSB
2022-07-17T18:46:24.835,36.486926,-114.923751,9500,-265.00000,-127.00000,0,ADSB
2022-07-17T18:46:25.703,36.486390,-114.925060,9500,-260.00000,-137.00000,64,ADSB
2022-07-17T18:46:27.016,36.485553,-114.926820,9500,-253.00000,-149.00000,64,ADSB
2022-07-17T18:46:27.922,36.484845,-114.928279,9500,-248.00000,-155.00000,64,ADSB
2022-07-17T18:46:29.109,36.483922,-114.929910,9500,-243.00000,-163.00000,64,ADSB
2022-07-17T18:46:30.218,36.483128,-114.931262,9500,-236.00000,-172.00000,64,ADSB
2022-07-17T18:46:31.093,36.482334,-114.932592,9500,-229.00000,-181.00000,64,ADSB
2022-07-17T18:46:32.046,36.481562,-114.933751,9500,-226.00000,-185.00000,128,ADSB
2022-07-17T18:46:32.952,36.480746,-114.934866,9500,-223.00000,-188.00000,64,ADSB
2022-07-17T18:46:33.921,36.479824,-114.936154,9500,-215.00000,-197.00000,0,ADSB
2022-07-17T18:46:35.030,36.478815,-114.937484,9500,-209.00000,-203.00000,-64,ADSB
2022-07-17T18:46:36.170,36.477785,-114.938729,9500,-206.00000,-206.00000,0,ADSB
2022-07-17T18:46:37.233,36.476712,-114.940059,9500,-202.00000,-210.00000,0,ADSB
2022-07-17T18:46:38.342,36.475704,-114.941196,9500,-201.00000,-211.00000,-64,ADSB
2022-07-17T18:46:39.233,36.474738,-114.942334,9500,-200.00000,-211.00000,-128,ADSB
2022-07-17T18:46:40.217,36.473858,-114.943342,9500,-199.00000,-212.00000,-128,ADSB
2022-07-17T18:46:41.171,36.472785,-114.944630,9500,-200.00000,-212.00000,-64,ADSB
2022-07-17T18:46:41.983,36.471992,-114.945552,9500,-201.00000,-211.00000,-64,ADSB
2022-07-17T18:46:43.202,36.471047,-114.946690,9500,-202.00000,-209.00000,0,ADSB
2022-07-17T18:46:44.077,36.470082,-114.947891,9500,-205.00000,-207.00000,-128,ADSB
2022-07-17T18:46:44.951,36.469202,-114.948964,9500,-207.00000,-205.00000,-64,ADSB
2022-07-17T18:46:45.952,36.468387,-114.950016,9500,-208.00000,-204.00000,0,ADSB
2022-07-17T18:46:46.843,36.467528,-114.951110,9500,-211.00000,-201.00000,64,ADSB
2022-07-17T18:46:47.921,36.466413,-114.952590,9500,-213.00000,-199.00000,-64,ADSB
2022-07-17T18:46:48.984,36.465533,-114.953814,9500,-216.00000,-196.00000,-128,ADSB
2022-07-17T18:46:50.342,36.464417,-114.955337,9500,-219.00000,-193.00000,64,ADSB
2022-07-17T18:46:51.248,36.463537,-114.956603,9500,-221.00000,-191.00000,128,ADSB
2022-07-17T18:46:52.045,36.462636,-114.957891,9500,-222.00000,-191.00000,0,ADSB
2022-07-17T18:46:53.077,36.461885,-114.959049,9500,-222.00000,-190.00000,-64,ADSB
2022-07-17T18:46:53.920,36.461070,-114.960186,9500,-222.00000,-191.00000,0,ADSB
2022-07-17T18:46:54.887,36.460276,-114.961345,9500,-223.00000,-191.00000,64,ADSB
2022-07-17T18:46:56.561,36.458859,-114.963341,9500,-223.00000,-191.00000,128,ADSB
2022-07-17T18:46:57.561,36.457894,-114.964800,9500,-222.00000,-192.00000,0,ADSB
2022-07-17T18:46:58.686,36.456821,-114.966323,9500,-222.00000,-192.00000,64,ADSB
2022-07-17T18:46:59.607,36.456027,-114.967461,9500,-221.00000,-193.00000,64,ADSB
2022-07-17T18:47:00.640,36.455104,-114.968727,9500,-220.00000,-193.00000,0,ADSB
2022-07-17T18:47:01.593,36.454310,-114.969821,9500,-220.00000,-193.00000,0,ADSB
2022-07-17T18:47:02.828,36.453323,-114.971237,9500,-220.00000,-194.00000,0,ADSB
2022-07-17T18:47:03.562,36.452551,-114.972332,9500,-220.00000,-194.00000,0,ADSB
2022-07-17T18:47:04.576,36.451607,-114.973619,9500,-219.00000,-193.00000,0,ADSB
2022-07-17T18:47:05.468,36.450727,-114.974842,9500,-219.00000,-193.00000,0,ADSB
2022-07-17T18:47:06.406,36.449933,-114.975979,9500,-219.00000,-193.00000,-64,ADSB
2022-07-17T18:47:07.250,36.449203,-114.977009,9500,-219.00000,-193.00000,-64,ADSB
2022-07-17T18:47:08.328,36.448259,-114.978404,9500,-219.00000,-192.00000,-128,ADSB
2022-07-17T18:47:09.435,36.447272,-114.979756,9500,-219.00000,-191.00000,-64,ADSB
2022-07-17T18:47:10.499,36.446307,-114.981151,9500,-219.00000,-191.00000,-192,ADSB
2022-07-17T18:47:25.592,36.432939,-114.999797,9300,-210.00000,-195.00000,-832,ADSB
2022-07-17T18:47:26.437,36.432059,-115.001020,9275,-214.00000,-193.00000,-832,ADSB
2022-07-17T18:47:27.437,36.431222,-115.002072,9275,-209.00000,-195.00000,-768,ADSB
2022-07-17T18:47:28.781,36.430063,-115.003595,9250,-209.00000,-195.00000,-768,ADSB
2022-07-17T18:47:29.872,36.428947,-115.005054,9250,-209.00000,-196.00000,-768,ADSB
2022-07-17T18:47:30.936,36.428068,-115.006235,9250,-208.00000,-195.00000,-768,ADSB
2022-07-17T18:47:32.108,36.426995,-115.007694,9225,-208.00000,-195.00000,-768,ADSB
2022-07-17T18:47:33.155,36.426051,-115.008852,9200,-209.00000,-195.00000,-768,ADSB
2022-07-17T18:47:34.280,36.425171,-115.010076,9200,-209.00000,-195.00000,-768,ADSB
2022-07-17T18:47:35.031,36.424356,-115.011127,9175,-209.00000,-195.00000,-832,ADSB
2022-07-17T18:47:35.875,36.423540,-115.012243,9175,-209.00000,-195.00000,-832,ADSB
2022-07-17T18:47:36.922,36.422617,-115.013423,9150,-209.00000,-195.00000,-832,ADSB
2022-07-17T18:47:38.047,36.421652,-115.014732,9150,-209.00000,-195.00000,-832,ADSB
2022-07-17T18:47:39.219,36.420665,-115.016041,9125,-209.00000,-195.00000,-832,ADSB
2022-07-17T18:47:40.405,36.419592,-115.017500,9075,-209.00000,-195.00000,-768,ADSB
2022-07-17T18:47:41.171,36.418755,-115.018551,9075,-209.00000,-195.00000,-768,ADSB
2022-07-17T18:47:42.171,36.417854,-115.019753,9050,-209.00000,-195.00000,-768,ADSB
2022-07-17T18:47:43.171,36.417017,-115.020826,9050,-208.00000,-196.00000,-832,ADSB
2022-07-17T18:47:44.269,36.416008,-115.022156,9025,-207.00000,-196.00000,-832,ADSB
2022-07-17T18:47:45.126,36.415322,-115.023079,9025,-207.00000,-197.00000,-832,ADSB
2022-07-17T18:47:46.470,36.414227,-115.024517,9000,-206.00000,-198.00000,-832,ADSB
2022-07-17T18:47:47.236,36.413262,-115.025654,9000,-204.00000,-199.00000,-768,ADSB
2022-07-17T18:47:48.408,36.412168,-115.027092,8975,-204.00000,-199.00000,-768,ADSB
2022-07-17T18:47:49.435,36.411245,-115.028229,8950,-203.00000,-200.00000,-768,ADSB
2022-07-17T18:47:50.421,36.410344,-115.029366,8950,-202.00000,-200.00000,-768,ADSB
2022-07-17T18:47:51.327,36.409485,-115.030417,8925,-202.00000,-200.00000,-832,ADSB
2022-07-17T18:47:52.343,36.408541,-115.031598,8925,-202.00000,-201.00000,-832,ADSB
2022-07-17T18:47:53.265,36.407619,-115.032756,8900,-202.00000,-201.00000,-896,ADSB
2022-07-17T18:47:54.278,36.406825,-115.033786,8900,-202.00000,-201.00000,-896,ADSB
2022-07-17T18:47:55.108,36.406031,-115.034688,8875,-202.00000,-201.00000,-832,ADSB
2022-07-17T18:47:56.124,36.405129,-115.035889,8875,-202.00000,-201.00000,-768,ADSB
2022-07-17T18:47:57.108,36.404078,-115.037134,8850,-202.00000,-200.00000,-768,ADSB
2022-07-17T18:47:57.921,36.403348,-115.038078,8850,-202.00000,-200.00000,-768,ADSB
2022-07-17T18:47:58.921,36.402404,-115.039237,8825,-202.00000,-200.00000,-768,ADSB
2022-07-17T18:47:59.826,36.401589,-115.040245,8825,-202.00000,-200.00000,-768,ADSB
2022-07-17T18:48:01.015,36.400602,-115.041533,8800,-202.00000,-200.00000,-832,ADSB
2022-07-17T18:48:01.921,36.399658,-115.042691,8775,-202.00000,-200.00000,-832,ADSB
2022-07-17T18:48:03.171,36.398542,-115.044086,8775,-202.00000,-200.00000,-768,ADSB
2022-07-17T18:48:04.249,36.397512,-115.045331,8725,-202.00000,-200.00000,-768,ADSB
2022-07-17T18:48:05.124,36.396675,-115.046382,8725,-202.00000,-200.00000,-768,ADSB
2022-07-17T18:48:06.109,36.395838,-115.047455,8700,-202.00000,-200.00000,-896,ADSB
2022-07-17T18:48:07.282,36.394722,-115.048828,8700,-203.00000,-200.00000,-1088,ADSB
2022-07-17T18:48:08.235,36.393821,-115.049965,8675,-203.00000,-201.00000,-1280,ADSB
2022-07-17T18:48:09.389,36.392663,-115.051403,8650,-203.00000,-201.00000,-1472,ADSB
2022-07-17T18:48:10.578,36.391761,-115.052540,8625,-203.00000,-201.00000,-1536,ADSB
2022-07-17T18:48:11.406,36.390839,-115.053742,8600,-204.00000,-202.00000,-1536,ADSB
2022-07-17T18:48:12.422,36.389980,-115.054793,8575,-204.00000,-202.00000,-1536,ADSB
2022-07-17T18:48:13.390,36.388972,-115.056038,8550,-204.00000,-202.00000,-1472,ADSB
2022-07-17T18:48:14.326,36.388113,-115.057132,8525,-204.00000,-202.00000,-1472,ADSB
2022-07-17T18:48:15.249,36.387277,-115.058162,8500,-203.00000,-202.00000,-1536,ADSB
2022-07-17T18:48:16.093,36.386440,-115.059235,8475,-203.00000,-202.00000,-1536,ADSB
2022-07-17T18:48:17.015,36.385581,-115.060265,8425,-203.00000,-202.00000,-1536,ADSB
2022-07-17T18:48:17.968,36.384723,-115.061338,8400,-203.00000,-202.00000,-1472,ADSB
2022-07-17T18:48:19.077,36.383693,-115.062561,8375,-203.00000,-202.00000,-1472,ADSB
2022-07-17T18:48:19.967,36.382856,-115.063612,8350,-204.00000,-202.00000,-1472,ADSB
2022-07-17T18:48:20.796,36.381998,-115.064685,8325,-204.00000,-202.00000,-1536,ADSB
2022-07-17T18:48:21.796,36.381183,-115.065715,8325,-204.00000,-202.00000,-1536,ADSB
2022-07-17T18:48:22.968,36.380067,-115.067110,8300,-204.00000,-202.00000,-1472,ADSB
2022-07-17T18:48:23.937,36.379123,-115.068290,8250,-204.00000,-202.00000,-1536,ADSB
2022-07-17T18:48:25.076,36.378114,-115.069599,8225,-204.00000,-202.00000,-1600,ADSB
2022-07-17T18:48:26.124,36.377084,-115.070865,8200,-204.00000,-202.00000,-1536,ADSB
2022-07-17T18:48:27.108,36.376162,-115.072024,8175,-204.00000,-202.00000,-1472,ADSB
2022-07-17T18:48:28.313,36.375089,-115.073311,8150,-204.00000,-202.00000,-1472,ADSB
2022-07-17T18:48:29.342,36.374059,-115.074599,8100,-204.00000,-202.00000,-1472,ADSB
2022-07-17T18:48:30.234,36.373222,-115.075672,8075,-204.00000,-202.00000,-1536,ADSB
2022-07-17T18:48:31.312,36.372385,-115.076702,8050,-204.00000,-203.00000,-1536,ADSB
2022-07-17T18:48:32.202,36.371334,-115.078011,8025,-204.00000,-203.00000,-1472,ADSB
2022-07-17T18:48:33.296,36.370518,-115.079041,8000,-204.00000,-203.00000,-1472,ADSB
2022-07-17T18:48:34.109,36.369531,-115.080199,7975,-204.00000,-203.00000,-1600,ADSB
2022-07-17T18:48:34.905,36.368802,-115.081143,7950,-204.00000,-203.00000,-1536,ADSB
2022-07-17T18:48:35.984,36.367857,-115.082324,7925,-204.00000,-204.00000,-1536,ADSB
2022-07-17T18:48:37.046,36.366806,-115.083611,7900,-203.00000,-204.00000,-1536,ADSB
2022-07-17T18:48:38.078,36.365883,-115.084770,7900,-202.00000,-205.00000,-1536,ADSB
2022-07-17T18:48:38.984,36.365025,-115.085821,7850,-201.00000,-205.00000,-1536,ADSB
2022-07-17T18:48:40.091,36.363974,-115.087044,7825,-199.00000,-206.00000,-1536,ADSB
2022-07-17T18:48:40.999,36.363115,-115.088096,7800,-198.00000,-207.00000,-1600,ADSB
2022-07-17T18:48:41.968,36.362236,-115.089104,7750,-196.00000,-207.00000,-1600,ADSB
2022-07-17T18:48:42.749,36.361399,-115.090091,7725,-194.00000,-208.00000,-1600,ADSB
2022-07-17T18:48:43.874,36.360240,-115.091422,7725,-193.00000,-208.00000,-1536,ADSB
2022-07-17T18:48:44.857,36.359253,-115.092537,7675,-191.00000,-208.00000,-1600,ADSB
2022-07-17T18:48:46.124,36.358202,-115.093696,7650,-190.00000,-208.00000,-1600,ADSB
2022-07-17T18:48:47.124,36.357150,-115.094876,7600,-189.00000,-208.00000,-1600,ADSB
2022-07-17T18:48:48.093,36.356184,-115.095992,7575,-188.00000,-207.00000,-1664,ADSB
2022-07-17T18:48:48.984,36.355391,-115.096807,7550,-187.00000,-207.00000,-1600,ADSB
2022-07-17T18:48:49.936,36.354468,-115.097923,7525,-186.00000,-207.00000,-1600,ADSB
2022-07-17T18:48:50.734,36.353567,-115.098846,7500,-185.00000,-206.00000,-1600,ADSB
2022-07-17T18:48:51.953,36.352558,-115.100026,7500,-185.00000,-206.00000,-1600,ADSB
2022-07-17T18:48:53.031,36.351571,-115.101078,7450,-184.00000,-205.00000,-1600,ADSB
2022-07-17T18:48:54.093,36.350455,-115.102301,7400,-183.00000,-205.00000,-1600,ADSB
2022-07-17T18:48:55.201,36.349404,-115.103481,7375,-182.00000,-204.00000,-1600,ADSB
2022-07-17T18:48:56.169,36.348546,-115.104403,7350,-181.00000,-203.00000,-1600,ADSB
2022-07-17T18:48:57.044,36.347709,-115.105369,7325,-181.00000,-203.00000,-1664,ADSB
2022-07-17T18:48:58.154,36.346679,-115.106442,7300,-180.00000,-202.00000,-1664,ADSB
2022-07-17T18:48:59.232,36.345756,-115.107493,7250,-179.00000,-202.00000,-1600,ADSB
2022-07-17T18:49:00.297,36.344748,-115.108631,7225,-179.00000,-201.00000,-1536,ADSB
2022-07-17T18:49:01.281,36.343696,-115.109725,7200,-178.00000,-200.00000,-1600,ADSB
2022-07-17T18:49:02.516,36.342688,-115.110862,7175,-177.00000,-200.00000,-1600,ADSB
2022-07-17T18:49:03.359,36.341765,-115.111892,7125,-177.00000,-199.00000,-1600,ADSB
2022-07-17T18:49:04.451,36.340842,-115.112922,7125,-176.00000,-199.00000,-1600,ADSB
2022-07-17T18:49:05.327,36.340027,-115.113802,7075,-176.00000,-198.00000,-1600,ADSB
2022-07-17T18:49:06.327,36.339018,-115.114918,7050,-175.00000,-198.00000,-1600,ADSB
2022-07-17T18:49:07.202,36.338289,-115.115712,7025,-174.00000,-197.00000,-1536,ADSB
2022-07-17T18:49:08.140,36.337366,-115.116699,7025,-174.00000,-197.00000,-1536,ADSB
2022-07-17T18:49:09.514,36.336164,-115.117965,6950,-172.00000,-197.00000,-1536,ADSB
2022-07-17T18:49:10.452,36.335349,-115.118866,6925,-171.00000,-197.00000,-1536,ADSB
2022-07-17T18:49:11.281,36.334534,-115.119703,6900,-170.00000,-197.00000,-1536,ADSB
2022-07-17T18:49:12.359,36.333611,-115.120711,6875,-169.00000,-198.00000,-1536,ADSB
2022-07-17T18:49:13.968,36.332152,-115.122235,6850,-167.00000,-197.00000,-1664,ADSB
2022-07-17T18:49:15.172,36.331036,-115.123394,6800,-166.00000,-197.00000,-1664,ADSB
2022-07-17T18:49:16.297,36.330049,-115.124424,6750,-165.00000,-197.00000,-1664,ADSB
2022-07-17T18:49:17.125,36.329234,-115.125260,6725,-164.00000,-197.00000,-1600,ADSB
2022-07-17T18:49:17.984,36.328397,-115.126076,6725,-163.00000,-197.00000,-1536,ADSB
2022-07-17T18:49:19.078,36.327410,-115.127127,6675,-163.00000,-197.00000,-1600,ADSB
2022-07-17T18:49:20.171,36.326487,-115.128071,6675,-163.00000,-197.00000,-1600,ADSB
2022-07-17T18:49:21.234,36.325479,-115.129058,6625,-162.00000,-196.00000,-1664,ADSB
2022-07-17T18:49:22.297,36.324470,-115.130110,6600,-161.00000,-196.00000,-1536,ADSB
2022-07-17T18:49:23.563,36.323504,-115.131118,6575,-161.00000,-196.00000,-1536,ADSB
2022-07-17T18:49:24.295,36.322582,-115.132020,6525,-160.00000,-195.00000,-1536,ADSB
2022-07-17T18:49:25.801,36.321294,-115.133286,6500,-160.00000,-195.00000,-1600,ADSB
2022-07-17T18:49:26.832,36.320329,-115.134315,6450,-160.00000,-194.00000,-1600,ADSB
2022-07-17T18:49:27.957,36.319513,-115.135109,6425,-160.00000,-194.00000,-1600,ADSB
2022-07-17T18:49:28.738,36.318698,-115.135968,6400,-160.00000,-193.00000,-1600,ADSB
2022-07-17T18:49:29.638,36.317925,-115.136783,6375,-160.00000,-192.00000,-1600,ADSB
2022-07-17T18:49:30.546,36.317132,-115.137599,6350,-160.00000,-192.00000,-1536,ADSB
2022-07-17T18:49:31.858,36.315866,-115.138886,6300,-160.00000,-192.00000,-1600,ADSB
2022-07-17T18:49:32.890,36.315072,-115.139701,6300,-160.00000,-192.00000,-1664,ADSB
2022-07-17T18:49:33.968,36.314106,-115.140688,6250,-159.00000,-191.00000,-1728,ADSB
2022-07-17T18:49:35.029,36.313205,-115.141633,6250,-159.00000,-191.00000,-1728,ADSB
2022-07-17T18:49:36.124,36.312132,-115.142684,6175,-156.00000,-192.00000,-1664,ADSB
2022-07-17T18:49:37.187,36.311145,-115.143692,6150,-155.00000,-193.00000,-1472,ADSB
2022-07-17T18:49:38.265,36.310329,-115.144486,6125,-153.00000,-194.00000,-1472,ADSB
2022-07-17T18:49:39.046,36.309536,-115.145237,6100,-151.00000,-195.00000,-1536,ADSB
2022-07-17T18:49:40.077,36.308548,-115.146182,6075,-149.00000,-196.00000,-1600,ADSB
2022-07-17T18:49:41.125,36.307626,-115.146997,6050,-147.00000,-197.00000,-1536,ADSB
2022-07-17T18:49:41.938,36.306875,-115.147705,6025,-144.00000,-199.00000,-1536,ADSB
2022-07-17T18:49:42.876,36.305952,-115.148520,6000,-142.00000,-200.00000,-1600,ADSB
2022-07-17T18:49:43.735,36.305094,-115.149186,5975,-139.00000,-202.00000,-1600,ADSB
2022-07-17T18:49:44.936,36.304085,-115.150108,5925,-136.00000,-203.00000,-1600,ADSB
2022-07-17T18:49:45.987,36.303163,-115.150859,5900,-133.00000,-205.00000,-1600,ADSB
2022-07-17T18:49:47.144,36.302004,-115.151739,5875,-129.00000,-207.00000,-1600,ADSB
2022-07-17T18:49:48.316,36.300931,-115.152512,5825,-126.00000,-208.00000,-1600,ADSB
2022-07-17T18:49:49.289,36.300030,-115.153134,5800,-124.00000,-209.00000,-1600,ADSB
2022-07-17T18:49:50.045,36.299193,-115.153778,5775,-121.00000,-210.00000,-1600,ADSB
2022-07-17T18:49:51.624,36.297584,-115.154850,5750,-116.00000,-213.00000,-1600,ADSB
2022-07-17T18:49:52.718,36.296511,-115.155602,5700,-112.00000,-214.00000,-1600,ADSB
2022-07-17T18:49:53.781,36.295524,-115.156181,5700,-110.00000,-215.00000,-1600,ADSB
2022-07-17T18:49:54.873,36.294322,-115.156932,5650,-107.00000,-216.00000,-1664,ADSB
2022-07-17T18:49:55.952,36.293206,-115.157597,5625,-105.00000,-217.00000,-1664,ADSB
2022-07-17T18:49:56.952,36.292305,-115.158112,5575,-103.00000,-217.00000,-1600,ADSB
2022-07-17T18:49:57.890,36.291404,-115.158627,5550,-102.00000,-218.00000,-1600,ADSB
2022-07-17T18:49:58.843,36.290309,-115.159271,5525,-101.00000,-218.00000,-1664,ADSB
2022-07-17T18:49:59.826,36.289408,-115.159786,5475,-100.00000,-218.00000,-1664,ADSB
2022-07-17T18:50:00.749,36.288486,-115.160322,5475,-100.00000,-218.00000,-1664,ADSB
2022-07-17T18:50:01.624,36.287563,-115.160816,5450,-99.00000,-218.00000,-1600,ADSB
2022-07-17T18:50:02.515,36.286554,-115.161374,5400,-99.00000,-218.00000,-1600,ADSB
2022-07-17T18:50:03.468,36.285653,-115.161910,5375,-98.00000,-217.00000,-1536,ADSB
2022-07-17T18:50:04.545,36.284537,-115.162532,5350,-98.00000,-217.00000,-1536,ADSB
2022-07-17T18:50:05.468,36.283722,-115.162983,5300,-98.00000,-217.00000,-1536,ADSB
2022-07-17T18:50:06.343,36.282713,-115.163498,5300,-98.00000,-217.00000,-1600,ADSB
2022-07-17T18:50:07.328,36.281834,-115.164013,5275,-98.00000,-216.00000,-1600,ADSB
2022-07-17T18:50:08.531,36.280739,-115.164635,5225,-98.00000,-216.00000,-1600,ADSB
2022-07-17T18:50:09.561,36.279731,-115.165215,5200,-98.00000,-216.00000,-1600,ADSB
2022-07-17T18:50:10.594,36.278551,-115.165837,5175,-98.00000,-216.00000,-1600,ADSB
2022-07-17T18:50:11.734,36.277413,-115.166459,5150,-97.00000,-216.00000,-1600,ADSB
2022-07-17T18:50:12.547,36.276534,-115.166996,5125,-97.00000,-215.00000,-1600,ADSB
2022-07-17T18:50:13.766,36.275418,-115.167575,5100,-97.00000,-215.00000,-1600,ADSB
2022-07-17T18:50:14.717,36.274431,-115.168154,5075,-97.00000,-215.00000,-1600,ADSB
2022-07-17T18:50:15.874,36.273229,-115.168798,5025,-97.00000,-215.00000,-1600,ADSB
2022-07-17T18:50:17.015,36.272135,-115.169399,5000,-96.00000,-215.00000,-1664,ADSB
2022-07-17T18:50:17.921,36.271276,-115.169914,4975,-96.00000,-215.00000,-1792,ADSB
2022-07-17T18:50:18.828,36.270354,-115.170429,4925,-96.00000,-214.00000,-1920,ADSB
2022-07-17T18:50:19.873,36.269259,-115.171030,4900,-95.00000,-214.00000,-1920,ADSB
2022-07-17T18:50:20.937,36.268380,-115.171502,4850,-95.00000,-213.00000,-1664,ADSB
2022-07-17T18:50:21.859,36.267500,-115.171952,4825,-95.00000,-212.00000,-1408,ADSB
2022-07-17T18:50:22.765,36.266599,-115.172489,4825,-95.00000,-212.00000,-1472,ADSB
2022-07-17T18:50:23.750,36.265547,-115.173068,4800,-94.00000,-211.00000,-1600,ADSB
2022-07-17T18:50:24.788,36.264453,-115.173626,4750,-93.00000,-210.00000,-1664,ADSB
2022-07-17T18:50:25.787,36.263487,-115.174141,4750,-92.00000,-210.00000,-1728,ADSB
2022-07-17T18:50:27.178,36.262243,-115.174828,4700,-90.00000,-209.00000,-1600,ADSB
2022-07-17T18:50:28.271,36.261148,-115.175407,4650,-89.00000,-209.00000,-1600,ADSB
2022-07-17T18:50:29.178,36.260290,-115.175879,4625,-89.00000,-209.00000,-1664,ADSB
2022-07-17T18:50:30.124,36.259410,-115.176308,4600,-88.00000,-208.00000,-1536,ADSB
2022-07-17T18:50:31.031,36.258552,-115.176759,4575,-88.00000,-208.00000,-1472,ADSB
2022-07-17T18:50:32.125,36.257393,-115.177381,4550,-88.00000,-207.00000,-1472,ADSB
2022-07-17T18:50:33.094,36.256471,-115.177853,4525,-87.00000,-206.00000,-1472,ADSB
2022-07-17T18:50:34.110,36.255612,-115.178325,4500,-86.00000,-206.00000,-1600,ADSB
2022-07-17T18:50:35.155,36.254561,-115.178862,4475,-86.00000,-206.00000,-1664,ADSB
2022-07-17T18:50:36.438,36.253574,-115.179312,4425,-84.00000,-206.00000,-1600,ADSB
2022-07-17T18:50:38.094,36.251857,-115.180192,4400,-82.00000,-206.00000,-1600,ADSB
2022-07-17T18:50:38.907,36.251042,-115.180600,4350,-81.00000,-206.00000,-1536,ADSB
2022-07-17T18:50:39.968,36.250076,-115.181072,4300,-80.00000,-206.00000,-1536,ADSB
2022-07-17T18:50:40.891,36.249197,-115.181415,4275,-78.00000,-205.00000,-1600,ADSB
2022-07-17T18:50:41.797,36.248145,-115.181930,4250,-77.00000,-205.00000,-1600,ADSB
2022-07-17T18:50:42.626,36.247416,-115.182273,4250,-77.00000,-205.00000,-1600,ADSB
2022-07-17T18:50:43.688,36.246450,-115.182724,4200,-77.00000,-205.00000,-1536,ADSB
2022-07-17T18:50:44.749,36.245377,-115.183239,4175,-76.00000,-205.00000,-1664,ADSB
2022-07-17T18:50:45.859,36.244347,-115.183690,4150,-76.00000,-204.00000,-1728,ADSB
2022-07-17T18:50:47.172,36.243017,-115.184269,4125,-75.00000,-204.00000,-1664,ADSB
2022-07-17T18:50:48.141,36.242180,-115.184698,4075,-75.00000,-204.00000,-1536,ADSB
2022-07-17T18:50:49.250,36.241150,-115.185127,4025,-74.00000,-204.00000,-1536,ADSB
2022-07-17T18:50:50.124,36.240313,-115.185513,4000,-74.00000,-203.00000,-1600,ADSB
2022-07-17T18:50:51.078,36.239455,-115.185878,4000,-74.00000,-203.00000,-1600,ADSB
2022-07-17T18:50:51.938,36.238639,-115.186265,3975,-73.00000,-203.00000,-1600,ADSB
2022-07-17T18:50:53.125,36.237481,-115.186737,3950,-73.00000,-202.00000,-1600,ADSB
2022-07-17T18:50:54.094,36.236537,-115.187209,3925,-73.00000,-202.00000,-1600,ADSB
2022-07-17T18:50:55.029,36.235700,-115.187531,3875,-72.00000,-202.00000,-1600,ADSB
2022-07-17T18:50:55.905,36.234863,-115.187917,3850,-72.00000,-201.00000,-1600,ADSB
2022-07-17T18:50:56.827,36.234047,-115.188324,3825,-71.00000,-201.00000,-1600,ADSB
2022-07-17T18:50:57.858,36.233103,-115.188668,3800,-71.00000,-201.00000,-1600,ADSB
2022-07-17T18:50:58.905,36.232073,-115.189140,3775,-70.00000,-200.00000,-1536,ADSB
2022-07-17T18:51:00.171,36.231086,-115.189590,3750,-70.00000,-200.00000,-1408,ADSB
2022-07-17T18:51:01.173,36.229928,-115.190041,3700,-71.00000,-200.00000,-1344,ADSB
2022-07-17T18:51:02.095,36.229134,-115.190427,3675,-71.00000,-200.00000,-1344,ADSB
2022-07-17T18:51:03.048,36.228211,-115.190835,3650,-70.00000,-199.00000,-1280,ADSB
2022-07-17T18:51:04.017,36.227374,-115.191200,3625,-69.00000,-199.00000,-1280,ADSB
2022-07-17T18:51:05.217,36.226344,-115.191586,3625,-68.00000,-199.00000,-1088,ADSB
2022-07-17T18:51:06.078,36.225550,-115.191929,3600,-68.00000,-198.00000,-640,ADSB
2022-07-17T18:51:07.172,36.224520,-115.192358,3575,-67.00000,-197.00000,-448,ADSB
2022-07-17T18:51:08.062,36.223705,-115.192745,3575,-66.00000,-197.00000,-384,ADSB
2022-07-17T18:51:23.329,36.210294,-115.198367,3550,-65.00000,-181.00000,-448,ADSB
2022-07-17T18:51:24.530,36.209264,-115.198839,3525,-64.00000,-179.00000,-384,ADSB
2022-07-17T18:51:25.624,36.208384,-115.199203,3525,-64.00000,-178.00000,-448,ADSB
2022-07-17T18:51:26.609,36.207547,-115.199611,3525,-63.00000,-177.00000,-448,ADSB
2022-07-17T18:51:27.484,36.206796,-115.199890,3500,-62.00000,-176.00000,-192,ADSB
2022-07-17T18:51:28.624,36.205895,-115.200298,3500,-61.00000,-174.00000,64,ADSB
2022-07-17T18:51:29.437,36.205251,-115.200577,3500,-61.00000,-173.00000,128,ADSB
2022-07-17T18:51:30.485,36.204479,-115.200920,3500,-60.00000,-172.00000,128,ADSB
2022-07-17T18:51:31.313,36.203771,-115.201242,3500,-60.00000,-171.00000,-128,ADSB
2022-07-17T18:51:32.438,36.202891,-115.201607,3500,-59.00000,-170.00000,-384,ADSB
2022-07-17T18:51:35.202,36.200724,-115.202529,3475,-59.00000,-168.00000,-832,ADSB
2022-07-17T18:51:36.109,36.199994,-115.202808,3475,-59.00000,-168.00000,-896,ADSB
2022-07-17T18:51:36.969,36.199393,-115.203109,3450,-59.00000,-167.00000,-768,ADSB
2022-07-17T18:51:38.078,36.198535,-115.203495,3450,-58.00000,-166.00000,-384,ADSB
2022-07-17T18:51:39.250,36.197805,-115.203774,3450,-57.00000,-165.00000,-128,ADSB
2022-07-17T18:51:40.186,36.196883,-115.204182,3425,-55.00000,-162.00000,-256,ADSB
2022-07-17T18:51:41.406,36.196089,-115.204504,3425,-55.00000,-160.00000,-320,ADSB
2022-07-17T18:51:42.344,36.195424,-115.204804,3425,-54.00000,-159.00000,-512,ADSB
2022-07-17T18:51:43.391,36.194694,-115.205104,3425,-54.00000,-159.00000,-512,ADSB
2022-07-17T18:51:44.266,36.193986,-115.205383,3400,-52.00000,-158.00000,-896,ADSB
2022-07-17T18:51:45.266,36.193213,-115.205727,3400,-52.00000,-157.00000,-1088,ADSB
2022-07-17T18:51:46.115,36.192548,-115.205963,3375,-52.00000,-156.00000,-1088,ADSB
2022-07-17T18:51:47.318,36.191862,-115.206263,3375,-52.00000,-155.00000,-1088,ADSB
2022-07-17T18:51:48.006,36.191218,-115.206521,3350,-51.00000,-155.00000,-960,ADSB
2022-07-17T18:51:49.115,36.190403,-115.206842,3325,-49.00000,-154.00000,-896,ADSB
2022-07-17T18:51:50.061,36.189780,-115.207100,3325,-47.00000,-154.00000,-832,ADSB
2022-07-17T18:51:50.968,36.189051,-115.207336,3300,-43.00000,-154.00000,-704,ADSB
2022-07-17T18:51:51.875,36.188514,-115.207508,3300,-41.00000,-154.00000,-768,ADSB
2022-07-17T18:51:52.937,36.187785,-115.207679,3300,-34.00000,-154.00000,-832,ADSB
2022-07-17T18:51:53.906,36.187012,-115.207829,3275,-30.00000,-154.00000,-1024,ADSB
2022-07-17T18:51:55.076,36.186218,-115.207958,3250,-16.00000,-153.00000,-1088,ADSB
2022-07-17T18:51:56.234,36.185338,-115.208023,3225,-6.00000,-153.00000,-1088,ADSB
2022-07-17T18:51:57.187,36.184738,-115.208023,3200,2.00000,-152.00000,-1024,ADSB
2022-07-17T18:51:58.015,36.184115,-115.207958,3175,13.00000,-150.00000,-960,ADSB
2022-07-17T18:51:59.187,36.183321,-115.207787,3175,24.00000,-147.00000,-768,ADSB
2022-07-17T18:52:00.203,36.182592,-115.207615,3150,34.00000,-144.00000,-640,ADSB
2022-07-17T18:52:01.423,36.181884,-115.207314,3150,39.00000,-142.00000,-704,ADSB
2022-07-17T18:52:02.532,36.181219,-115.206993,3125,51.00000,-136.00000,-768,ADSB
2022-07-17T18:52:03.438,36.180639,-115.206735,3125,55.00000,-133.00000,-832,ADSB
2022-07-17T18:52:04.749,36.179802,-115.206199,3100,63.00000,-130.00000,-960,ADSB
2022-07-17T18:52:05.876,36.179159,-115.205834,3075,66.00000,-129.00000,-832,ADSB
2022-07-17T18:52:06.657,36.178622,-115.205448,3075,68.00000,-128.00000,-768,ADSB
2022-07-17T18:52:07.595,36.178107,-115.205104,3050,74.00000,-125.00000,-384,ADSB
2022-07-17T18:52:08.501,36.177614,-115.204675,3050,78.00000,-123.00000,-448,ADSB
2022-07-17T18:52:09.656,36.177056,-115.204225,3050,84.00000,-118.00000,-576,ADSB
2022-07-17T18:52:10.359,36.176627,-115.203795,3050,89.00000,-114.00000,-832,ADSB
2022-07-17T18:52:11.422,36.176112,-115.203216,3025,96.00000,-107.00000,-448,ADSB
2022-07-17T18:52:12.469,36.175640,-115.202572,3025,106.00000,-97.00000,256,ADSB
2022-07-17T18:52:13.594,36.175189,-115.201886,3025,113.00000,-89.00000,448,ADSB
2022-07-17T18:52:14.766,36.174717,-115.201049,3025,121.00000,-78.00000,192,ADSB
2022-07-17T18:52:15.642,36.174459,-115.200405,3025,126.00000,-69.00000,256,ADSB
2022-07-17T18:52:16.580,36.174181,-115.199654,3025,131.00000,-58.00000,384,ADSB
2022-07-17T18:52:17.533,36.173966,-115.198946,3025,135.00000,-50.00000,448,ADSB
2022-07-17T18:52:18.502,36.173794,-115.198195,3050,139.00000,-39.00000,128,ADSB
2022-07-17T18:52:19.499,36.173623,-115.197423,3050,141.00000,-29.00000,-64,ADSB
2022-07-17T18:52:20.374,36.173537,-115.196629,3050,141.00000,-26.00000,-64,ADSB
2022-07-17T18:52:21.563,36.173515,-115.195749,3050,141.00000,-9.00000,64,ADSB
2022-07-17T18:52:22.500,36.173472,-115.194933,3025,141.00000,-4.00000,128,ADSB
2022-07-17T18:52:23.735,36.173558,-115.193989,3050,139.00000,11.00000,64,ADSB
2022-07-17T18:52:25.202,36.173666,-115.192788,3050,136.00000,21.00000,-384,ADSB
2022-07-17T18:52:26.344,36.173794,-115.192122,3050,135.00000,26.00000,-512,ADSB
2022-07-17T18:52:27.140,36.173923,-115.191350,3025,133.00000,32.00000,-640,ADSB
2022-07-17T18:52:28.219,36.174073,-115.190599,3000,131.00000,35.00000,-640,ADSB
2022-07-17T18:52:29.109,36.174245,-115.189891,3000,130.00000,39.00000,-640,ADSB
2022-07-17T18:52:29.905,36.174438,-115.189312,2975,128.00000,42.00000,-640,ADSB
2022-07-17T18:52:30.953,36.174631,-115.188560,2975,127.00000,44.00000,-704,ADSB
2022-07-17T18:52:31.891,36.174824,-115.187938,2975,127.00000,44.00000,-704,ADSB
2022-07-17T18:52:33.016,36.175039,-115.187101,2950,127.00000,45.00000,-768,ADSB
2022-07-17T18:52:34.047,36.175275,-115.186393,2950,127.00000,46.00000,-640,ADSB
2022-07-17T18:52:35.171,36.175511,-115.185513,2925,126.00000,47.00000,-640,ADSB
2022-07-17T18:52:36.282,36.175790,-115.184720,2925,126.00000,48.00000,-512,ADSB
2022-07-17T18:52:37.297,36.175983,-115.184054,2900,125.00000,49.00000,-640,ADSB
2022-07-17T18:52:38.110,36.176198,-115.183411,2900,125.00000,49.00000,-704,ADSB
2022-07-17T18:52:39.079,36.176434,-115.182660,2900,123.00000,51.00000,-576,ADSB
2022-07-17T18:52:40.046,36.176648,-115.182037,2875,123.00000,51.00000,-512,ADSB
2022-07-17T18:52:41.032,36.176863,-115.181415,2875,121.00000,53.00000,-448,ADSB
2022-07-17T18:52:42.079,36.177185,-115.180600,2875,119.00000,56.00000,-320,ADSB
2022-07-17T18:52:43.126,36.177464,-115.179913,2850,116.00000,59.00000,-192,ADSB
2022-07-17T18:52:44.278,36.177742,-115.179226,2850,114.00000,63.00000,-128,ADSB
2022-07-17T18:52:45.389,36.178064,-115.178497,2850,111.00000,66.00000,-448,ADSB
2022-07-17T18:52:46.328,36.178408,-115.177853,2850,109.00000,69.00000,-448,ADSB
2022-07-17T18:52:47.203,36.178708,-115.177338,2850,106.00000,72.00000,-448,ADSB
2022-07-17T18:52:48.250,36.179073,-115.176780,2825,105.00000,73.00000,-384,ADSB
2022-07-17T18:52:49.188,36.179438,-115.176201,2825,99.00000,79.00000,-192,ADSB
2022-07-17T18:52:50.140,36.179802,-115.175707,2825,94.00000,84.00000,-192,ADSB
2022-07-17T18:52:51.047,36.180124,-115.175278,2825,94.00000,84.00000,-192,ADSB
2022-07-17T18:52:51.922,36.180532,-115.174828,2825,87.00000,90.00000,-128,ADSB
2022-07-17T18:52:53.345,36.181154,-115.174184,2800,75.00000,99.00000,-704,ADSB
2022-07-17T18:52:54.281,36.181433,-115.173948,2800,71.00000,101.00000,-704,ADSB
2022-07-17T18:52:55.296,36.181927,-115.173583,2800,69.00000,103.00000,-704,ADSB
2022-07-17T18:52:56.484,36.182549,-115.173175,2775,57.00000,109.00000,-704,ADSB
2022-07-17T18:52:57.625,36.183279,-115.172768,2750,49.00000,112.00000,-512,ADSB
2022-07-17T18:52:58.578,36.183794,-115.172532,2750,43.00000,114.00000,-384,ADSB
2022-07-17T18:52:59.577,36.184309,-115.172317,2725,36.00000,116.00000,-512,ADSB
2022-07-17T18:53:00.485,36.184802,-115.172188,2750,31.00000,117.00000,-512,ADSB
2022-07-17T18:53:01.422,36.185338,-115.172017,2725,29.00000,117.00000,-512,ADSB
2022-07-17T18:53:02.375,36.185896,-115.171909,2700,22.00000,118.00000,-704,ADSB
2022-07-17T18:53:03.454,36.186454,-115.171802,2675,14.00000,118.00000,-768,ADSB
2022-07-17T18:53:04.390,36.186926,-115.171781,2675,9.00000,118.00000,-896,ADSB
2022-07-17T18:53:05.312,36.187398,-115.171738,2650,2.00000,118.00000,-960,ADSB
2022-07-17T18:53:06.266,36.187892,-115.171781,2650,-5.00000,118.00000,-960,ADSB
2022-07-17T18:53:07.798,36.188836,-115.171909,2625,-19.00000,116.00000,-640,ADSB
2022-07-17T18:53:08.923,36.189437,-115.172124,2625,-31.00000,114.00000,-512,ADSB
2022-07-17T18:53:10.062,36.189973,-115.172424,2600,-42.00000,111.00000,-576,ADSB
2022-07-17T18:53:11.095,36.190467,-115.172703,2600,-46.00000,109.00000,-512,ADSB
2022-07-17T18:53:11.985,36.190917,-115.173004,2575,-61.00000,102.00000,-640,ADSB
2022-07-17T18:53:13.064,36.191390,-115.173454,2575,-64.00000,100.00000,-640,ADSB
2022-07-17T18:53:13.893,36.191754,-115.173819,2575,-72.00000,95.00000,-704,ADSB
2022-07-17T18:53:14.921,36.192162,-115.174248,2550,-79.00000,90.00000,-832,ADSB
2022-07-17T18:53:16.328,36.192741,-115.174999,2525,-85.00000,84.00000,-896,ADSB
2022-07-17T18:53:18.047,36.193342,-115.175750,2525,-88.00000,81.00000,-1024,ADSB
2022-07-17T18:53:19.204,36.193728,-115.176308,2500,-89.00000,81.00000,-896,ADSB
2022-07-17T18:53:20.171,36.194179,-115.176866,2475,-88.00000,82.00000,-1024,ADSB
2022-07-17T18:53:21.141,36.194501,-115.177338,2475,-87.00000,84.00000,-1088,ADSB
2022-07-17T18:53:22.126,36.194909,-115.177810,2450,-86.00000,84.00000,-1088,ADSB
2022-07-17T18:53:23.032,36.195252,-115.178261,2425,-86.00000,85.00000,-1152,ADSB
2022-07-17T18:53:24.048,36.195660,-115.178733,2425,-85.00000,85.00000,-1280,ADSB
2022-07-17T18:53:24.972,36.196046,-115.179205,2375,-84.00000,85.00000,-1152,ADSB
2022-07-17T18:53:25.895,36.196432,-115.179634,2350,-83.00000,86.00000,-960,ADSB
2022-07-17T18:53:26.739,36.196733,-115.180085,2350,-82.00000,85.00000,-960,ADSB
2022-07-17T18:53:27.911,36.197162,-115.180557,2325,-81.00000,84.00000,-832,ADSB
2022-07-17T18:53:28.895,36.197569,-115.181072,2300,-81.00000,83.00000,-704,ADSB
2022-07-17T18:53:30.046,36.197999,-115.181544,2300,-80.00000,82.00000,-576,ADSB
2022-07-17T18:53:31.610,36.198556,-115.182295,2275,-79.00000,79.00000,-384,ADSB
2022-07-17T18:53:32.563,36.198986,-115.182788,2275,-79.00000,78.00000,-448,ADSB
2022-07-17T18:53:34.032,36.199501,-115.183411,2275,-79.00000,78.00000,-512,ADSB
2022-07-17T18:53:34.890,36.199758,-115.183754,2250,-80.00000,78.00000,-512,ADSB
2022-07-17T18:53:36.017,36.200144,-115.184205,2250,-81.00000,77.00000,-576,ADSB
2022-07-17T18:53:36.907,36.200509,-115.184762,2225,-81.00000,77.00000,-512,ADSB
2022-07-17T18:53:38.204,36.200917,-115.185235,2225,-82.00000,77.00000,-640,ADSB
2022-07-17T18:53:39.358,36.201324,-115.185814,2225,-82.00000,77.00000,-512,ADSB
2022-07-17T18:53:40.672,36.201818,-115.186436,2200,-82.00000,77.00000,-448,ADSB
2022-07-17T18:53:41.594,36.202140,-115.186865,2200,-81.00000,78.00000,-320,ADSB
2022-07-17T18:53:42.547,36.202505,-115.187316,2200,-80.00000,78.00000,-384,ADSB
2022-07-17T18:53:43.594,36.202891,-115.187788,2200,-81.00000,78.00000,-256,ADSB
2022-07-17T18:53:44.421,36.203191,-115.188217,2175,-79.00000,78.00000,-768,ADSB
2022-07-17T18:53:45.343,36.203535,-115.188603,2150,-79.00000,78.00000,-768,ADSB
2022-07-17T18:53:46.348,36.203835,-115.189011,2175,-80.00000,77.00000,-640,ADSB
2022-07-17T18:53:47.411,36.204307,-115.189526,2150,-80.00000,77.00000,-640,ADSB
2022-07-17T18:53:48.411,36.204629,-115.189998,2100,-79.00000,77.00000,-576,ADSB
2022-07-17T18:53:49.609,36.205080,-115.190556,2125,-78.00000,76.00000,-448,ADSB
2022-07-17T18:53:50.657,36.205401,-115.190964,2100,-77.00000,74.00000,-128,ADSB
2022-07-17T18:53:51.610,36.205766,-115.191414,2100,-76.00000,74.00000,-64,ADSB
2022-07-17T18:53:52.688,36.206045,-115.191758,2100,-75.00000,73.00000,0,ADSB
2022-07-17T18:53:53.673,36.206410,-115.192273,2100,-73.00000,72.00000,64,ADSB
2022-07-17T18:53:54.484,36.206689,-115.192573,2100,-72.00000,71.00000,64,ADSB
2022-07-17T18:53:55.457,36.207011,-115.192959,2100,-71.00000,70.00000,64,ADSB
2022-07-17T18:53:56.286,36.207311,-115.193410,2100,-70.00000,70.00000,64,ADSB
2022-07-17T18:53:57.505,36.207633,-115.193775,2100,-68.00000,68.00000,64,ADSB
2022-07-17T18:53:58.505,36.207955,-115.194161,2100,-68.00000,66.00000,64,ADSB
2022-07-17T18:53:59.718,36.208320,-115.194633,2100,-66.00000,64.00000,128,ADSB
2022-07-17T18:54:00.782,36.208620,-115.195041,2100,-64.00000,62.00000,128,ADSB
